Iteration	Posterior	Likelihood	Prior	rate01	rate_log_sd	tree_length
0	-2372.884	-2441.591	68.70662	0.5824193	1.41443	3.349085
6	-2367.652	-2437.19	69.53823	0.8506643	1.491673	2.594158
12	-2372.263	-2441.826	69.56363	0.5537495	1.558934	2.77619
18	-2382.546	-2453.665	71.11897	0.586371	1.670674	1.661327
24	-2385.291	-2456.049	70.75861	0.75498	1.717119	1.723017
30	-2374.135	-2444.817	70.68166	0.6692551	1.76362	1.821021
36	-2382.993	-2453.661	70.66819	0.5030585	1.749165	2.006884
42	-2375.58	-2446.615	71.03481	0.6700335	1.814354	1.532217
48	-2374.1	-2445.622	71.52156	0.5309258	1.820215	1.308194
54	-2372.143	-2443.398	71.25548	0.5767256	1.96985	1.345061
60	-2374.074	-2444.699	70.62567	0.791132	1.567083	1.88847
66	-2375.488	-2446.205	70.71699	0.548141	1.59492	2.029108
72	-2367.533	-2438.026	70.49298	0.7145622	1.584856	2.029108
78	-2371.699	-2442.639	70.93931	0.615868	1.599427	1.807535
84	-2372.598	-2444.037	71.43857	0.658746	1.958937	1.099943
90	-2370.187	-2441.569	71.38219	0.6159826	1.54216	1.531931
96	-2371.041	-2441.766	70.72546	0.7257771	1.577227	1.868236
102	-2369.818	-2440.562	70.74436	0.7257771	1.681565	1.783373
108	-2368.73	-2438.927	70.19725	0.6091534	1.671253	2.258928
114	-2380.831	-2451.614	70.78289	0.9891004	1.648636	1.567791
120	-2371.793	-2442.944	71.15036	0.43171	1.667222	1.819688
126	-2371.824	-2442.436	70.61183	0.5482645	1.495426	2.16338
132	-2365.262	-2435.721	70.45918	0.676129	1.611475	2.067105
138	-2367.74	-2437.166	69.42656	0.837059	1.374441	2.744496
144	-2374.538	-2444.446	69.90846	0.6700673	1.379414	2.571778
150	-2372.491	-2441.159	68.66818	1.054429	1.260929	3.133014
156	-2370.972	-2439.077	68.10464	0.7661383	1.362801	3.586939
162	-2373.542	-2443.382	69.83999	0.6968818	1.579888	2.467285
168	-2371.66	-2441.504	69.84473	0.6968818	1.888813	2.26844
174	-2368.424	-2438.628	70.20384	0.6492978	1.671623	2.218118
180	-2366.698	-2437.121	70.42279	0.8595512	1.816506	1.802402
186	-2358.924	-2429.293	70.36896	0.5987959	1.670443	2.158153
192	-2368.21	-2439.288	71.07797	0.618765	1.634651	1.68277
198	-2373.395	-2444.472	71.07797	0.618765	1.634651	1.68277
204	-2371.361	-2442.144	70.78238	0.7585245	1.597383	1.787068
210	-2373.704	-2444.657	70.95271	0.6509121	1.556335	1.794163
216	-2373.32	-2442.854	69.53421	0.7493315	1.378487	2.739952
222	-2368.836	-2438.642	69.8066	0.7444751	1.598158	2.438692
228	-2369.117	-2439.098	69.98088	0.8126662	1.51198	2.330989
234	-2365.253	-2435.34	70.08752	0.8126662	1.50963	2.264339
240	-2375.71	-2445.914	70.20453	0.8450791	1.765704	1.996125
246	-2365.878	-2436.312	70.43396	0.6267488	1.594958	2.138896
252	-2374.187	-2444.43	70.24304	0.7892753	1.359797	2.278383
258	-2365.185	-2434.752	69.56756	0.7892753	1.538555	2.591038
264	-2362.705	-2433.403	70.69822	0.6915201	1.862014	1.720309
270	-2374.26	-2445.403	71.14276	0.6080435	1.917322	1.438183
276	-2373.52	-2444.303	70.78314	0.7929733	1.917322	1.527426
282	-2376.872	-2447.569	70.6976	0.5858853	1.660362	1.960255
288	-2363.263	-2432.637	69.37317	0.5858853	1.558576	2.862706
294	-2364.248	-2434.098	69.84992	0.7599173	1.52524	2.445318
300	-2365.325	-2434.614	69.28899	0.6957667	1.512599	2.849099
306	-2379.714	-2449.499	69.78428	0.9248436	1.5558	2.348857
312	-2367.108	-2436.866	69.75761	0.6194067	1.443681	2.668523
318	-2369.375	-2439.918	70.54335	0.6194067	1.713616	1.995322
324	-2368.274	-2438.189	69.91477	0.6194067	1.546617	2.507319
330	-2373.6	-2443.607	70.00669	0.5825939	1.633562	2.428684
336	-2372.694	-2443.168	70.47331	0.9577675	1.820642	1.69013
342	-2377.673	-2447.775	70.10195	0.8876914	1.820642	1.996269
348	-2367.638	-2438.88	71.24165	0.4647794	1.755814	1.651878
354	-2365.66	-2436.608	70.94737	0.6724694	1.602411	1.745411
360	-2370.1	-2439.096	68.99537	0.5448209	1.28095	3.29133
366	-2368.338	-2437.695	69.35703	1.02325	1.461069	2.612904
372	-2363.024	-2432.822	69.79843	0.6019866	1.518043	2.612904
378	-2372.926	-2443.003	70.07758	0.520735	1.362859	2.612904
384	-2362.192	-2430.892	68.69964	0.9505305	1.354403	3.120414
390	-2371.84	-2441.583	69.74309	0.8222814	1.372186	2.561309
396	-2365.718	-2436.03	70.3122	0.6125783	1.663456	2.186628
402	-2365.305	-2435.189	69.88331	0.7877708	1.595558	2.358557
408	-2368.115	-2437.92	69.80488	0.6868914	1.436682	2.586617
414	-2371.982	-2441.366	69.38343	0.8273779	1.506447	2.696852
420	-2369.736	-2440.042	70.30637	0.5441771	1.506447	2.356534
426	-2370.273	-2441.034	70.76134	0.5601384	1.581248	1.996425
432	-2369.039	-2439.972	70.93332	0.6725881	1.584267	1.767801
438	-2367.717	-2438.581	70.8644	0.6725881	1.653186	1.767801
444	-2372.313	-2443.249	70.93673	0.6506515	1.749244	1.670024
450	-2366.609	-2436.802	70.19369	0.8365987	1.671254	2.072324
456	-2377.351	-2447.624	70.27307	0.8335844	1.671254	2.02209
462	-2377.727	-2447.999	70.27236	0.6754624	1.467101	2.282766
468	-2363.499	-2433.763	70.26342	0.6113703	1.446967	2.357813
474	-2363.499	-2433.867	70.36868	0.7677718	1.642312	2.029381
480	-2376.297	-2446.149	69.85187	0.9323381	1.637741	2.248241
486	-2370.921	-2440.923	70.00206	0.8239007	1.590972	2.258611
492	-2370.422	-2439.689	69.2672	0.8591409	1.676251	2.641701
498	-2372.753	-2441.957	69.20461	0.8606833	1.680283	2.676697
504	-2372.748	-2442.205	69.45698	0.8689069	1.545099	2.598746
510	-2370.523	-2440.764	70.24158	0.8792193	1.482786	2.133201
516	-2371.113	-2441.243	70.12997	1.067043	1.555371	2.032502
522	-2381.412	-2451.153	69.74142	0.9347078	1.604472	2.33854
528	-2368.577	-2438.686	70.10886	0.6670569	1.554474	2.33854
534	-2381.514	-2451.456	69.94265	0.885364	1.487023	2.318909
540	-2376.338	-2446.203	69.86412	0.7255395	1.613538	2.407749
546	-2374.102	-2443.872	69.7699	0.5236085	1.56471	2.675317
552	-2370.934	-2439.904	68.97014	0.5564236	1.431221	3.206846
558	-2375.795	-2444.34	68.54475	0.7500905	1.797416	3.08387
564	-2369.744	-2439.027	69.28231	0.5725547	1.508514	2.959783
570	-2376.208	-2445.158	68.95062	0.5580033	1.466784	3.195904
576	-2375.549	-2445.912	70.36292	0.7458741	1.567489	2.100309
582	-2368.565	-2438.717	70.15193	0.6520078	1.848629	2.134499
588	-2370.763	-2441.05	70.28705	0.5972732	1.536494	2.298748
594	-2370.425	-2440.77	70.34529	0.7756515	1.739631	1.973742
600	-2376.42	-2444.576	68.15602	0.6391308	1.388767	3.637847
606	-2376.956	-2447.131	70.17489	0.6391308	1.830887	2.142689
612	-2368.881	-2439.025	70.14484	0.7807656	1.678166	2.142689
618	-2362.567	-2432.124	69.55659	0.8659273	1.576238	2.519556
624	-2368.851	-2439.061	70.20976	0.5974136	1.643888	2.279357
630	-2374.728	-2444.462	69.73449	0.8948743	1.617496	2.361712
636	-2368.597	-2437.736	69.13877	0.8241852	1.554285	2.819309
642	-2371.06	-2439.988	68.92836	0.8150711	1.458268	3.010634
648	-2372.381	-2440.515	68.13411	0.8095649	1.443342	3.4927
654	-2364.71	-2433.497	68.78791	0.7903831	1.270164	3.22362
660	-2361.788	-2430.76	68.97125	0.6838072	1.351184	3.146125
666	-2364.936	-2433.278	68.34183	0.6838072	1.321157	3.533979
672	-2374.973	-2445.402	70.42908	0.564127	1.899332	2.001823
678	-2366.027	-2436.47	70.44252	0.6315172	1.703895	2.057363
684	-2370.59	-2439.573	68.98222	0.6191127	1.462546	3.126125
690	-2380.91	-2451.254	70.34423	0.5496232	1.488386	2.338586
696	-2375.71	-2445.497	69.78665	0.7373546	1.42116	2.567314
702	-2373.12	-2442.506	69.38615	0.8314309	1.478703	2.70935
708	-2369.506	-2439.479	69.97306	0.8314309	1.513595	2.32112
714	-2366.865	-2435.514	68.64927	0.9570891	1.301469	3.177775
720	-2360.354	-2428.403	68.04899	0.7706317	1.483602	3.545875
726	-2364.65	-2433.776	69.12579	0.6039091	1.611528	2.964149
732	-2360.781	-2429.502	68.72082	0.6380854	1.45207	3.271444
738	-2359.482	-2428.241	68.75918	0.7599798	1.254703	3.271444
744	-2362.516	-2432.494	69.97858	0.5702605	1.535734	2.519166
750	-2366.497	-2437.879	71.38149	0.6050366	1.971533	1.205734
756	-2363.281	-2434.855	71.57379	0.6498273	1.916415	1.023831
762	-2371.829	-2442.844	71.0152	0.530315	1.894101	1.637036
768	-2366.748	-2437.847	71.09889	0.6733193	1.818816	1.477591
774	-2367.879	-2438.894	71.01473	0.7386141	1.749379	1.529375
780	-2361.105	-2431.288	70.18302	0.7388946	1.647011	2.171521
786	-2366.557	-2436.439	69.88139	0.6431289	1.51751	2.525557
792	-2366.24	-2435.935	69.69555	0.7454196	1.450125	2.599594
798	-2367.627	-2436.74	69.11248	1.064099	1.592493	2.6583
804	-2368.394	-2438.713	70.3185	0.8467122	1.60031	2.029103
810	-2366.739	-2436.071	69.33205	0.950062	1.541141	2.624556
816	-2358.917	-2428.717	69.80021	0.6945663	1.450194	2.574876
822	-2361.487	-2431.433	69.9462	0.6945663	1.475837	2.46783
828	-2363.122	-2432.978	69.85583	0.6860521	1.483247	2.526689
834	-2376.67	-2446.764	70.09403	0.6797198	1.554367	2.337256
840	-2368.215	-2437.872	69.65697	0.8964729	1.470116	2.502181
846	-2367.553	-2437.093	69.54069	0.5831122	1.504779	2.796135
852	-2372.104	-2441.509	69.40536	0.6125195	1.34399	2.94945
858	-2374.076	-2443.17	69.09324	0.5440289	1.270157	3.240653
864	-2369.666	-2439.842	70.17567	0.7583874	1.454455	2.284828
870	-2365.028	-2435.096	70.068	0.6541593	1.647026	2.316761
876	-2362.315	-2432.541	70.22559	0.8067343	1.598835	2.12162
882	-2372.657	-2442.952	70.29533	0.8297229	1.837556	1.898487
888	-2367.971	-2436.912	68.94053	0.6353501	1.547725	3.086584
894	-2371.763	-2441.361	69.59817	0.7365365	1.503875	2.633421
900	-2371.142	-2441.189	70.04631	0.7973211	1.676789	2.194778
906	-2374.514	-2444.486	69.97174	0.8171719	1.688767	2.220198
912	-2364.66	-2434.463	69.803	0.6723121	1.618787	2.486443
918	-2374.569	-2444.23	69.66145	0.7479543	1.534716	2.566339
924	-2375.421	-2446.024	70.60295	0.7479543	1.685026	1.859295
930	-2369.227	-2439.702	70.47487	0.7479543	1.657478	1.96467
936	-2379.067	-2449.469	70.40241	0.8080883	1.657478	1.96467
942	-2376.753	-2445.846	69.09336	0.7419872	1.590066	2.88493
948	-2372.511	-2442.181	69.67059	0.607966	1.585828	2.64465
954	-2376.141	-2446.06	69.91865	0.7776829	1.426167	2.450814
960	-2371.809	-2442.144	70.33489	0.4795452	1.463134	2.43237
966	-2368.839	-2438.8	69.96126	0.5125021	1.547236	2.578999
972	-2374.74	-2445.216	70.47614	0.6077064	1.880046	1.940035
978	-2372.413	-2442.795	70.38235	0.8216959	1.706229	1.934722
984	-2366.937	-2435.929	68.99279	0.7843744	1.435215	3.007559
990	-2369.31	-2438.297	68.98728	0.7730527	1.41591	3.030596
996	-2373.464	-2442.619	69.15469	0.6004639	1.476907	3.030596
1002	-2376.078	-2444.349	68.27085	0.7187093	1.36995	3.520474
1008	-2375.652	-2444.157	68.50532	0.5293404	1.404365	3.520474
1014	-2379.944	-2450.516	70.57233	0.8400154	1.529361	1.911655
1020	-2370.573	-2441.403	70.8296	0.7607479	1.779531	1.622818
1026	-2372.141	-2443.442	71.30126	0.6413015	1.739137	1.417176
1032	-2382.767	-2453.805	71.03863	0.9090509	1.739137	1.368233
1038	-2376.007	-2447.487	71.48034	0.6929264	1.941795	1.033812
1044	-2376.114	-2447.359	71.24515	0.9611456	2.05333	0.8314024
1050	-2367.002	-2438.791	71.7889	0.5385641	2.033911	0.8403814
1056	-2374.812	-2446.338	71.52561	0.7204365	2.065784	0.8084805
1062	-2382.517	-2453.806	71.28901	0.5632741	1.558608	1.644586
1068	-2369.638	-2440.136	70.49806	0.6080048	1.581917	2.122981
1074	-2372.417	-2442.251	69.8339	0.6973931	1.539422	2.496018
1080	-2372.744	-2443.183	70.43953	0.5351512	1.507224	2.280166
1086	-2372.821	-2442.554	69.73353	0.6865945	1.46719	2.612143
1092	-2373.352	-2443.79	70.43792	0.7923112	1.628782	1.972578
1098	-2368.383	-2439.129	70.74656	0.5794376	1.771335	1.858395
1104	-2382.98	-2452.894	69.91399	0.6573264	1.465293	2.525638
1110	-2377.082	-2446.971	69.88825	0.5899573	1.394125	2.644808
1116	-2370.303	-2440.283	69.97962	0.5926888	1.394125	2.58584
1122	-2368.84	-2440.202	71.36175	0.5926888	1.594104	1.533553
1128	-2364.316	-2434.149	69.83286	0.6636716	1.513888	2.54054
1134	-2362.213	-2431.865	69.65183	0.6636716	1.361881	2.745933
1140	-2368.486	-2438.076	69.59001	0.6652754	1.421525	2.745933
1146	-2369.111	-2439.261	70.14996	0.6652754	1.578983	2.298246
1152	-2366.09	-2436.567	70.47694	0.7412965	1.62967	1.987442
1158	-2371.388	-2441.62	70.23281	0.9714657	1.614497	1.987442
1164	-2369.482	-2440.119	70.63675	0.6149024	1.576725	2.028533
1170	-2367.945	-2438.806	70.86102	0.5295431	1.58563	1.95866
1176	-2369.077	-2438.238	69.16085	0.5453992	1.163597	3.262403
1182	-2370.723	-2438.59	67.86626	0.7960617	1.306785	3.7366
1188	-2368.149	-2437.264	69.11513	0.8008035	1.420715	2.930979
1194	-2388.613	-2459.261	70.64825	0.7903196	1.773038	1.731211
1200	-2382.562	-2453.219	70.65671	0.975503	1.728081	1.611932
1206	-2369.806	-2440.716	70.90938	0.6821074	1.78106	1.63642
1212	-2366.506	-2436.203	69.69648	0.6955599	1.622061	2.531703
1218	-2370.429	-2440.707	70.27832	0.6219826	1.379277	2.381678
1224	-2365.105	-2435.703	70.59827	0.74998	1.524147	1.969644
1230	-2375.31	-2441.529	66.21869	0.8120301	1.319942	4.654218
1236	-2365.904	-2434.585	68.6814	0.7603128	1.183398	3.358986
1242	-2379.886	-2449.868	69.98174	0.813925	1.603269	2.271189
1248	-2385.679	-2454.737	69.05809	0.702701	1.698956	2.870619
1254	-2382.475	-2451.723	69.24809	0.4998635	1.620134	2.98211
1260	-2372.075	-2442.875	70.79969	0.7110894	1.64724	1.781809
1266	-2371.395	-2442.68	71.28568	0.5374648	1.64724	1.611823
1272	-2366.784	-2438.022	71.23791	0.5657399	1.824432	1.483969
1278	-2364.266	-2434.494	70.22722	0.6020082	1.710709	2.220883
1284	-2362.336	-2432.9	70.56384	0.5531994	1.709325	2.049598
1290	-2370.696	-2440.966	70.26921	0.6544021	1.75458	2.11717
1296	-2365.577	-2436.819	71.24271	0.6601578	1.899676	1.316342
1302	-2361.967	-2432.278	70.31089	0.6729582	1.568449	2.194867
1308	-2366.282	-2436.445	70.16375	0.6729582	1.715596	2.194867
1314	-2367.647	-2437.676	70.02939	0.7523361	1.559081	2.316197
1320	-2366.23	-2436.903	70.67318	0.6418968	1.747428	1.86357
1326	-2380.281	-2450.335	70.0545	0.9505648	1.808125	1.991589
1332	-2381.107	-2452.299	71.19202	0.5890257	1.810178	1.503016
1338	-2377.891	-2448.585	70.69319	0.8362805	1.541386	1.823822
1344	-2374.488	-2445.541	71.05275	0.5826057	1.925675	1.527841
1350	-2372.62	-2443.196	70.57617	0.9677965	1.810403	1.61634
1356	-2374.883	-2445.566	70.68242	1.12485	1.780819	1.446519
1362	-2380.446	-2451.364	70.91767	0.8525043	1.673143	1.557615
1368	-2375.435	-2445.511	70.0768	0.8525043	1.617743	2.171993
1374	-2376.753	-2444.466	67.71235	0.8452348	1.368275	3.757055
1380	-2386.275	-2456.954	70.6798	0.5209298	1.924323	1.861314
1386	-2370.322	-2440.375	70.05232	0.839917	1.638458	2.183692
1392	-2367.356	-2436.342	68.9855	0.6982273	1.356047	3.123488
1398	-2368.782	-2438.165	69.38323	0.8259444	1.40577	2.759625
1404	-2367.251	-2436.808	69.55634	0.8611118	1.308767	2.688563
1410	-2367.295	-2437.187	69.89163	0.8080225	1.577897	2.349281
1416	-2370.144	-2440.412	70.26721	0.8531959	1.595153	2.061617
1422	-2370.574	-2439.961	69.38741	0.6838394	1.544787	2.779224
1428	-2363.287	-2433.11	69.82295	0.9244135	1.585001	2.305921
1434	-2366.604	-2437.088	70.48387	0.7270595	1.618132	2.002454
1440	-2367.788	-2438.455	70.66657	0.8451574	1.682818	1.736969
1446	-2370.287	-2440.512	70.22415	0.6919155	1.681984	2.161173
1452	-2374.972	-2445.864	70.8927	0.9518991	1.687334	1.485655
1458	-2371.101	-2440.988	69.8864	0.87787	1.545124	2.322979
1464	-2377.997	-2448.795	70.79835	0.850825	1.894262	1.483175
1470	-2373.596	-2444.207	70.61176	0.850825	1.690407	1.765533
1476	-2371.643	-2442.555	70.91274	0.9447841	1.722824	1.449155
1482	-2361.897	-2432.911	71.01344	0.8174362	1.856819	1.375935
1488	-2362.959	-2434.086	71.12664	0.7435699	1.887023	1.332666
1494	-2359.927	-2430.933	71.00593	0.8476611	1.913224	1.309373
1500	-2362.375	-2433.754	71.37915	0.7648092	1.903267	1.080165
1506	-2365.958	-2437.237	71.27894	0.7239445	2.025662	1.106585
1512	-2380.529	-2451.63	71.10131	0.6507279	1.742399	1.555621
1518	-2371.833	-2442.73	70.8967	0.8499305	1.707691	1.549745
1524	-2367.746	-2438.423	70.67695	0.8499305	1.729603	1.692816
1530	-2364.883	-2435.792	70.90919	0.8775662	1.801105	1.447123
1536	-2362.835	-2434.234	71.39896	0.6445927	1.597897	1.447123
1542	-2373.843	-2443.736	69.89267	0.9257207	1.568014	2.271303
1548	-2363.456	-2433.183	69.72664	0.6810227	1.600852	2.538058
1554	-2364.725	-2434.444	69.71894	0.8120963	1.529223	2.485832
1560	-2365.778	-2435.897	70.11858	0.8149441	1.550027	2.21664
1566	-2364.365	-2434.884	70.51904	0.8279341	1.76532	1.796045
1572	-2369.219	-2439.624	70.40444	0.9174642	1.780766	1.796045
1578	-2366.726	-2437.651	70.92552	0.7265938	1.649322	1.677922
1584	-2369.448	-2439.347	69.89885	0.8569665	1.661144	2.255662
1590	-2369.746	-2439.779	70.03276	0.7964074	1.597019	2.255662
1596	-2381.066	-2451.095	70.02852	0.7643692	1.781045	2.164369
1602	-2370.465	-2440.416	69.95138	0.7255089	1.644384	2.332935
1608	-2369.677	-2439.072	69.39552	0.8708164	1.474219	2.679078
1614	-2381.271	-2450.103	68.83149	0.8954593	1.322035	3.095985
1620	-2382.193	-2451.985	69.79201	0.7737257	1.36911	2.568505
1626	-2394.472	-2463.419	68.94709	0.8942785	1.366863	3.000801
1632	-2374.26	-2444.453	70.19318	0.7107263	1.582055	2.2301
1638	-2370.101	-2437.831	67.73053	0.6592231	1.378486	3.873285
1644	-2370.693	-2440.008	69.31528	0.6754277	1.483265	2.867227
1650	-2374.698	-2444.498	69.80006	0.9525814	1.663363	2.251472
1656	-2364.922	-2434.946	70.02431	0.8984608	1.496462	2.251472
1662	-2363.716	-2434.576	70.86037	0.5736797	1.712635	1.82648
1668	-2367.579	-2438.311	70.73212	0.9413782	1.904961	1.450708
1674	-2361.508	-2432.862	71.35463	0.7657234	2.060675	0.9478084
1680	-2362.648	-2433.63	70.98166	0.7657234	1.92469	1.395828
1686	-2370.358	-2441.885	71.52621	0.6270729	2.027648	0.9920697
1692	-2366.3	-2437.486	71.1859	0.6846403	1.941093	1.302257
1698	-2362.349	-2433.482	71.13354	0.7587591	1.870422	1.32539
1704	-2367.999	-2439.093	71.09337	0.6501257	1.641102	1.635777
1710	-2367.593	-2437.378	69.7853	0.8912475	1.602084	2.341742
1716	-2366.829	-2437.269	70.43938	0.7411346	1.545345	2.068468
1722	-2361.976	-2432.278	70.30213	0.6386629	1.527455	2.257127
1728	-2363.406	-2433.391	69.98587	0.6613654	1.557042	2.419639
1734	-2365.67	-2436.328	70.65762	0.6779972	1.572803	1.959162
1740	-2364.703	-2434.907	70.20437	0.6496259	1.3931	2.395323
1746	-2365.649	-2436.004	70.35511	0.6301155	1.411675	2.304987
1752	-2371.033	-2442.183	71.14927	0.6420752	1.598195	1.634413
1758	-2374.46	-2444.948	70.48824	0.5612421	1.608396	2.15731
1764	-2377.729	-2448.323	70.59372	0.7673026	1.676022	1.855508
1770	-2367.55	-2438.096	70.54568	0.7581346	1.765486	1.834783
1776	-2371.244	-2442.098	70.85333	0.604081	1.681986	1.821584
1782	-2378.322	-2448.865	70.54387	0.655386	1.650625	2.003574
1788	-2370.715	-2441.017	70.30259	0.6921466	1.522952	2.213215
1794	-2362.7	-2434.038	71.33793	0.7249871	1.90627	1.159463
1800	-2368.167	-2438.44	70.27357	0.6731347	1.75998	2.094159
1806	-2370.832	-2440.606	69.77455	0.8066269	1.399218	2.536271
1812	-2370.695	-2440.566	69.87106	0.7181944	1.410901	2.536271
1818	-2367.876	-2438.272	70.39631	0.6448393	1.535721	2.1855
1824	-2363.005	-2433.665	70.65926	0.6210492	1.552492	2.023863
1830	-2358.17	-2428.914	70.74388	0.5633731	1.584251	2.002774
1836	-2363.884	-2433.983	70.09902	0.9185207	1.431145	2.231561
1842	-2361.518	-2432.274	70.75542	0.9916674	1.714248	1.537754
1848	-2367.781	-2438.481	70.70005	0.9916674	1.658512	1.619075
1854	-2371.114	-2442.569	71.45488	0.5567844	1.706412	1.418897
1860	-2377.858	-2448.756	70.89849	0.872074	1.854631	1.418897
1866	-2374.59	-2445.819	71.22911	0.8320935	1.961571	1.091453
1872	-2371.458	-2441.259	69.80039	0.8120588	1.683096	2.337405
1878	-2384.982	-2454.228	69.24609	0.8839502	1.476651	2.760268
1884	-2380.44	-2451.73	71.2898	0.7242198	1.816042	1.277664
1890	-2374.75	-2446.058	71.30842	0.8327224	1.950007	1.026583
1896	-2372.146	-2443.349	71.20303	0.735287	1.858144	1.302729
1902	-2370.678	-2442.198	71.52059	0.5626193	2.025395	1.090455
1908	-2372.05	-2443.256	71.20568	0.617685	2.150342	1.187576
1914	-2371.359	-2443.02	71.66116	0.5025584	1.968798	1.100651
1920	-2364.409	-2434.901	70.49246	0.7218202	1.507514	2.074458
1926	-2372.974	-2442.236	69.26256	1.17842	1.521216	2.544565
1932	-2366.919	-2435.638	68.71911	1.010579	1.492642	2.989689
1938	-2366.441	-2436.015	69.57432	0.6249343	1.426582	2.786415
1944	-2362.913	-2432.942	70.02855	0.7513885	1.549271	2.323733
1950	-2368.101	-2438.172	70.07082	0.7944028	1.521187	2.281413
1956	-2360.964	-2430.349	69.38513	0.77799	1.381314	2.807811
1962	-2364.871	-2433.992	69.12146	0.7854017	1.636079	2.807811
1968	-2367.148	-2434.843	67.69487	0.7494258	1.397318	3.815743
1974	-2374.084	-2443.241	69.15726	0.7487346	1.42378	2.941667
1980	-2372.925	-2442.467	69.54216	1.048675	1.612613	2.386968
1986	-2359.125	-2429.565	70.43966	0.681195	1.677253	2.032054
1992	-2361.118	-2430.791	69.67242	0.7643354	1.445507	2.60235
1998	-2364.436	-2433.537	69.10115	0.6520594	1.345642	3.097535
2004	-2365.659	-2436.989	71.33067	0.7059581	2.004069	1.100103
2010	-2367.732	-2437.129	69.39624	0.8448506	1.576616	2.633493
2016	-2370.226	-2439.612	69.38661	1.109561	1.455389	2.547057
2022	-2366.264	-2435.708	69.44398	0.9951898	1.422014	2.600514
2028	-2367.877	-2437.594	69.71773	0.8025231	1.695838	2.388837
2034	-2365.039	-2433.698	68.65903	0.8025231	1.305186	3.270596
2040	-2383.039	-2454.328	71.289	0.6063354	1.895298	1.343109
2046	-2375.346	-2446.416	71.06999	0.794988	1.697067	1.475716
2052	-2367.817	-2438.806	70.98824	0.7083653	1.561584	1.712186
2058	-2369.797	-2440.308	70.51156	0.7322436	1.476814	2.073407
2064	-2371.888	-2442.059	70.17024	0.9337555	1.586582	2.073407
2070	-2365.144	-2435.86	70.71689	0.7812893	1.577752	1.826809
2076	-2372.696	-2443.231	70.53478	0.7136643	1.599164	1.992538
2082	-2363.292	-2434.671	71.37864	0.7311331	1.959026	1.067543
2088	-2365.603	-2436.209	70.60557	0.6301556	1.60165	2.01834
2094	-2372.18	-2442.689	70.50922	0.8332363	1.613605	1.902578
2100	-2375.366	-2446.332	70.9654	0.6817588	1.773677	1.601569
2106	-2373.716	-2444.378	70.66268	0.7695273	1.852634	1.682398
2112	-2362.078	-2432.767	70.68894	0.7183741	1.73313	1.792589
2118	-2371.537	-2440.754	69.21694	0.8612381	1.703262	2.654585
2124	-2377.918	-2445.712	67.79348	0.759613	1.521625	3.679882
2130	-2367.559	-2434.85	67.29111	0.9256516	1.035898	4.138121
2136	-2359.334	-2426.508	67.17432	0.80019	1.325126	4.119772
2142	-2365.944	-2435.92	69.97631	0.6654856	1.451425	2.488465
2148	-2367.287	-2438.229	70.9419	0.777941	1.635681	1.630518
2154	-2377.279	-2447.928	70.64933	0.5066727	1.75893	2.008985
2160	-2364.812	-2435.931	71.11823	0.6786077	1.851962	1.432228
2166	-2370.176	-2441.065	70.88885	0.8561096	1.751314	1.518046
2172	-2369.8	-2439.941	70.14124	0.6590204	1.641438	2.26927
2178	-2369.559	-2439.584	70.02495	0.7379683	1.669044	2.260111
2184	-2366.559	-2436.691	70.13156	0.5818365	1.592189	2.376678
2190	-2360.459	-2430.962	70.50286	0.7094291	1.683961	1.960796
2196	-2361.191	-2431.427	70.23605	0.7672243	1.950183	1.912412
2202	-2358.209	-2429.075	70.86615	0.5988765	1.543727	1.912412
2208	-2360.23	-2430.219	69.98837	0.5977765	1.401106	2.571468
2214	-2367.944	-2436.544	68.60015	0.9402875	1.331556	3.199426
2220	-2364.878	-2433.285	68.40693	0.8281869	1.315847	3.395053
2226	-2365.247	-2435.793	70.54584	0.8281869	1.787456	1.761804
2232	-2376.621	-2447.602	70.98119	0.6439928	1.65515	1.71177
2238	-2370.472	-2441.416	70.94488	0.863859	1.70737	1.50253
2244	-2363.254	-2433.153	69.89866	0.7764651	1.517492	2.406829
2250	-2359.43	-2430.014	70.58391	0.7650419	1.650781	1.881315
2256	-2360.25	-2429.885	69.63535	0.7650419	1.567598	2.549065
2262	-2364.314	-2434.038	69.72409	0.7861049	1.558269	2.483645
2268	-2376.862	-2447.677	70.8143	0.7118106	1.704686	1.730796
2274	-2369.046	-2440.274	71.22769	0.7329089	1.923783	1.230585
2280	-2374.853	-2445.875	71.02213	0.6460912	1.975999	1.444566
2286	-2375.852	-2446.186	70.33469	0.9595133	1.897288	1.732635
2292	-2371.951	-2443.052	71.10162	0.6526211	1.744354	1.552042
2298	-2369.075	-2440.395	71.32046	0.6461702	1.744354	1.392995
2304	-2372.204	-2443.161	70.95661	0.8703505	1.831798	1.392995
2310	-2373.953	-2444.695	70.74267	0.6456321	1.624638	1.89636
2316	-2379.253	-2448.303	69.04988	1.111534	1.338816	2.824497
2322	-2364.075	-2434.825	70.74983	0.8584801	1.656791	1.68594
2328	-2374.746	-2445.32	70.57362	0.6596172	1.793923	1.883184
2334	-2367.93	-2438.161	70.23142	0.7896612	1.65181	2.096313
2340	-2363.645	-2434.19	70.54521	0.6615255	1.659362	1.991283
2346	-2368.052	-2439.104	71.05205	0.4371525	1.58788	1.934029
2352	-2372.755	-2443.376	70.62088	1.010013	1.609341	1.69782
2358	-2365.345	-2436.213	70.86793	0.9269462	1.85063	1.399648
2364	-2373.562	-2444.626	71.06374	0.6183156	1.901175	1.499183
2370	-2373.562	-2444.272	70.70931	0.8565887	1.630457	1.734676
2376	-2370.079	-2440.672	70.59322	0.8683977	1.637066	1.801806
2382	-2364.659	-2435.277	70.61835	0.5890595	1.705417	1.980026
2388	-2367.359	-2437.825	70.46605	0.5347608	1.535995	2.245072
2394	-2366.764	-2437.189	70.42526	0.6882795	1.439402	2.191197
2400	-2368.606	-2438.036	69.42979	0.7933685	1.470721	2.714719
2406	-2366.668	-2436.043	69.37494	0.927908	1.374927	2.714719
2412	-2365.364	-2435.495	70.13083	0.5139089	1.395416	2.566564
2418	-2371.968	-2442.185	70.21671	0.4825326	1.361555	2.566564
2424	-2374.681	-2444.028	69.34777	0.4176675	1.237706	3.236675
2430	-2386.221	-2456.072	69.851	0.9427978	1.462328	2.353841
2436	-2382.5	-2452.525	70.02506	0.8659806	1.525715	2.255109
2442	-2372.428	-2443.047	70.61913	0.5480759	1.479325	2.169292
2448	-2366.457	-2436.848	70.39147	0.8097303	1.608377	2.003522
2454	-2362.727	-2434.285	71.55781	0.5470314	1.845721	1.236504
2460	-2367.145	-2438.494	71.34868	0.5487455	1.795219	1.441793
2466	-2366.114	-2437.365	71.2508	0.6906356	2.017573	1.177093
2472	-2365.186	-2436.451	71.26484	0.7215643	1.641406	1.438402
2478	-2368.34	-2439.634	71.29416	0.5091072	1.8324	1.502639
2484	-2380.751	-2451.487	70.73645	0.9656881	1.84975	1.470242
2490	-2370.549	-2441.633	71.08409	0.6978692	1.810899	1.470242
2496	-2375.239	-2445.88	70.6413	1.010781	1.835761	1.518067
2502	-2369.4	-2439.518	70.11819	0.8743733	1.655369	2.104502
2508	-2377.71	-2447.556	69.84611	0.7823165	1.644902	2.35499
2514	-2381.759	-2451.336	69.57636	0.7262733	1.54911	2.626946
2520	-2371.227	-2440.857	69.63017	0.6541156	1.590201	2.626946
2526	-2369.987	-2440.493	70.50625	0.6965388	1.51074	2.084708
2532	-2368.32	-2437.762	69.44172	0.8163055	1.515342	2.66343
2538	-2371.283	-2440.426	69.1423	1.011074	1.555995	2.694122
2544	-2371.917	-2439.421	67.50425	0.8309499	1.168278	4.000663
2550	-2375.326	-2444.646	69.31923	0.6854337	1.487622	2.854141
2556	-2368.601	-2438.292	69.69117	0.6410039	1.592145	2.599187
2562	-2381.332	-2450.351	69.01902	0.5519787	1.316803	3.249666
2568	-2375.784	-2446.288	70.50394	0.878562	1.500083	1.948436
2574	-2368.761	-2438.423	69.66144	0.718278	1.604746	2.546025
2580	-2372.803	-2442.102	69.2984	0.6247304	1.458231	2.934603
2586	-2373.845	-2442.714	68.86878	0.75983	1.354087	3.147779
2592	-2369.801	-2438.436	68.63538	0.820723	1.344867	3.248577
2598	-2375.449	-2444.486	69.03724	1.081396	1.407711	2.807389
2604	-2374.56	-2445.627	71.06732	0.7643677	1.772895	1.448107
2610	-2375.699	-2445.859	70.15986	0.6821274	1.531573	2.307802
2616	-2372.118	-2442.895	70.77663	0.4616431	1.504292	2.143038
2622	-2374.87	-2444.826	69.95622	0.4559577	1.480663	2.682264
2628	-2371.767	-2441.397	69.62979	0.5377552	1.25589	2.93486
2634	-2370.733	-2439.848	69.11567	0.7659576	1.359601	2.992546
2640	-2367.082	-2436.606	69.52374	0.8182008	1.352476	2.711739
2646	-2366.51	-2436.814	70.30407	0.6531131	1.43994	2.299176
2652	-2363.535	-2433.51	69.97488	0.6340071	1.473093	2.502845
2658	-2370.938	-2440.963	70.02443	0.7672566	1.433492	2.387485
2664	-2368.879	-2438.022	69.14256	0.7598263	1.526768	2.880117
2670	-2366.751	-2436.123	69.37189	0.7257585	1.484452	2.792368
2676	-2365.634	-2435.159	69.52515	0.7257585	1.447688	2.721213
2682	-2365.071	-2434.985	69.91402	0.821038	1.410647	2.431289
2688	-2368.897	-2438.39	69.49249	0.6290844	1.377001	2.8627
2694	-2372.418	-2441.797	69.37965	0.7818424	1.291735	2.8627
2700	-2368.952	-2438.459	69.50755	0.6100795	1.544316	2.768238
2706	-2373.247	-2442.394	69.14709	0.6204013	1.5233	2.99017
2712	-2372.315	-2442.194	69.87867	0.4871217	1.497555	2.686553
2718	-2369.855	-2438.974	69.11909	0.988773	1.63718	2.6722
2724	-2371.528	-2440.853	69.32513	0.8771758	1.420706	2.750707
2730	-2371.552	-2440.366	68.81378	0.7043449	1.587305	3.083264
2736	-2370.34	-2439.759	69.41928	0.5298382	1.458877	2.946926
2742	-2364.1	-2433.628	69.52777	0.5470577	1.323353	2.946926
2748	-2362.461	-2431.257	68.79598	0.7313865	1.471746	3.142121
2754	-2357.183	-2425.982	68.79829	0.7313865	1.469437	3.142121
2760	-2359.342	-2429.729	70.38688	0.629081	1.557554	2.191686
2766	-2363.801	-2434.08	70.27986	0.6761973	1.736469	2.102776
2772	-2365.644	-2436.345	70.70092	0.7430914	1.776977	1.731852
2778	-2368.447	-2439.673	71.22617	0.5378219	1.776977	1.560131
2784	-2361.574	-2432.716	71.14222	0.5740477	1.650836	1.671993
2790	-2363.888	-2434.646	70.75884	0.6631459	1.633707	1.862865
2796	-2363.483	-2432.892	69.4088	0.7375805	1.368003	2.831682
2802	-2358.667	-2428.289	69.62206	0.6770733	1.480183	2.680636
2808	-2372.131	-2441.288	69.15765	0.8473108	1.358702	2.910334
2814	-2375.028	-2445.291	70.26287	0.6453715	1.502105	2.292577
2820	-2377.45	-2448.142	70.69223	0.7631451	1.755404	1.73573
2826	-2380.814	-2450.332	69.51749	0.571044	1.469062	2.842909
2832	-2372.951	-2443.394	70.4427	0.7227846	1.500243	2.111119
2838	-2371.647	-2441.338	69.6911	0.7484878	1.418558	2.61952
2844	-2377.986	-2446.404	68.41856	0.8352982	1.198422	3.452221
2850	-2363.519	-2432.159	68.64024	0.6512011	1.321597	3.384968
2856	-2375.071	-2445.584	70.51287	0.6224061	1.398992	2.218838
2862	-2364.967	-2435.656	70.68882	0.6713313	1.646572	1.894294
2868	-2364.138	-2434.854	70.71601	0.6713313	1.609848	1.900769
2874	-2360.42	-2430.619	70.19894	0.6659722	1.542245	2.289816
2880	-2359.729	-2429.255	69.52596	0.7263059	1.5852	2.635754
2886	-2371.989	-2442.884	70.89462	0.657735	1.511502	1.858608
2892	-2373.962	-2444.001	70.03973	0.6983432	1.58406	2.337321
2898	-2368.343	-2438.687	70.34326	0.7510149	1.536723	2.129159
2904	-2368.277	-2438.622	70.34528	0.5732055	1.519179	2.295363
2910	-2369.413	-2439.368	69.95506	0.9747032	1.622328	2.163095
2916	-2375.42	-2445.307	69.88723	0.9373728	1.621538	2.232497
2922	-2375.581	-2445.902	70.32092	0.5790838	1.569834	2.272901
2928	-2371.89	-2442.675	70.78534	0.5366436	1.458219	2.086119
2934	-2367.187	-2437.873	70.68534	0.7954114	1.540655	1.862339
2940	-2368.215	-2437.322	69.10741	0.983492	1.272594	2.904718
2946	-2360.255	-2430.943	70.68818	0.6035865	1.424095	2.106011
2952	-2364.789	-2435.034	70.24518	0.638272	1.552205	2.27813
2958	-2368.33	-2437.709	69.37896	0.7572357	1.405376	2.812282
2964	-2377.751	-2448.749	70.99834	0.5788327	1.782	1.675958
2970	-2371.373	-2442.205	70.83218	0.7119623	1.764088	1.675958
2976	-2371.503	-2442.165	70.66253	0.7589143	1.803146	1.726686
2982	-2373.342	-2442.168	68.8262	1.023185	1.560066	2.876993
2988	-2369.46	-2440.39	70.93005	0.6070625	1.650069	1.787623
2994	-2371.341	-2441.419	70.07753	0.7489173	1.646553	2.231993
3000	-2364.843	-2434.79	69.94628	0.8248607	1.605807	2.284151
3006	-2375.908	-2446.409	70.50159	0.468956	1.548159	2.284151
3012	-2374.29	-2445.995	71.70488	0.5660842	2.102829	0.8055481
3018	-2372.594	-2443.211	70.6176	0.9576987	2.102829	1.373044
3024	-2370.427	-2439.569	69.1422	0.6897271	1.323275	3.056203
3030	-2369.782	-2440.197	70.41484	0.7493613	1.571842	2.060428
3036	-2374.18	-2444.469	70.28946	0.6420444	1.668822	2.17097
3042	-2367.879	-2438.532	70.65256	0.594337	1.622587	2.007302
3048	-2366.34	-2435.203	68.86247	0.9276768	1.403753	3.007948
3054	-2372.205	-2440.87	68.66474	0.854181	1.430846	3.157613
3060	-2366.288	-2435.433	69.14464	0.6546572	1.197657	3.157613
3066	-2364.314	-2432.899	68.58552	0.7352633	1.297629	3.366457
3072	-2365.075	-2434.015	68.93994	0.9674663	1.281543	3.009933
3078	-2364.713	-2434.124	69.41091	0.4927812	1.325302	3.068237
3084	-2363.826	-2433.073	69.24696	0.5083548	1.508805	3.04116
3090	-2373.287	-2443.508	70.22165	0.4416418	1.580829	2.471255
3096	-2377.643	-2446.606	68.96313	0.4014985	1.36454	3.40648
3102	-2376.489	-2446.25	69.76095	0.6208958	1.769548	2.462736
3108	-2370.238	-2438.905	68.66703	0.9828553	1.555174	3.000097
3114	-2367.715	-2436.235	68.51993	0.8727162	1.723071	3.057452
3120	-2364.881	-2433.541	68.66021	0.5656978	1.485241	3.349485
3126	-2366.725	-2434.834	68.10813	0.6678135	1.369726	3.653902
3132	-2371.741	-2440.082	68.34038	0.730792	1.261928	3.53397
3138	-2361.822	-2430.005	68.18269	0.6057183	1.330475	3.683567
3144	-2367.16	-2436.117	68.9572	0.7707884	1.284679	3.12852
3150	-2367.682	-2437.809	70.12628	0.6375574	1.484496	2.397458
3156	-2364.206	-2435.025	70.81831	0.6133217	1.577757	1.907641
3162	-2368.588	-2439.728	71.13995	0.6718613	1.701261	1.536292
3168	-2371.769	-2442.703	70.93323	0.6647766	1.932768	1.524965
3174	-2370.43	-2440.642	70.21265	0.8629737	1.523244	2.137427
3180	-2369.679	-2440.555	70.87599	0.6726988	1.690634	1.733378
3186	-2361.459	-2430.937	69.47799	0.7757345	1.487853	2.687589
3192	-2371.364	-2442.391	71.02687	0.5518705	1.671886	1.762319
3198	-2373.938	-2444.188	70.24994	0.9338383	1.689508	1.951846
3204	-2376.939	-2447.792	70.85314	0.9449626	1.804705	1.431948
3210	-2373.693	-2445.077	71.38433	0.7227878	1.863059	1.159113
3216	-2369.483	-2440.95	71.46681	0.7811333	1.859254	1.019627
3222	-2368.358	-2438.338	69.98067	0.9669989	1.652196	2.132068
3228	-2370.981	-2441.6	70.61807	0.9330638	1.638045	1.735048
3234	-2365.205	-2436.394	71.18869	0.7533872	1.747969	1.383969
3240	-2370.768	-2441.424	70.65624	0.5635181	1.689178	1.991099
3246	-2378.506	-2447.875	69.36884	0.8056142	1.782011	2.551271
3252	-2373.113	-2443.932	70.81871	0.5835649	1.68925	1.860991
3258	-2382.15	-2453.268	71.11766	0.789901	1.68925	1.450033
3264	-2371.797	-2443.359	71.5614	0.6267601	1.861779	1.11688
3270	-2373.843	-2445.305	71.46207	0.6642356	1.909396	1.11688
3276	-2371.949	-2443.079	71.12997	0.8534816	1.96059	1.159688
3282	-2367.88	-2438.554	70.67337	0.7816182	1.743862	1.741365
3288	-2366.263	-2436.34	70.07686	0.6834519	1.576776	2.330774
3294	-2366.738	-2437.352	70.61414	0.6793639	1.782895	1.844903
3300	-2375.652	-2446.403	70.75137	0.8726931	1.57064	1.73454
3306	-2369.808	-2439.433	69.62578	0.7194797	1.604145	2.567611
3312	-2371.664	-2441.762	70.09812	0.5280985	1.40364	2.567611
3318	-2372.618	-2442.616	69.99782	0.6178039	1.40364	2.546092
3324	-2368.462	-2437.886	69.42401	0.7981758	1.418855	2.746516
3330	-2369.163	-2438.803	69.6398	0.7409892	1.473229	2.623198
3336	-2373.736	-2443.477	69.74095	0.8637528	1.515169	2.443871
3342	-2374.873	-2444.567	69.6936	0.7162538	1.548855	2.562388
3348	-2369.846	-2439.649	69.80365	0.6202034	1.637934	2.518969
3354	-2370.347	-2440.33	69.98268	0.6526294	1.560435	2.42701
3360	-2366.065	-2435.303	69.23825	0.660575	1.491684	2.920779
3366	-2364.96	-2435.58	70.62004	0.6710514	1.75002	1.870946
3372	-2364.757	-2434.861	70.10401	0.7085838	1.687916	2.221112
3378	-2362.76	-2433.3	70.53977	0.6097291	1.6465	2.051458
3384	-2358.834	-2428.924	70.09008	0.6619152	1.619707	2.313376
3390	-2372.053	-2441.462	69.40945	0.8899113	1.432169	2.683457
3396	-2368.293	-2438.281	69.98771	0.8828477	1.563654	2.242745
3402	-2361.145	-2430.586	69.44099	0.5830797	1.516035	2.849906
3408	-2369.601	-2439.312	69.71077	0.6267667	1.680256	2.544689
3414	-2370.206	-2440.26	70.05394	0.7971226	1.577637	2.253964
3420	-2368.327	-2437.926	69.59856	0.5678185	1.549221	2.747693
3426	-2362.069	-2432.275	70.20645	0.6799397	1.528584	2.281786
3432	-2361.705	-2432.302	70.59681	0.6931704	1.509036	2.028924
3438	-2374.755	-2446.253	71.49758	0.5407355	1.733636	1.383868
3444	-2373.845	-2443.755	69.90996	0.8895763	1.614426	2.255359
3450	-2368.71	-2438.709	69.99948	0.8630525	1.626288	2.208891
3456	-2374.397	-2444.908	70.51119	0.7527328	1.535674	2.017798
3462	-2368.987	-2438.116	69.12962	0.5955041	1.406246	3.092124
3468	-2364.057	-2433.813	69.75617	0.6327147	1.456921	2.649699
3474	-2373.009	-2442.784	69.77564	0.7230169	1.484123	2.546265
3480	-2380.97	-2449.947	68.97743	0.6763704	1.22844	3.22113
3486	-2362.861	-2432.67	69.80934	0.644041	1.368857	2.661489
3492	-2368.397	-2437.619	69.22179	0.6340431	1.364047	3.029345
3498	-2373.397	-2442.355	68.95824	0.8771108	1.465587	2.946054
3504	-2373.008	-2442.905	69.89739	0.5581226	1.48495	2.612578
3510	-2373.678	-2443.436	69.7574	0.7442938	1.518605	2.51948
3516	-2366.35	-2436.829	70.47911	0.7442938	1.518605	2.057297
3522	-2365.761	-2435.272	69.51077	0.7442938	1.579052	2.634982
3528	-2369.944	-2439.285	69.34147	0.772515	1.579052	2.71778
3534	-2371.905	-2442.524	70.6192	0.772515	1.618814	1.872859
3540	-2372.926	-2443.254	70.32777	0.772515	1.62497	2.06412
3546	-2368.114	-2438.416	70.30185	0.6048329	1.723843	2.161374
3552	-2368.633	-2437.571	68.93747	0.7951673	1.431467	3.035241
3558	-2372.79	-2441.677	68.88659	0.8830306	1.382172	3.035241
3564	-2373.726	-2442.999	69.27241	0.6022946	1.348768	3.035241
3570	-2376.634	-2447.055	70.42179	0.6022946	1.534455	2.208783
3576	-2372.952	-2442.344	69.39243	0.6457379	1.522281	2.821197
3582	-2376.287	-2445.182	68.89557	0.644917	1.525282	3.118845
3588	-2375.283	-2444.704	69.42178	0.7413271	1.56632	2.699854
3594	-2371.608	-2440.545	68.93664	1.109715	1.426096	2.841275
3600	-2378.66	-2448.924	70.26464	0.7271534	1.437103	2.263876
3606	-2361.718	-2432.306	70.58874	0.8018404	1.677736	1.829368
3612	-2364.136	-2433.861	69.72467	0.685726	1.59058	2.541799
3618	-2367.814	-2438.236	70.4216	0.685726	1.794258	1.962054
3624	-2366.176	-2437.431	71.25544	0.5094442	1.667406	1.651435
3630	-2365.679	-2435.905	70.22594	0.7867295	1.809579	1.997868
3636	-2374.431	-2444.902	70.47025	0.8133519	1.710218	1.879017
3642	-2372.361	-2443.024	70.66235	0.7250072	1.56361	1.921018
3648	-2369.063	-2439.816	70.7531	0.6189667	1.615147	1.921018
3654	-2373.364	-2444.632	71.26864	0.4713567	1.725776	1.645894
3660	-2369.36	-2439.629	70.26887	0.5830197	1.640728	2.257053
3666	-2367.344	-2438.285	70.94123	0.5519785	1.607842	1.865539
3672	-2377.331	-2446.35	69.01904	0.6879352	1.287941	3.152072
3678	-2378.103	-2448.711	70.60832	0.6643308	1.461035	2.078406
3684	-2368.982	-2439.474	70.49202	0.6724617	1.566387	2.078406
3690	-2374.067	-2444.222	70.15551	0.9604272	1.606482	2.05166
3696	-2372.892	-2442.967	70.07523	0.8351054	1.533843	2.240021
3702	-2366.431	-2436.586	70.15549	0.7463579	1.555592	2.242404
3708	-2370.178	-2440.42	70.24218	0.7538925	1.676045	2.101796
3714	-2369.477	-2439.69	70.21353	0.7538925	1.589357	2.177053
3720	-2375.7	-2445.471	69.7711	0.8979267	1.708513	2.278252
3726	-2366.25	-2435.46	69.2097	0.873496	1.482744	2.785766
3732	-2369.881	-2439.716	69.83545	0.805268	1.615119	2.363366
3738	-2361.194	-2431.088	69.89382	0.7697411	1.599166	2.363366
3744	-2365.012	-2435.767	70.75557	0.8589817	1.548729	1.757646
3750	-2372.47	-2443.733	71.26346	0.6588377	1.568051	1.556454
3756	-2365.305	-2435.523	70.21735	0.7473329	1.609532	2.166737
3762	-2372.932	-2443.807	70.87483	0.7318924	1.614254	1.733846
3768	-2372.276	-2442.92	70.64406	0.9256168	1.699206	1.678981
3774	-2362.654	-2433.775	71.12115	0.6643447	1.699206	1.559169
3780	-2364.777	-2434.646	69.86907	0.5673147	1.588341	2.557371
3786	-2369.457	-2436.749	67.29184	0.853124	1.28987	4.038132
3792	-2374.059	-2444.796	70.7377	0.741388	1.564619	1.855067
3798	-2369.427	-2440.268	70.84115	0.6116856	1.634471	1.855067
3804	-2377.93	-2447.232	69.30176	0.9460229	1.452475	2.700376
3810	-2374.302	-2445.218	70.9159	0.7468439	1.887656	1.492224
3816	-2376.61	-2447.452	70.84202	0.96923	2.091586	1.188251
3822	-2381.056	-2451.107	70.05063	0.9565338	1.633766	2.105396
3828	-2379.049	-2448.108	69.05936	1.102796	1.632	2.644233
3834	-2388.028	-2458.845	70.81722	0.814074	2.030463	1.396649
3840	-2368.34	-2438.884	70.54366	1.006493	1.832818	1.595303
3846	-2372.251	-2443.019	70.76797	1.109018	1.846677	1.33976
3852	-2369.338	-2439.747	70.40894	1.15327	1.880841	1.557239
3858	-2364.843	-2436.076	71.23319	0.6520883	1.606461	1.557239
3864	-2369.866	-2440.732	70.86586	0.8721624	1.853368	1.444858
3870	-2371.74	-2442.461	70.72047	0.8909642	1.896624	1.506478
3876	-2365.698	-2436.645	70.94706	0.8956824	1.812416	1.393883
3882	-2369.375	-2440.517	71.14291	0.7431039	1.793812	1.393883
3888	-2364.634	-2435.086	70.45222	0.6016482	1.598504	2.14808
3894	-2370.681	-2441.38	70.6991	0.7500154	1.818	1.698113
3900	-2366.622	-2436.996	70.37357	0.7172208	1.649596	2.063035
3906	-2371.29	-2441.647	70.35706	0.8261004	1.457762	2.113168
3912	-2371.458	-2442.712	71.25371	0.4982387	1.776886	1.586815
3918	-2371.54	-2442.625	71.08501	0.7388951	1.889417	1.36845
3924	-2367.461	-2438.793	71.33239	0.7384751	1.917028	1.13981
3930	-2365.557	-2436.133	70.57555	0.8072077	1.552416	1.91952
3936	-2363.926	-2434.751	70.82455	0.8498367	1.599745	1.680282
3942	-2358.197	-2429.33	71.1323	0.5126356	1.744969	1.680282
3948	-2364.044	-2434.245	70.20182	0.9574428	1.662066	1.985985
3954	-2364.058	-2433.806	69.74754	0.607086	1.554606	2.617198
3960	-2371.677	-2442.437	70.75981	0.8814456	1.911896	1.473218
3966	-2374.285	-2445.32	71.03438	0.701949	1.851362	1.473218
3972	-2371.577	-2442.633	71.05575	0.7752508	1.589362	1.583854
3978	-2368.814	-2439.423	70.60845	0.8461891	1.620531	1.819915
3984	-2370.515	-2440.428	69.91237	0.8822595	1.474014	2.348622
3990	-2369.677	-2439.77	70.0929	0.7097596	1.498314	2.348622
3996	-2369.684	-2438.468	68.78456	0.8793287	1.321934	3.134497
4002	-2366.481	-2435.213	68.73201	0.8282966	1.431907	3.134497
4008	-2362.828	-2432.632	69.80374	0.7347413	1.523449	2.49497
4014	-2365.733	-2435.476	69.7425	0.7264158	1.59519	2.49497
4020	-2372.261	-2443.191	70.92999	0.6413763	1.76711	1.671209
4026	-2373.264	-2444.254	70.9904	0.6313172	1.644504	1.725223
4032	-2366.653	-2434.571	67.91763	0.7660851	1.376426	3.687486
4038	-2367.164	-2436.306	69.14269	0.8022102	1.497137	2.867148
4044	-2359.785	-2429.452	69.66729	0.499125	1.39276	2.867148
4050	-2363.699	-2433.951	70.25143	0.5661153	1.425286	2.421284
4056	-2361.942	-2431.724	69.78229	0.8073475	1.657475	2.368667
4062	-2369.156	-2437.924	68.76794	0.8433919	1.395151	3.124725
4068	-2366.956	-2435.543	68.58713	0.8433919	1.575957	3.124725
4074	-2379.931	-2449.357	69.42623	0.8433919	1.361009	2.748506
4080	-2384.243	-2454.24	69.99758	0.673759	1.289762	2.56904
4086	-2384.53	-2454.162	69.63221	0.7235173	1.17624	2.82323
4092	-2384.445	-2454.959	70.51419	0.8246114	1.456619	2.011341
4098	-2374.088	-2445.026	70.93888	0.6394016	1.563961	1.809446
4104	-2367.609	-2438.333	70.72404	0.661856	1.569903	1.931005
4110	-2372.701	-2443.256	70.55477	0.7847602	1.586253	1.928668
4116	-2377.656	-2446.882	69.22594	0.5130291	1.214337	3.224341
4122	-2376.442	-2446.242	69.79952	0.5130291	1.339767	2.805216
4128	-2377.028	-2446.837	69.80979	0.8671036	1.628937	2.325983
4134	-2376.476	-2446.851	70.37516	1.062028	1.652947	1.803838
4140	-2369.829	-2439.944	70.11517	1.062028	1.741821	1.920809
4146	-2376.824	-2447.786	70.96196	0.6643838	1.528194	1.79454
4152	-2369.575	-2439.826	70.25103	0.5412544	1.424932	2.445841
4158	-2372.568	-2442.522	69.95455	0.8200612	1.67214	2.239829
4164	-2370.842	-2441.351	70.50833	0.561897	1.575458	2.165016
4170	-2369.003	-2438.768	69.76483	0.6014006	1.461913	2.668772
4176	-2370.166	-2439.456	69.2898	0.9254398	1.537501	2.668772
4182	-2376.066	-2446.321	70.25466	0.7890113	1.632167	2.094459
4188	-2374.686	-2444.887	70.20078	0.7800265	1.466404	2.244182
4194	-2368.571	-2438.201	69.63019	0.6643724	1.597507	2.613805
4200	-2369.275	-2438.557	69.28196	1.003956	1.553786	2.613805
4206	-2367.485	-2438.169	70.68359	0.5550409	1.615263	2.03071
4212	-2369.049	-2438.559	69.50977	0.6854943	1.362667	2.814279
4218	-2365.793	-2434.739	68.94603	0.6528012	1.226676	3.259565
4224	-2361.046	-2431.075	70.02919	0.6152595	1.330663	2.574199
4230	-2361.771	-2431.647	69.87598	0.5837961	1.434047	2.633364
4236	-2372.857	-2443.212	70.35551	0.6134809	1.505589	2.259697
4242	-2367.956	-2437.841	69.88486	0.6151339	1.502381	2.557305
4248	-2368.46	-2439.37	70.9102	0.6151339	1.666958	1.781636
4254	-2368.256	-2439.267	71.01085	0.8348776	1.830822	1.382588
4260	-2381.15	-2450.549	69.39925	0.805676	1.615718	2.635397
4266	-2371.235	-2441.197	69.96224	0.6969057	1.454999	2.46892
4272	-2364.146	-2434.218	70.07274	0.6365648	1.405506	2.481672
4278	-2366.899	-2436.413	69.51348	0.7146538	1.468146	2.724503
4284	-2361.818	-2431.084	69.26615	0.8469429	1.556294	2.724503
4290	-2368.372	-2439.122	70.74991	0.6086202	1.490247	2.016789
4296	-2366.846	-2437.45	70.60442	0.7406149	1.500432	1.989187
4302	-2365.661	-2436.091	70.42965	0.9766425	1.584038	1.871579
4308	-2363.074	-2433.364	70.29039	0.7111536	1.508643	2.214393
4314	-2382.982	-2452.302	69.31955	0.9399362	1.449993	2.694885
4320	-2378.584	-2448.997	70.41357	0.6998808	1.679018	2.031904
4326	-2367.939	-2437.26	69.3209	0.7342924	1.525319	2.791972
4332	-2368.182	-2439.149	70.96715	0.5563651	1.525319	1.899482
4338	-2368.278	-2437.542	69.26435	0.6926094	1.409805	2.928652
4344	-2373.346	-2441.867	68.52108	0.8597342	1.340373	3.292479
4350	-2366.378	-2434.873	68.49487	0.7415421	1.50615	3.292479
4356	-2373.335	-2442.886	69.55163	0.7415421	1.614643	2.589829
4362	-2365.956	-2435.784	69.82865	0.9431504	1.727603	2.197928
4368	-2372.882	-2443.451	70.56919	1.101972	1.64086	1.649241
4374	-2366.783	-2437.64	70.85674	0.8022728	1.79959	1.551963
4380	-2358.076	-2428.958	70.88243	0.8321306	1.824418	1.488469
4386	-2363.742	-2434.572	70.83081	0.8276818	1.669509	1.643975
4392	-2359.722	-2430.478	70.75586	0.894713	1.669509	1.643975
4398	-2371.657	-2442.696	71.03934	0.5901129	1.864837	1.574442
4404	-2373.546	-2444.197	70.65114	0.8887105	1.876617	1.574442
4410	-2370.133	-2440.606	70.47248	0.7119492	1.444877	2.136909
4416	-2370.521	-2440.925	70.40434	0.7001217	1.528315	2.136909
4422	-2367.304	-2438.438	71.13413	0.7001217	1.622088	1.57144
4428	-2370.409	-2441.272	70.86327	0.5571466	1.572406	1.93708
4434	-2371.197	-2441.788	70.59065	0.7107165	1.48385	2.034596
4440	-2378.156	-2448.376	70.22003	0.6415778	1.615832	2.250491
4446	-2380.867	-2450.899	70.03196	0.8489495	1.545108	2.250491
4452	-2371.121	-2441.993	70.87244	0.7686601	1.687769	1.651089
4458	-2372.021	-2442.629	70.60821	0.7686601	1.720652	1.813739
4464	-2372.211	-2443.088	70.87672	0.8033129	1.790398	1.543085
4470	-2377.732	-2448.111	70.37977	0.883968	1.512224	2.019355
4476	-2380.656	-2451.351	70.69423	0.7449137	1.674432	1.806413
4482	-2378.161	-2449.381	71.22029	0.5309421	1.621233	1.684815
4488	-2385.861	-2456.641	70.78001	0.795054	1.717421	1.67332
4494	-2379.733	-2450.355	70.62173	0.6983774	1.505571	2.010139
4500	-2373.854	-2443.252	69.398	0.8494156	1.400925	2.737192
4506	-2375.759	-2443.899	68.13951	0.6102338	1.508862	3.601435
4512	-2364.786	-2433.159	68.37331	0.6102338	1.275067	3.601435
4518	-2361.606	-2429.693	68.08708	0.5427856	1.320885	3.798789
4524	-2363.596	-2431.572	67.97553	0.7659825	1.313472	3.69048
4530	-2371.983	-2441.863	69.88085	0.6865117	1.373306	2.579113
4536	-2370.203	-2439.928	69.72474	0.602159	1.373306	2.747016
4542	-2379.921	-2449.415	69.49378	0.6050389	1.600102	2.747016
4548	-2375.938	-2446.067	70.12906	0.6798365	1.449334	2.381577
4554	-2363.875	-2433.733	69.85762	0.7483628	1.679771	2.351832
4560	-2359.903	-2430.093	70.18981	0.7483628	1.573493	2.207119
4566	-2366.974	-2437.073	70.09858	0.6734667	1.563906	2.3336
4572	-2370.218	-2438.567	68.34948	0.7186025	1.39653	3.45915
4578	-2367.312	-2436.615	69.30373	0.8602388	1.744397	2.576195
4584	-2356.31	-2426.843	70.53335	0.7331921	1.766699	1.86364
4590	-2357.595	-2427.556	69.96065	0.8622618	1.480291	2.328009
4596	-2357.897	-2428.188	70.29082	0.6786248	1.778751	2.065626
4602	-2369.525	-2439.159	69.6339	0.9489255	1.767269	2.293811
4608	-2367.666	-2436.75	69.08341	0.7391613	1.615063	2.877959
4614	-2370.143	-2439.961	69.81809	0.4121185	1.500108	2.803738
4620	-2372.947	-2443.372	70.42486	0.6352116	1.500108	2.198731
4626	-2385.828	-2457.104	71.2753	0.6352116	1.827323	1.375295
4632	-2375.478	-2446.5	71.02223	0.74608	1.838554	1.449599
4638	-2375.462	-2446.025	70.56268	0.6109218	1.833468	1.909915
4644	-2371.331	-2441.25	69.9186	0.9139563	1.766304	2.134361
4650	-2372.702	-2443.395	70.69247	0.8827505	1.847986	1.569913
4656	-2367.666	-2438.621	70.95427	0.6253987	1.723602	1.700763
4662	-2368.448	-2437.468	69.02046	0.5872247	1.602685	3.047259
4668	-2369.992	-2439.109	69.11682	0.6016764	1.485166	3.047259
4674	-2369.919	-2438.795	68.87619	0.8163768	1.291005	3.140746
4680	-2373.01	-2442.703	69.69299	0.8532977	1.266757	2.6357
4686	-2366.502	-2437.085	70.58283	0.759973	1.523352	1.972278
4692	-2369.681	-2440.146	70.46543	0.5808921	1.761956	2.052151
4698	-2373.422	-2443.428	70.0064	0.6860859	1.544403	2.393791
4704	-2380.798	-2450.256	69.45713	0.951963	1.833702	2.362064
4710	-2366.239	-2436.538	70.29885	0.6067622	1.682841	2.188132
4716	-2366.611	-2437.225	70.61331	0.6257975	1.992365	1.751189
4722	-2366.488	-2437.068	70.58056	0.6727628	1.795945	1.864982
4728	-2367.943	-2438.863	70.91981	0.5932162	1.903092	1.630202
4734	-2370.09	-2440.896	70.80626	0.6679366	1.834816	1.685273
4740	-2373.467	-2444.679	71.21222	0.6570264	1.970369	1.287157
4746	-2374.376	-2445.326	70.94974	0.6129283	1.772121	1.682119
4752	-2377.5	-2448.343	70.84309	0.8243031	1.607773	1.682119
4758	-2377.793	-2448.774	70.98144	0.6935228	1.843584	1.527003
4764	-2366.088	-2437.125	71.03709	0.7306374	1.854714	1.440659
4770	-2372.752	-2443.558	70.80635	0.6701694	1.723336	1.761625
4776	-2372.959	-2443.144	70.18528	0.6200432	1.428737	2.410954
4782	-2367.14	-2437.213	70.073	0.8259433	1.55884	2.232135
4788	-2368.017	-2438.521	70.50426	0.5213344	1.563605	2.216424
4794	-2369.649	-2439.081	69.43178	0.9116753	1.456585	2.640193
4800	-2364.324	-2434.11	69.78593	0.6992412	1.68421	2.433776
4806	-2363.211	-2433.484	70.27294	0.7421804	1.545839	2.176162
4812	-2382.677	-2453.187	70.50987	0.5132683	1.452169	2.292787
4818	-2392.493	-2462.915	70.4215	0.5132683	1.540537	2.292787
4824	-2382.231	-2453.172	70.94032	0.5132683	1.549277	1.94736
4830	-2368.955	-2439.414	70.45972	0.703347	1.66644	2.0066
4836	-2373.678	-2442.925	69.24758	0.913907	1.629975	2.645383
4842	-2371.439	-2441.361	69.92225	0.7008949	1.431562	2.505363
4848	-2376.932	-2447.149	70.21701	0.74809	1.683854	2.117869
4854	-2369.859	-2440.535	70.67589	0.8120151	1.700236	1.744957
4860	-2383.235	-2453.572	70.3368	0.8120151	1.851104	1.875009
4866	-2384.786	-2455.459	70.67337	0.9106924	2.037978	1.418659
4872	-2376.472	-2446.428	69.95691	0.5790345	1.543204	2.51982
4878	-2376.324	-2446.047	69.723	0.5925671	1.399082	2.740877
4884	-2362.371	-2431.265	68.89437	0.931974	1.459011	2.952857
4890	-2377.041	-2445.939	68.89769	0.931974	1.371126	3.003673
4896	-2373.82	-2443.534	69.71356	0.867828	1.439264	2.505751
4902	-2372.881	-2442.539	69.65749	0.643297	1.405021	2.733125
4908	-2372.527	-2440.903	68.37589	1.103374	1.385573	3.205095
4914	-2368.976	-2437.555	68.57883	0.9398728	1.376056	3.185941
4920	-2371.008	-2441.185	70.17638	0.6387842	1.502215	2.353424
4926	-2367.695	-2437.569	69.87395	0.6387842	1.670106	2.438438
4932	-2364.81	-2434.427	69.6174	0.8706422	1.362254	2.611429
4938	-2372.885	-2441.56	68.67441	0.9904664	1.327271	3.12727
4944	-2374.24	-2443.052	68.81244	0.8337799	1.357329	3.12727
4950	-2365.889	-2435.905	70.01644	0.8144819	1.395005	2.381321
4956	-2374.26	-2443.51	69.25075	0.7020121	1.55888	2.839289
4962	-2377.803	-2447.102	69.29967	0.6721617	1.399711	2.929788
4968	-2375.12	-2445.081	69.96075	0.6785766	1.530599	2.437554
4974	-2369.923	-2439.391	69.46813	0.8132766	1.407067	2.715876
4980	-2366.409	-2435.495	69.0856	0.8190407	1.350164	2.978374
4986	-2374.724	-2443.52	68.79568	1.102005	1.345747	2.979206
4992	-2373.889	-2443.385	69.49576	0.7779433	1.362785	2.751693
4998	-2367.614	-2437.608	69.99442	0.750991	1.480535	2.389331
5004	-2365.817	-2436.22	70.40265	0.653051	1.568433	2.152791
5010	-2366.517	-2436.27	69.75333	0.653051	1.475598	2.622561
5016	-2372.033	-2442.585	70.55279	0.6718134	1.657542	1.978166
5022	-2367.451	-2437.705	70.25378	0.8590542	1.520748	2.11504
5028	-2369.411	-2439.534	70.12278	0.5491494	1.473105	2.488356
5034	-2373.891	-2444.752	70.86174	0.7485548	1.556553	1.768822
5040	-2365.251	-2435.607	70.35614	0.6090892	1.456732	2.294627
5046	-2362.538	-2433.079	70.54047	0.633121	1.509549	2.119261
5052	-2366.679	-2436.351	69.67256	0.822844	1.525691	2.509224
5058	-2373.768	-2443.937	70.16908	0.7473987	1.656251	2.167695
5064	-2365.818	-2435.257	69.43891	0.9580033	1.556812	2.543492
5070	-2367.251	-2436.543	69.29254	0.7776369	1.547535	2.7632
5076	-2368.306	-2439.23	70.92393	0.4795594	1.502529	2.026978
5082	-2367.867	-2437.588	69.72073	0.7022533	1.593774	2.528788
5088	-2365.177	-2435.101	69.92431	0.9679942	1.600379	2.201718
5094	-2373.823	-2444.377	70.55362	0.5617581	1.588943	2.126839
5100	-2370.51	-2441.549	71.0387	0.5357957	1.598776	1.822197
5106	-2367.033	-2437.469	70.43641	0.7595956	1.623887	2.003239
5112	-2367.772	-2437.928	70.15671	0.9810033	1.600833	2.040687
5118	-2371.96	-2442.332	70.37199	1.00796	1.667855	1.832085
5124	-2370.492	-2441.429	70.93729	0.6864312	1.736555	1.644241
5130	-2364.601	-2435.534	70.93356	0.7493792	1.821943	1.525813
5136	-2367.768	-2437.541	69.77272	0.6838699	1.621407	2.494121
5142	-2360.627	-2431.468	70.84062	0.6041881	1.616828	1.874853
5148	-2369.172	-2439.192	70.02011	0.6980158	1.912393	2.138796
5154	-2379.785	-2447.06	67.27526	0.7157575	1.259148	4.158886
5160	-2367.965	-2436.793	68.8277	0.7094126	1.343688	3.215901
5166	-2378.198	-2445.154	66.95647	0.5641572	1.244955	4.466578
5172	-2370.899	-2441.763	70.86359	1.066507	1.792095	1.338856
5178	-2376.845	-2448.098	71.25301	0.7824233	2.092822	0.9984992
5184	-2371.448	-2441.973	70.52496	0.7853905	1.884682	1.743521
5190	-2368.412	-2440.077	71.66472	0.4741098	1.984634	1.12645
5196	-2366.176	-2437.667	71.49079	0.6335132	2.008267	1.037192
5202	-2369.378	-2440.863	71.48507	0.6335132	2.013982	1.037192
5208	-2360.968	-2431.962	70.99308	0.6335132	1.858135	1.567638
5214	-2368.59	-2439.616	71.02608	0.5197733	1.836961	1.682197
5220	-2373.659	-2444.109	70.4505	0.5890721	1.594023	2.164082
5226	-2382.605	-2453.204	70.59929	0.6759922	1.451971	2.080002
5232	-2375.469	-2447.103	71.63433	0.6371247	2.127624	0.7223217
5238	-2373.105	-2444.231	71.12603	0.7163689	1.931236	1.325237
5244	-2361.677	-2432.123	70.44629	0.6288976	1.535881	2.167367
5250	-2365.192	-2435.459	70.2674	0.7384656	1.569566	2.167367
5256	-2368.368	-2438.301	69.93247	0.5064412	1.532029	2.612372
5262	-2367.125	-2436.212	69.08772	0.7026944	1.402297	3.031381
5268	-2365.459	-2434.462	69.0034	0.7553071	1.360627	3.066973
5274	-2365.897	-2435.297	69.39919	0.7813251	1.330171	2.827915
5280	-2373.703	-2443.828	70.12525	0.7548665	1.455917	2.318865
5286	-2376.773	-2447.37	70.59649	0.5913699	1.475524	2.143983
5292	-2371.243	-2440.781	69.53838	0.6744215	1.502972	2.720169
5298	-2375.84	-2445.667	69.82625	0.5338764	1.418959	2.720169
5304	-2373.316	-2444.621	71.3056	0.5838413	1.775549	1.44911
5310	-2382.952	-2454.042	71.09078	0.7525754	1.731204	1.472975
5316	-2381.643	-2452.922	71.27854	0.6465786	1.731204	1.43516
5322	-2372.847	-2443.887	71.03978	0.6465786	1.815655	1.551183
5328	-2373.597	-2444.354	70.75725	0.6183908	1.503405	1.993828
5334	-2374.603	-2444.1	69.49675	0.5886184	1.446475	2.853309
5340	-2368.721	-2439.623	70.90198	0.7457118	1.674331	1.659755
5346	-2362.096	-2431.632	69.53608	0.8328076	1.456207	2.629977
5352	-2363.662	-2433.158	69.49623	0.5844321	1.219317	2.994369
5358	-2371.478	-2440.611	69.13327	0.5844321	1.51611	3.03403
5364	-2369.897	-2440.321	70.4245	0.6094914	1.515271	2.212717
5370	-2376.801	-2446.235	69.43444	0.5511222	1.270529	3.030907
5376	-2374.875	-2445.026	70.15085	0.760858	1.515611	2.259596
5382	-2378.373	-2449.56	71.1869	0.4460582	1.635645	1.798322
5388	-2366.037	-2436.479	70.44283	0.5572127	1.613542	2.187461
5394	-2371.944	-2442.679	70.73428	0.6346096	1.65402	1.89249
5400	-2368.018	-2438.069	70.0509	0.7209416	1.602017	2.300191
5406	-2372.409	-2442.492	70.08338	0.7982381	1.306969	2.406702
5412	-2378.136	-2446.578	68.44268	0.6946253	1.157845	3.562045
5418	-2376.873	-2446.53	69.65748	0.9244083	1.248813	2.620742
5424	-2377.27	-2447.38	70.10944	1.047653	1.663883	1.986314
5430	-2371.381	-2440.238	68.85702	0.6462429	1.398259	3.216063
5436	-2369.973	-2439.087	69.11418	0.5418025	1.461633	3.116679
5442	-2385.48	-2453.934	68.45324	0.7548073	1.470676	3.328209
5448	-2376.668	-2445.903	69.23554	0.7548073	1.410397	2.897988
5454	-2382.316	-2451.692	69.37533	0.9699688	1.481287	2.622117
5460	-2372.824	-2442.111	69.28727	0.8353935	1.357602	2.840751
5466	-2372.833	-2441.136	68.30339	0.9192119	1.287841	3.413118
5472	-2371.187	-2441.133	69.94605	0.7520379	1.587794	2.351193
5478	-2376.296	-2444.445	68.1493	0.7564452	1.576641	3.443167
5484	-2369.454	-2439.286	69.83163	0.7212193	1.514917	2.493558
5490	-2373.424	-2443.276	69.85164	0.7212193	1.784143	2.310903
5496	-2374.605	-2445.087	70.48191	0.9387818	1.838113	1.685644
5502	-2370.731	-2440.902	70.17139	0.5225806	1.353965	2.558429
5508	-2370.975	-2440.505	69.52986	0.6880548	1.359934	2.801661
5514	-2379.317	-2450.644	71.32752	0.8268575	2.045761	0.9149833
5520	-2365.521	-2436.74	71.21856	0.8353831	1.964243	1.095241
5526	-2364.596	-2435.619	71.02357	0.8353831	1.997044	1.237327
5532	-2382.092	-2451.513	69.42114	0.7177754	1.232106	2.921617
5538	-2374.997	-2443.957	68.95918	0.8287558	1.350057	3.0475
5544	-2364.13	-2432.977	68.84645	0.8383528	1.524635	3.003872
5550	-2355.603	-2426.425	70.8225	0.6640137	1.594888	1.845053
5556	-2357.137	-2427.789	70.65202	0.86541	1.774517	1.666233
5562	-2367.645	-2437.921	70.27593	0.8113408	1.475046	2.166005
5568	-2370.208	-2437.446	67.23816	0.7482411	1.323899	4.119889
5574	-2366.342	-2435.829	69.48662	0.8229672	1.602383	2.57713
5580	-2363.636	-2434.454	70.81788	0.7100229	1.820897	1.64734
5586	-2365.028	-2435.715	70.68659	0.5996159	1.668074	1.948944
5592	-2365.092	-2435.791	70.69895	0.5996159	1.657947	1.947442
5598	-2360.288	-2431.608	71.31928	0.5368454	1.678439	1.565249
5604	-2365.061	-2435.688	70.62612	0.9496274	1.685939	1.68326
5610	-2364.035	-2435.099	71.06428	0.4826561	1.596512	1.865737
5616	-2369.241	-2439.478	70.23783	0.5719303	1.535641	2.354543
5622	-2371.42	-2441.455	70.0358	0.7515218	1.755741	2.186311
5628	-2373.09	-2443.708	70.61857	0.5569572	1.439967	2.186311
5634	-2370.746	-2441.475	70.72868	0.7279087	1.741246	1.750809
5640	-2382.235	-2452.546	70.3118	0.7150567	1.724198	2.05639
5646	-2367.665	-2438.337	70.67177	0.7802487	1.797913	1.705583
5652	-2375.788	-2445.583	69.79534	1.188028	1.616501	2.139646
5658	-2367.112	-2437.847	70.73555	0.7368915	1.643358	1.806254
5664	-2359.987	-2430.249	70.26264	0.6648756	1.459458	2.30296
5670	-2381.34	-2448.403	67.06303	0.5874264	1.162948	4.433125
5676	-2376.222	-2444.703	68.48037	0.6133694	1.418291	3.453002
5682	-2372.623	-2440.603	67.97998	0.9083698	1.554701	3.453002
5688	-2367.54	-2437.795	70.25462	0.5740519	1.482709	2.375439
5694	-2374.165	-2444.535	70.36994	0.7127443	1.762308	1.994457
5700	-2378.565	-2449.132	70.56717	0.6955572	1.560168	2.012566
5706	-2376.427	-2447.227	70.79986	0.6955572	1.753173	1.721657
5712	-2375.377	-2445.263	69.8856	0.9189952	1.77768	2.144959
5718	-2368.353	-2438.104	69.75068	0.6646625	1.582591	2.548093
5724	-2367.648	-2437.232	69.58467	0.7954856	1.583239	2.548093
5730	-2371.863	-2441.738	69.87516	0.6944709	1.648783	2.403792
5736	-2370.042	-2440.188	70.14535	0.7295782	1.33347	2.403792
5742	-2363.494	-2432.298	68.80385	0.572995	1.377862	3.321684
5748	-2367.297	-2435.037	67.73972	0.8118651	1.25538	3.82842
5754	-2368.716	-2436.016	67.29984	0.6712982	1.370984	4.114428
5760	-2370.154	-2438.95	68.79582	0.6453905	1.615767	3.123969
5766	-2362.463	-2432.805	70.34281	0.6453905	1.475486	2.258389
5772	-2363.388	-2432.352	68.96414	0.6453905	1.353422	3.179848
5778	-2374.711	-2443.037	68.3261	0.6453905	1.213985	3.635552
5784	-2373.083	-2442.764	69.68049	0.7173141	1.67222	2.492824
5790	-2368.243	-2438.071	69.82832	0.6736589	1.581466	2.492824
5796	-2369.326	-2440.431	71.10542	0.6194345	1.878806	1.483461
5802	-2369.5	-2440.652	71.15208	0.6194345	1.930879	1.407982
5808	-2374.224	-2444.602	70.37887	1.072506	1.72985	1.740734
5814	-2369.663	-2439.991	70.32771	0.8364688	2.026205	1.740734
5820	-2367.839	-2439.013	71.17474	0.6774067	2.05157	1.228079
5826	-2365.072	-2435.026	69.9534	0.9370101	1.673344	2.156352
5832	-2375.919	-2444.239	68.31975	0.7316707	1.418566	3.453961
5838	-2381.227	-2451.344	70.11708	0.6557919	1.543633	2.349908
5844	-2374.149	-2443.877	69.7282	0.5243297	1.560013	2.703103
5850	-2376.305	-2446.03	69.72471	0.68548	1.556487	2.563175
5856	-2371.922	-2441.982	70.06022	0.68548	1.59333	2.329124
5862	-2372.761	-2443.098	70.33672	0.8418504	1.663789	1.978351
5868	-2368.131	-2438.507	70.37533	0.7350742	1.674246	2.030592
5874	-2367.482	-2438.282	70.79962	0.6190784	1.85625	1.722624
5880	-2370.923	-2441.39	70.46662	0.6011584	1.891017	1.945435
5886	-2371.282	-2440.222	68.93965	0.7810224	1.83515	2.800502
5892	-2369.199	-2439.206	70.00762	0.6889029	1.844694	2.198661
5898	-2364.84	-2435.114	70.2739	0.5727807	1.743707	2.197272
5904	-2371.978	-2441.777	69.79849	0.4657891	1.687383	2.641512
5910	-2370.488	-2442.206	71.71871	0.5745302	2.154177	0.6869859
5916	-2366.643	-2437.888	71.24481	0.6419293	1.951866	1.292591
5922	-2372.357	-2443.82	71.4629	0.6922588	2.155063	0.8212416
5928	-2374.334	-2445.497	71.1633	0.8956437	1.804425	1.22534
5934	-2374.359	-2445.797	71.43732	0.6152895	1.911336	1.196858
5940	-2370.02	-2440.79	70.76999	0.5394857	1.6341	1.976677
5946	-2366.19	-2436.354	70.16389	0.6130098	1.430301	2.42977
5952	-2366.127	-2436.391	70.26473	0.6379732	1.556608	2.263036
5958	-2370.188	-2440.648	70.46023	0.4880228	1.546082	2.29115
5964	-2365.369	-2435.732	70.36321	0.5521478	1.546082	2.287184
5970	-2374.135	-2444.761	70.62621	0.6987909	1.730989	1.854675
5976	-2373.235	-2443.902	70.6669	0.7120848	1.673099	1.854675
5982	-2361.83	-2432.604	70.77377	0.4441207	1.662017	2.061796
5988	-2369.076	-2439.566	70.49007	0.6920433	1.567576	2.061796
5994	-2367.627	-2438.081	70.45389	0.6434466	1.686054	2.050666
6000	-2377.557	-2448.549	70.99216	0.6292871	1.75732	1.645796
6006	-2359.857	-2430.724	70.86711	0.7004264	1.665856	1.731313
6012	-2366.75	-2435.47	68.72025	0.6243266	1.4668	3.274469
6018	-2368.512	-2438.607	70.09519	0.558318	1.444724	2.514509
6024	-2363.747	-2434.431	70.68415	0.5942463	1.772389	1.885331
6030	-2364.011	-2434.525	70.51392	0.8601589	1.699703	1.819662
6036	-2364.769	-2434.151	69.38235	0.9043272	1.455159	2.676371
6042	-2370.684	-2440.374	69.68997	0.9043272	1.461659	2.481518
6048	-2368.952	-2438.164	69.21243	0.8958246	1.594487	2.700816
6054	-2366.274	-2435.265	68.99089	0.9455759	1.434297	2.900959
6060	-2370.888	-2441.647	70.75891	0.5409952	1.600638	2.004837
6066	-2369.362	-2439.812	70.44956	0.811463	1.54628	2.004837
6072	-2371.564	-2441.926	70.36177	0.7535854	1.66208	2.032378
6078	-2374.759	-2445.1	70.34084	0.8402655	1.66208	1.977942
6084	-2370.152	-2440.725	70.57316	0.5625309	1.439052	2.210782
6090	-2369.339	-2440.264	70.92505	0.6399078	1.658091	1.753143
6096	-2366.488	-2436.607	70.11953	0.7880967	1.526314	2.251688
6102	-2370.806	-2441.156	70.35059	0.5577684	1.6695	2.21039
6108	-2366.713	-2437.048	70.33513	0.7374521	1.657429	2.066333
6114	-2364.766	-2435.507	70.74062	0.6929031	1.65039	1.836765
6120	-2365.437	-2435.795	70.3574	0.6929031	1.635681	2.103537
6126	-2369.059	-2439.685	70.62665	0.7895804	1.70714	1.79291
6132	-2369.42	-2439.597	70.17686	0.9170165	1.685079	2.015575
6138	-2377.205	-2447.768	70.56309	0.7020769	1.551229	2.015575
6144	-2378.043	-2446.815	68.77193	0.5846738	1.547937	3.229886
6150	-2372.33	-2440.977	68.64713	0.6460638	1.659453	3.185806
6156	-2384.413	-2455.388	70.97494	0.6840705	1.802077	1.571634
6162	-2371.788	-2443.265	71.47758	0.6385877	1.84747	1.188918
6168	-2381.204	-2452.102	70.89729	0.8305264	1.621891	1.628035
6174	-2366.918	-2437.081	70.16338	0.6974506	1.633018	2.227545
6180	-2365.188	-2435.907	70.71835	0.7925819	1.732668	1.708359
6186	-2378.539	-2448.992	70.45307	0.8461109	1.682877	1.883697
6192	-2375.521	-2446.243	70.72223	0.7056195	1.784237	1.745185
6198	-2375.591	-2445.734	70.14336	1.10035	1.932851	1.745185
6204	-2360.349	-2429.447	69.09786	0.696903	1.455256	2.998077
6210	-2369.794	-2437.768	67.97469	0.7303773	1.322825	3.711076
6216	-2369.381	-2438.205	68.8241	0.8344785	1.279427	3.16617
6222	-2371.243	-2442.349	71.10576	0.6985073	1.781318	1.475597
6228	-2364.663	-2435.622	70.95949	0.6985073	1.927591	1.475597
6234	-2371.747	-2442.816	71.06927	0.5865851	1.626299	1.727829
6240	-2373.795	-2444.457	70.66204	0.9420764	1.594885	1.727829
6246	-2376.193	-2447.038	70.84482	0.8458957	1.815961	1.511254
6252	-2379.567	-2447.82	68.25288	0.724256	1.647584	3.364445
6258	-2372.512	-2441.811	69.29925	0.6481557	1.465047	2.910285
6264	-2369.361	-2438.253	68.89151	0.9284573	1.400967	2.991701
6270	-2367.652	-2438.322	70.66989	0.8515141	1.629994	1.766584
6276	-2380.313	-2450.947	70.63401	0.6270754	1.51555	2.059408
6282	-2376.964	-2446.152	69.18828	0.6546401	1.305828	3.067191
6288	-2371.949	-2441.491	69.54192	1.059256	1.300603	2.576139
6294	-2376.645	-2444.8	68.15497	1.059256	1.248457	3.440324
6300	-2374.292	-2441.876	67.58359	0.780694	1.142063	4.004027
6306	-2376.971	-2443.851	66.88012	0.6670501	1.251605	4.42299
6312	-2369.637	-2440.744	71.10649	0.6770604	1.696167	1.559635
6318	-2374.308	-2444.734	70.42643	1.098517	1.81959	1.625665
6324	-2377.43	-2446.59	69.15944	0.8277712	1.684858	2.72452
6330	-2373.51	-2443.129	69.6193	0.6999475	1.296582	2.776282
6336	-2371.202	-2440.536	69.33413	0.8510923	1.71983	2.57895
6342	-2364.934	-2435.453	70.51872	0.6292815	1.689233	2.018669
6348	-2373.122	-2443.686	70.56402	0.6357377	1.6349	2.018669
6354	-2370.361	-2439.971	69.60998	0.6095097	1.58823	2.679117
6360	-2365.654	-2435.445	69.79151	0.7770679	1.519943	2.472214
6366	-2368.564	-2439.124	70.55936	0.7082614	1.690647	1.919244
6372	-2363.226	-2433.743	70.51677	0.8248298	1.619931	1.899723
6378	-2370.539	-2440.954	70.41521	0.6665063	1.635333	2.088844
6384	-2366.476	-2436.274	69.79836	0.635182	1.536938	2.571983
6390	-2369.16	-2437.886	68.72547	0.6430748	1.309578	3.34855
6396	-2373.665	-2441.515	67.8508	0.5870087	1.242127	3.94114
6402	-2369.281	-2438.076	68.7954	0.6833211	1.32222	3.267834
6408	-2378.438	-2447.44	69.00193	0.6903316	1.287964	3.160351
6414	-2367.321	-2436.502	69.18069	0.7833278	1.578609	2.808255
6420	-2372.825	-2442.13	69.30462	1.01645	1.369326	2.705795
6426	-2368.937	-2439.315	70.37836	0.8584129	1.499307	2.047634
6432	-2370.676	-2440.746	70.07027	0.6615824	1.525237	2.38625
6438	-2370.247	-2439.48	69.23265	0.7138882	1.589158	2.822584
6444	-2362.707	-2430.999	68.29142	0.7659272	1.319845	3.503366
6450	-2364.712	-2434.206	69.49452	0.7659272	1.449966	2.708001
6456	-2361.567	-2431.812	70.24523	0.6367825	1.501334	2.311939
6462	-2365.578	-2435.468	69.88975	0.8702258	1.567542	2.311939
6468	-2365.474	-2436.106	70.63167	0.73459	1.763042	1.797311
6474	-2376.756	-2446.633	69.87658	0.73459	1.61443	2.392102
6480	-2368.846	-2438.717	69.87153	0.7390656	1.61387	2.392102
6486	-2361.977	-2432.771	70.7935	0.590238	1.7103	1.857097
6492	-2373.354	-2441.437	68.0832	0.6405298	1.180968	3.79884
6498	-2379.897	-2448.075	68.17752	0.6356944	1.188466	3.744026
6504	-2379.671	-2449.96	70.28838	0.6598028	1.817586	2.058306
6510	-2392.337	-2462.134	69.79674	0.8534079	1.939896	2.143939
6516	-2379.259	-2449.275	70.01658	0.8287374	1.833628	2.087958
6522	-2374.93	-2445.711	70.78117	0.7463271	1.6144	1.786547
6528	-2385.396	-2455.433	70.03688	1.019418	1.474719	2.176716
6534	-2383.374	-2453.167	69.79292	0.8146187	1.566518	2.414079
6540	-2370.392	-2440.457	70.06513	0.6479634	1.504912	2.414079
6546	-2366.905	-2437.965	71.05933	0.4196892	1.756857	1.835934
6552	-2370.751	-2440.152	69.40111	0.7425054	1.586435	2.69929
6558	-2370.382	-2440.593	70.21095	0.9347254	1.645515	2.006737
6564	-2379.005	-2449.633	70.62835	0.7085848	1.680382	1.879105
6570	-2374.344	-2444.892	70.54804	0.7085848	1.760692	1.879105
6576	-2371.782	-2442.559	70.77705	0.7446761	1.70974	1.724205
6582	-2375.751	-2446.172	70.42129	0.7465628	1.718067	1.961129
6588	-2367.216	-2437.792	70.5761	0.7465628	1.677891	1.883657
6594	-2381.189	-2450.282	69.09278	0.6571506	1.531367	2.987253
6600	-2383.594	-2453.478	69.88471	0.781563	1.846824	2.201476
6606	-2370.723	-2441.039	70.31583	0.5856168	1.717242	2.174835
6612	-2375.764	-2445.917	70.15331	0.6568281	1.68905	2.232822
6618	-2372.945	-2443.33	70.38464	0.6987589	1.857857	1.932636
6624	-2364.207	-2433.797	69.59016	0.6987589	1.608867	2.603323
6630	-2371.714	-2440.46	68.74545	0.648242	1.534892	3.199585
6636	-2367.515	-2437.945	70.43025	0.7884043	1.612127	1.991954
6642	-2364.41	-2434.159	69.74841	0.5903907	1.379888	2.739027
6648	-2365.961	-2436.331	70.36903	0.662706	1.61219	2.137615
6654	-2372.733	-2443.808	71.07413	0.5618659	1.575298	1.785992
6660	-2368.405	-2438.467	70.06144	0.760408	1.618757	2.251126
6666	-2360.542	-2431.148	70.60574	0.8105982	1.586037	1.873497
6672	-2369.12	-2438.468	69.34819	0.5352355	1.33481	3.05888
6678	-2366.763	-2435.341	68.5773	0.7277247	1.508564	3.252652
6684	-2365.553	-2435.297	69.7437	0.8774889	1.599964	2.379044
6690	-2363.16	-2433.302	70.1418	0.833545	1.623886	2.139699
6696	-2369.04	-2439.005	69.96551	0.833545	1.510729	2.326209
6702	-2364.757	-2433.928	69.17119	0.592518	1.417117	3.063427
6708	-2369.653	-2439.633	69.97965	0.740811	1.641501	2.304479
6714	-2368.929	-2439.31	70.38103	0.8479271	1.549638	2.020317
6720	-2365.595	-2436.419	70.82423	0.6471724	1.750638	1.751899
6726	-2366.271	-2437.301	71.0306	0.6471724	1.788392	1.577363
6732	-2368.03	-2437.381	69.351	0.8113602	1.423614	2.778728
6738	-2367.62	-2437.494	69.87361	0.8414909	1.596658	2.324237
6744	-2371.195	-2441.275	70.07998	0.4599354	1.585682	2.536427
6750	-2367.161	-2437.775	70.61328	0.600367	1.506804	2.103947
6756	-2357.815	-2428.645	70.83025	0.6513245	1.566883	1.87073
6762	-2362.42	-2432.939	70.51876	0.8028079	1.79041	1.799113
6768	-2371.343	-2441.449	70.10587	0.9156226	1.716804	2.042614
6774	-2371.907	-2442.016	70.1087	0.8890684	1.738001	2.04569
6780	-2378.458	-2449.659	71.20123	0.9660029	1.888069	1.050405
6786	-2365.967	-2437.554	71.58749	0.666202	2.036903	0.8561899
6792	-2363.41	-2434.577	71.16709	0.8721469	1.970972	1.098345
6798	-2361.09	-2432.257	71.16695	0.8721469	1.909243	1.153993
6804	-2364.347	-2435.699	71.35131	0.7999995	1.807348	1.153993
6810	-2371.579	-2442.946	71.36707	0.7999995	1.997503	0.9579335
6816	-2373.763	-2444.899	71.13577	0.7897496	2.06157	1.130404
6822	-2371.069	-2442.287	71.21705	0.7961545	2.06157	1.048215
6828	-2372.11	-2443.372	71.2629	0.7390695	2.06157	1.070578
6834	-2375.357	-2445.563	70.20562	0.9371638	1.777696	1.919912
6840	-2380.36	-2450.459	70.09985	0.8871985	1.586457	2.152314
6846	-2386.355	-2455.739	69.38388	0.9927359	1.486551	2.599294
6852	-2384.074	-2453.196	69.12283	0.9459217	1.549656	2.750498
6858	-2379.195	-2449.471	70.27578	0.6103822	1.633935	2.231279
6864	-2377.346	-2446.556	69.2091	1.073735	1.470291	2.6684
6870	-2369.878	-2440.188	70.30999	0.7131941	1.592461	2.145589
6876	-2386.113	-2456.109	69.99528	0.6000749	1.352772	2.595078
6882	-2364.543	-2434.804	70.26177	0.6000749	1.439313	2.374055
6888	-2363.551	-2433.35	69.79915	0.646006	1.471572	2.602702
6894	-2372.171	-2441.889	69.718	0.671228	1.401632	2.67475
6900	-2380.093	-2449.407	69.3146	0.8764742	1.233456	2.87147
6906	-2377.373	-2447.154	69.78081	0.6437519	1.450422	2.629037
6912	-2381.47	-2452.623	71.15224	0.6384434	1.824132	1.469191
6918	-2364.787	-2435.438	70.65101	0.5827915	1.717195	1.956454
6924	-2372.136	-2443.36	71.22438	0.6137007	1.619971	1.593156
6930	-2364.17	-2434.981	70.8115	0.6137007	1.597692	1.898374
6936	-2363.97	-2434.417	70.44716	0.8147753	1.703178	1.898374
6942	-2374.429	-2444.819	70.39017	0.7793318	1.596101	2.036505
6948	-2370.109	-2439.049	68.9402	0.7174654	1.45393	3.07734
6954	-2381.089	-2450.269	69.17932	0.7174654	1.57484	2.860853
6960	-2373.575	-2443.134	69.55848	0.536872	1.463531	2.853297
6966	-2379.737	-2449.78	70.04289	0.5538872	1.655227	2.419564
6972	-2388.031	-2457.648	69.61708	0.6350096	1.33265	2.808959
6978	-2387.542	-2456.919	69.37675	0.6627431	1.513408	2.821999
6984	-2376.091	-2445.001	68.90965	0.8189636	1.566418	2.95419
6990	-2375.04	-2445.391	70.35102	0.7161966	1.922714	1.896258
6996	-2381.251	-2452.414	71.16258	0.5946465	1.826612	1.506582
7002	-2371.576	-2440.358	68.78201	0.8036283	1.308788	3.194959
7008	-2374.364	-2442.495	68.13038	0.8403833	1.362928	3.521026
7014	-2369.383	-2438.651	69.268	0.5571418	1.403157	3.045599
7020	-2369.132	-2438.993	69.86095	0.6336749	1.459284	2.582634
7026	-2369.559	-2439.869	70.31068	0.9836823	1.624028	1.920355
7032	-2376.268	-2446.907	70.63934	0.7122773	1.731386	1.833423
7038	-2374.78	-2444.802	70.02251	0.8045154	1.567487	2.275051
7044	-2366.137	-2436.518	70.38128	1.031533	1.63486	1.832412
7050	-2369.773	-2440.935	71.16227	0.5924546	1.590554	1.681203
7056	-2364.992	-2436.328	71.3353	0.6151153	1.729214	1.426984
7062	-2365.711	-2435.547	69.83613	0.655762	1.525708	2.537836
7068	-2370.798	-2440.519	69.72141	0.5731318	1.526329	2.681525
7074	-2374.085	-2444.55	70.46502	0.5502204	1.613366	2.180161
7080	-2381.9	-2449.8	67.89951	0.7739017	1.126725	3.836452
7086	-2374.374	-2444.363	69.98896	0.717688	1.405435	2.466415
7092	-2366.773	-2436.794	70.02097	0.8028446	1.540027	2.294872
7098	-2365.476	-2435.527	70.0515	1.055538	1.607165	2.057438
7104	-2367.401	-2436.734	69.3329	0.9472246	1.478662	2.664374
7110	-2371.551	-2440.684	69.13361	0.8505673	1.402941	2.895907
7116	-2367.697	-2438.488	70.79108	0.9739628	1.833912	1.434206
7122	-2373.489	-2444.559	71.06974	0.8196067	1.868909	1.319565
7128	-2369.289	-2439.91	70.62087	0.7603759	1.641044	1.866644
7134	-2366.989	-2438.317	71.32784	0.5216145	1.826236	1.466633
7140	-2380.804	-2449.772	68.96851	0.6838082	1.786652	2.886742
7146	-2366.284	-2435.754	69.47092	0.7995246	1.471212	2.684704
7152	-2366.944	-2435.966	69.02191	0.9164226	1.495737	2.863629
7158	-2376.727	-2447.029	70.30229	0.9720143	1.660161	1.909614
7164	-2380.108	-2447.754	67.64572	0.7476116	1.680136	3.682224
7170	-2369.211	-2438.406	69.19431	0.6250304	1.381002	3.043225
7176	-2380.271	-2449.481	69.21004	0.8194336	1.311517	2.926458
7182	-2365.557	-2436.767	71.21025	0.8334069	1.919598	1.145114
7188	-2363.413	-2434.902	71.48934	0.6062577	2.132073	0.9530859
7194	-2362.143	-2433.047	70.90406	0.7262414	1.651333	1.692071
7200	-2362.058	-2432.603	70.54486	0.9218486	1.783993	1.692071
7206	-2358.373	-2428.545	70.17193	0.7221712	1.535513	2.264275
7212	-2363.64	-2433.856	70.21591	0.6629626	1.671103	2.198613
7218	-2366.7	-2436.826	70.12618	0.7531615	1.646235	2.197387
7224	-2361.568	-2430.528	68.95951	0.7835056	1.412711	3.041593
7230	-2363.984	-2432.934	68.95016	0.7357526	1.349806	3.119674
7236	-2370.348	-2439.777	69.429	0.8028585	1.477217	2.704344
7242	-2357.204	-2427.234	70.02955	0.8028585	1.511513	2.307594
7248	-2366.433	-2436.115	69.68137	0.8249534	1.498034	2.519467
7254	-2365.02	-2435.342	70.32149	0.9250599	1.660551	1.929401
7260	-2369.987	-2440.318	70.33065	0.6427356	1.531392	2.23261
7266	-2374.153	-2443.731	69.5776	0.6902627	1.490841	2.690675
7272	-2375.627	-2445.285	69.65771	0.772865	1.364051	2.655327
7278	-2368.629	-2437.806	69.17761	0.87791	1.321419	2.900158
7284	-2379.262	-2449.117	69.85513	0.7415772	1.707323	2.341266
7290	-2384.175	-2455.296	71.121	0.5890536	1.773762	1.582475
7296	-2378.556	-2448.222	69.66578	0.6136113	1.48925	2.702021
7302	-2370.65	-2440.116	69.46607	0.6136113	1.294378	2.941827
7308	-2374.603	-2443.596	68.99363	0.6517862	1.397253	3.131057
7314	-2376.892	-2447.152	70.25992	0.5030716	1.736218	2.281637
7320	-2367.106	-2437.272	70.16516	0.7365619	1.640532	2.189211
7326	-2368.45	-2439.377	70.92724	0.5103217	1.683805	1.868314
7332	-2373.389	-2444.306	70.91718	0.7244635	1.525281	1.77303
7338	-2376.642	-2447.482	70.84002	0.6647484	1.752743	1.722509
7344	-2377.004	-2447.899	70.89466	0.9491994	1.948602	1.281546
7350	-2375.482	-2446.135	70.65291	0.9491994	1.855872	1.540951
7356	-2376.221	-2447.027	70.80622	0.8574207	1.845392	1.508402
7362	-2378.786	-2450.048	71.26172	0.9401272	1.970237	0.9334865
7368	-2373.998	-2444.95	70.95213	0.6476268	1.959435	1.508423
7374	-2361.247	-2431.952	70.70502	0.9829068	1.757183	1.549812
7380	-2366.7	-2436.005	69.30543	0.7083637	1.592376	2.780653
7386	-2364.333	-2432.861	68.52772	0.8301379	1.210804	3.384505
7392	-2367.896	-2437.497	69.60074	0.7804321	1.343375	2.697458
7398	-2361.421	-2430.92	69.49883	0.6565233	1.438461	2.798469
7404	-2374.87	-2444.47	69.60003	0.5290314	1.366945	2.894113
7410	-2376.923	-2447.212	70.2892	0.6496083	1.587757	2.216879
7416	-2365.15	-2434.648	69.49775	0.5953764	1.336528	2.913208
7422	-2364.321	-2433.487	69.16608	0.637571	1.335086	3.077031
7428	-2361.497	-2430.637	69.13937	0.7380869	1.547284	2.885924
7434	-2359.381	-2428.3	68.91911	0.7694068	1.493308	3.027714
7440	-2366.21	-2436.644	70.43334	0.8569566	1.554845	1.975179
7446	-2364.068	-2433.583	69.51482	0.757843	1.630856	2.59009
7452	-2361.48	-2431.426	69.946	0.7515482	1.461477	2.431469
7458	-2371.517	-2440.583	69.06574	0.8651173	1.522346	2.854846
7464	-2364.518	-2433.861	69.34273	0.7624274	1.261833	2.917323
7470	-2367.852	-2437.09	69.2378	0.8184426	1.216399	2.967708
7476	-2362.479	-2430.468	67.98952	0.7317526	1.370476	3.673942
7482	-2366.626	-2435.172	68.54597	0.8781385	1.407165	3.226264
7488	-2364.379	-2433.767	69.38739	0.8040412	1.361514	2.799615
7494	-2363.416	-2433.718	70.3025	0.8143422	1.512578	2.121919
7500	-2360.571	-2430.759	70.18845	0.5125238	1.435669	2.507015
7506	-2370.143	-2441.212	71.06825	0.7310061	1.784269	1.470224
7512	-2384.487	-2453.601	69.11381	1.218083	1.683678	2.514461
7518	-2379.017	-2448.933	69.91633	0.7618292	1.927051	2.144368
7524	-2366.644	-2436.6	69.95616	0.7465086	1.44927	2.436682
7530	-2366.086	-2435.979	69.8926	0.8987233	1.44927	2.365477
7536	-2368.992	-2439.152	70.15952	0.6576873	1.474074	2.365477
7542	-2362.266	-2432.237	69.97095	0.8230849	1.47756	2.351493
7548	-2367.634	-2434.949	67.31539	0.6915429	1.4194	4.062688
7554	-2368.107	-2436.778	68.67103	0.5975762	1.274556	3.438898
7560	-2376.638	-2445.978	69.33933	0.7158916	1.252467	2.960087
7566	-2371.688	-2440.815	69.12727	0.9584022	1.301454	2.890779
7572	-2365.08	-2433.127	68.04668	0.7771495	1.370178	3.608562
7578	-2357.014	-2426.408	69.39353	0.6957493	1.327961	2.8976
7584	-2365.098	-2434.156	69.05848	0.6957493	1.384407	3.064983
7590	-2366.756	-2436.679	69.92332	0.6957493	1.449412	2.497732
7596	-2376.957	-2446.051	69.09486	0.7017105	1.695696	2.851094
7602	-2380.633	-2450.921	70.28749	0.7638036	1.559196	2.140644
7608	-2378.147	-2447.759	69.61137	0.9552157	1.502685	2.471384
7614	-2372.858	-2441.227	68.3685	0.8212735	1.52763	3.297843
7620	-2364.409	-2433.803	69.39427	0.8212735	1.47734	2.712383
7626	-2367.962	-2437.734	69.77195	0.8212735	1.564654	2.423601
7632	-2369.444	-2439.026	69.58106	0.924745	1.689854	2.392745
7638	-2370.272	-2441.137	70.86512	0.9348159	1.863841	1.385059
7644	-2364.157	-2434.811	70.65343	0.6904826	1.60249	1.930882
7650	-2366.61	-2437.47	70.86009	0.6849771	1.490958	1.871266
7656	-2369.936	-2439.624	69.6882	0.701249	1.568948	2.565279
7662	-2363.188	-2433.823	70.6358	0.7205613	1.643932	1.888394
7668	-2370.735	-2441.128	70.39315	0.7187348	1.435204	2.189141
7674	-2366.009	-2435.732	69.72283	0.9651638	1.585492	2.342302
7680	-2373.417	-2443.693	70.27643	1.089982	1.705992	1.817115
7686	-2372.965	-2442.911	69.94656	1.089982	1.582714	2.121012
7692	-2371.27	-2442.379	71.10944	0.6875142	1.685446	1.555151
7698	-2375.009	-2446.005	70.99549	0.4122712	1.811201	1.852004
7704	-2373.938	-2445.157	71.21857	0.7393369	1.845646	1.29613
7710	-2371.998	-2443.121	71.12365	0.7393369	1.841932	1.374971
7716	-2377.013	-2447.363	70.35068	0.684045	1.385802	2.277367
7722	-2379.014	-2449.182	70.16792	0.7305891	1.508443	2.277367
7728	-2370.173	-2440.48	70.30725	0.7305891	1.590872	2.133969
7734	-2367.39	-2438.45	71.06011	0.8961828	1.790422	1.32137
7740	-2371.369	-2442.417	71.0486	0.8280366	1.788428	1.392357
7746	-2372.505	-2443.203	70.69738	0.5623787	1.789978	1.896712
7752	-2376.993	-2447.746	70.75318	0.8264824	1.684966	1.689369
7758	-2381.133	-2451.589	70.45601	1.145028	1.684966	1.670444
7764	-2358.835	-2429.361	70.52657	0.6799862	1.59933	2.027162
7770	-2363.371	-2433.891	70.51996	0.9539323	1.66908	1.766737
7776	-2363.903	-2434.822	70.91956	0.666704	1.593741	1.776292
7782	-2366.998	-2438.054	71.05633	0.6307298	1.946899	1.456981
7788	-2375.192	-2444.733	69.54095	0.7472748	1.757799	2.502967
7794	-2364.043	-2434.499	70.45585	0.6231901	1.634506	2.101987
7800	-2372.213	-2442.431	70.21841	0.5361736	1.354161	2.51558
7806	-2371.7	-2441.629	69.92884	0.5954256	1.504768	2.546179
7812	-2376.714	-2447.888	71.17358	0.5423756	1.730116	1.627395
7818	-2365.949	-2437.213	71.26377	0.7800286	1.889799	1.179265
7824	-2369.201	-2439.941	70.74031	0.7824015	1.92989	1.559145
7830	-2372.209	-2442.175	69.96623	0.9055566	1.500869	2.280987
7836	-2364.401	-2434.893	70.49175	0.5787549	1.554505	2.172894
7842	-2369.654	-2440.097	70.44247	0.8027005	1.71917	1.900301
7848	-2376.848	-2447.29	70.44192	0.8110358	1.709946	1.900301
7854	-2370.5	-2440.76	70.25958	0.8488275	1.603615	2.064322
7860	-2370.4	-2441.286	70.8857	0.8348612	1.50923	1.713162
7866	-2372.162	-2442.62	70.45828	0.7321008	1.56373	2.051324
7872	-2367.688	-2438.065	70.37684	0.6375862	1.66174	2.122669
7878	-2366.644	-2437.068	70.42484	0.6947654	1.626712	2.063464
7884	-2366.307	-2436.031	69.72389	0.7896053	1.451101	2.548034
7890	-2372.052	-2441.532	69.47974	0.840566	1.451101	2.662393
7896	-2370.801	-2440.316	69.51514	0.840566	1.487036	2.618392
7902	-2357.535	-2427.865	70.32937	0.840566	1.687563	1.968326
7908	-2370.648	-2441.948	71.29997	0.5609439	1.681012	1.550086
7914	-2376.349	-2444.255	67.90581	0.5803177	1.217228	3.929576
7920	-2371.894	-2443.088	71.19398	0.7782335	1.720405	1.377697
7926	-2367.494	-2438.892	71.3981	0.5553547	1.680587	1.483591
7932	-2369.633	-2440.238	70.60516	0.6880467	1.535608	2.010189
7938	-2362.575	-2433.759	71.18335	0.4935279	1.663767	1.723902
7944	-2357.717	-2429.121	71.40438	0.73718	1.979117	1.016168
7950	-2359.971	-2431.016	71.0451	0.7929661	2.0126	1.247657
7956	-2375.959	-2447.56	71.60078	0.6237055	1.874732	1.07268
7962	-2376.551	-2447.859	71.30794	0.6604311	2.048511	1.135023
7968	-2370.018	-2441.397	71.37882	0.6282125	1.839019	1.290945
7974	-2372.52	-2441.451	68.93079	0.7973259	1.579413	2.948901
7980	-2372.042	-2441.473	69.43181	0.8495688	1.44586	2.688813
7986	-2376.134	-2446.993	70.859	0.5320697	1.486555	2.023489
7992	-2391.424	-2461.229	69.80421	0.5614087	1.505236	2.654471
7998	-2381.509	-2450.449	68.94029	0.7046388	1.411018	3.112716
8004	-2375.305	-2444.782	69.47658	0.4877883	1.510655	2.922593
8010	-2378.83	-2449.085	70.25554	0.7159338	1.433136	2.281408
8016	-2376.873	-2446.717	69.84444	0.694658	1.587626	2.461466
8022	-2374.192	-2444.401	70.20934	0.7511347	1.667754	2.130952
8028	-2374.639	-2444.715	70.07626	1.072429	1.736319	1.944083
8034	-2371.657	-2441.934	70.27691	0.9654362	1.636007	1.947597
8040	-2377.829	-2448.342	70.513	0.6932131	1.690682	1.963615
8046	-2370.191	-2440.993	70.80214	0.7036959	1.744212	1.718897
8052	-2367.307	-2438.409	71.10148	0.7326604	1.793645	1.436158
8058	-2368.664	-2440.122	71.458	0.4994375	1.703385	1.488424
8064	-2365.972	-2437.314	71.3417	0.6814807	1.989017	1.132772
8070	-2380.972	-2451.831	70.85881	0.7510374	1.732281	1.644419
8076	-2386.018	-2457.023	71.00468	0.6908121	1.739501	1.589145
8082	-2384.186	-2454.924	70.738	0.6698631	1.568937	1.914922
8088	-2373.355	-2444.321	70.96599	0.6698631	1.611514	1.728401
8094	-2381.915	-2452.977	71.06213	0.7970584	1.916137	1.308907
8100	-2378.37	-2449.557	71.18746	0.5162658	1.576597	1.755978
8106	-2376.721	-2447.175	70.45369	0.875988	1.681743	1.861265
8112	-2377.489	-2447.918	70.42838	0.8301198	1.494774	2.038766
8118	-2368.782	-2438.456	69.67382	0.6242893	1.277593	2.817091
8124	-2373.002	-2442.403	69.40155	0.4904878	1.509433	2.96579
8130	-2361.656	-2431.642	69.98644	0.648527	1.311553	2.583656
8136	-2364.072	-2433.961	69.88867	0.6813107	1.365048	2.583656
8142	-2362.473	-2432.181	69.70796	0.8440975	1.397099	2.552132
8148	-2365.129	-2435.771	70.64124	0.8440975	1.457593	1.910444
8154	-2367.644	-2438.131	70.48658	0.7536335	1.480788	2.069684
8160	-2361.382	-2431.821	70.43855	0.6831609	1.478628	2.161498
8166	-2367.417	-2437.491	70.07453	0.652535	1.6584	2.306757
8172	-2365.405	-2436.255	70.85012	0.6801352	1.749177	1.703337
8178	-2371.541	-2442.527	70.98575	0.6980805	1.672747	1.644287
8184	-2367.141	-2437.54	70.39904	0.7567496	1.685091	1.989669
8190	-2375.412	-2445.759	70.34693	0.7624339	1.730232	1.989669
8196	-2379.539	-2450.393	70.85343	0.7065935	1.727589	1.691724
8202	-2371.249	-2441.919	70.66962	0.6932236	1.947288	1.678575
8208	-2370.14	-2441.525	71.38531	0.6932236	1.998494	1.069973
8214	-2377.973	-2448.987	71.01413	0.6932236	2.023964	1.364352
8220	-2375.946	-2447.04	71.09474	1.003142	1.953441	1.053782
8226	-2372.785	-2443.906	71.12094	0.8135924	2.001776	1.171533
8232	-2372.846	-2444.02	71.17348	0.852752	2.090942	0.9981859
8238	-2374.993	-2446.04	71.04729	0.9275028	2.113252	1.0203
8244	-2378.515	-2449.818	71.30277	0.7597249	2.083618	0.9853584
8250	-2378.47	-2449.42	70.94924	0.7417152	1.929165	1.440278
8256	-2383.951	-2454.769	70.81873	0.7750288	1.865223	1.555555
8262	-2370.259	-2440.217	69.95847	0.7643446	1.7204	2.248883
8268	-2367.743	-2437.904	70.16051	1.002626	1.666121	1.980222
8274	-2368.849	-2439.492	70.64286	0.6344148	1.728972	1.903857
8280	-2368.831	-2439.498	70.66761	0.7932835	1.531507	1.8824
8286	-2368.992	-2438.837	69.84581	0.4818248	1.387966	2.779207
8292	-2367.22	-2436.508	69.28732	0.7066764	1.627903	2.771366
8298	-2365.757	-2434.887	69.13044	0.7623451	1.341818	2.997
8304	-2378.639	-2447.758	69.11883	0.9355902	1.252393	2.939818
8310	-2366.975	-2435.885	68.91013	0.8634537	1.316809	3.073197
8316	-2364.43	-2434.331	69.90072	0.6968751	1.593238	2.420724
8322	-2362.234	-2431.98	69.74598	0.6504262	1.474263	2.630147
8328	-2374.936	-2445.926	70.99049	0.8007372	1.662632	1.555657
8334	-2370.378	-2441.464	71.08661	0.5806479	1.794172	1.601735
8340	-2364.794	-2435.989	71.19468	0.6566923	1.662772	1.539449
8346	-2363.469	-2434.995	71.52633	0.6102672	1.920863	1.116381
8352	-2363.052	-2434.158	71.10647	0.9635554	1.960486	1.073885
8358	-2373.606	-2444.271	70.66579	1.169605	2.039971	1.219874
8364	-2361.21	-2431.458	70.24874	1.074641	1.846017	1.749099
8370	-2360.954	-2431.078	70.12417	0.7855905	1.72495	2.121854
8376	-2366.202	-2435.824	69.62136	0.8748658	1.749906	2.363389
8382	-2363.822	-2433.394	69.5717	0.6814252	1.771648	2.527844
8388	-2361.897	-2432.58	70.68353	0.8687987	1.705905	1.689971
8394	-2365.59	-2434.713	69.12302	0.5493525	1.675284	2.976559
8400	-2365.514	-2434.254	68.73997	0.642523	1.463735	3.249608
8406	-2375.788	-2445.772	69.98426	0.642523	1.368687	2.554685
8412	-2373.014	-2443.214	70.19968	0.6382457	1.369359	2.423181
8418	-2380.706	-2451.662	70.9564	0.6382457	1.615306	1.762743
8424	-2375.403	-2446.727	71.32463	0.8001297	1.761997	1.216168
8430	-2367.316	-2438.745	71.42977	0.7384662	1.934816	1.033067
8436	-2379.99	-2451.051	71.06128	0.7354934	1.67181	1.555219
8442	-2362.611	-2433.519	70.90833	0.7587222	1.602665	1.694838
8448	-2365.814	-2436.474	70.65998	0.887846	1.701614	1.694838
8454	-2369.373	-2438.822	69.44892	1.017658	1.454279	2.563579
8460	-2364.255	-2434.204	69.94924	0.5952699	1.413463	2.590341
8466	-2363.108	-2431.207	68.09847	0.6956865	1.182412	3.746402
8472	-2366.017	-2435.414	69.39699	0.9660372	1.490637	2.605433
8478	-2365.903	-2436.291	70.38758	0.5480708	1.521329	2.291462
8484	-2372.45	-2441.603	69.15317	0.9677262	1.40402	2.807058
8490	-2365.559	-2436.018	70.4597	0.5830389	1.417125	2.278053
8496	-2368.666	-2438.819	70.15275	0.6196162	1.443566	2.422498
8502	-2371.911	-2442.061	70.14995	0.6734488	1.525883	2.32512
8508	-2372.708	-2442.848	70.13946	0.7540295	1.432922	2.32512
8514	-2365.867	-2436.529	70.6621	0.4684088	1.565657	2.169986
8520	-2367.183	-2437.661	70.47759	0.7111019	1.473504	2.115569
8526	-2375.681	-2444.718	69.03691	0.5547541	1.37283	3.203399
8532	-2371.383	-2439.67	68.28675	0.8225967	1.137179	3.573283
8538	-2374.167	-2440.566	66.39934	1.00296	1.088774	4.567159
8544	-2360.02	-2428.21	68.18981	0.7997431	1.266319	3.570087
8550	-2368.299	-2437.501	69.2019	0.9934079	1.549162	2.672535
8556	-2367.258	-2437.829	70.57057	0.6539885	1.651379	1.986525
8562	-2368.6	-2439.495	70.89499	0.5940859	1.692316	1.795716
8568	-2365.314	-2436.181	70.86736	0.7974311	1.73219	1.597745
8574	-2365.029	-2435.194	70.16564	0.8670867	1.563725	2.138701
8580	-2366.935	-2437.699	70.764	0.7309438	1.478668	1.904625
8586	-2363.632	-2434.61	70.97797	0.643026	1.580249	1.767525
8592	-2363.94	-2435.307	71.36725	0.5878388	1.640351	1.500281
8598	-2366.053	-2437.486	71.43316	0.6187076	1.929884	1.180236
8604	-2369.368	-2440.179	70.81102	0.8127196	1.737086	1.622034
8610	-2365.689	-2436.181	70.49213	0.5871885	1.616262	2.124246
8616	-2375.519	-2444.331	68.81134	0.8470127	1.269125	3.171397
8622	-2371.5	-2441.462	69.96181	0.4981143	1.324391	2.730496
8628	-2368.662	-2437.811	69.14833	0.6218417	1.165213	3.201752
8634	-2374.714	-2442.599	67.88492	0.759393	0.8837394	3.994222
8640	-2369.662	-2439.677	70.01492	0.7574297	1.49676	2.361045
8646	-2365.025	-2434.816	69.79153	1.023877	1.428308	2.361045
8652	-2371	-2440.101	69.10056	0.7606447	1.303841	3.038911
8658	-2361.041	-2431.505	70.46413	0.7280372	1.524206	2.076931
8664	-2361.673	-2432.458	70.78569	0.636099	1.59985	1.892955
8670	-2364.271	-2434.388	70.11698	0.8026372	1.57469	2.211048
8676	-2368.525	-2438.559	70.03409	0.553835	1.607246	2.455332
8682	-2367.645	-2438.926	71.28123	0.7717225	1.975359	1.09628
8688	-2372.34	-2443.43	71.08921	0.9075076	1.933901	1.166732
8694	-2369.092	-2440.416	71.32397	0.63053	1.933901	1.255302
8700	-2365.82	-2436.228	70.40861	0.7884235	2.014895	1.731239
8706	-2367.836	-2438.209	70.37344	0.5006738	1.732028	2.213871
8712	-2378.46	-2448.155	69.69427	0.5006738	1.432972	2.824842
8718	-2378.741	-2448.382	69.64061	0.9158071	1.491122	2.486264
8724	-2379.818	-2446.632	66.81402	0.8415715	1.307772	4.306833
8730	-2373.181	-2442.176	68.99586	0.8403201	1.660041	2.830645
8736	-2365.863	-2436.203	70.33967	0.8274972	1.690259	1.969641
8742	-2365.643	-2434.343	68.70018	0.6101762	1.558004	3.244366
8748	-2372.39	-2442.108	69.71866	0.62841	1.541504	2.624382
8754	-2369.404	-2439.585	70.18055	0.8269255	1.61061	2.128025
8760	-2375.377	-2446.602	71.2252	0.7740022	1.95059	1.16623
8766	-2378.972	-2449.081	70.10915	0.787748	1.944633	1.984859
8772	-2369.993	-2439.943	69.95006	0.5980624	1.402139	2.594326
8778	-2364.034	-2434.131	70.09688	0.6749842	1.50207	2.372654
8784	-2367.501	-2437.509	70.00789	0.6358768	1.64443	2.372654
8790	-2369.193	-2439.844	70.65164	0.6655185	1.834109	1.796536
8796	-2372.111	-2442.22	70.10916	0.8407961	1.577611	2.185641
8802	-2367.962	-2438.945	70.98323	0.6846374	1.577687	1.726215
8808	-2368.676	-2439.344	70.66833	0.5697434	1.637227	2.011383
8814	-2364.046	-2433.679	69.63288	0.6470492	1.528678	2.669175
8820	-2360.685	-2430.21	69.52472	0.8609335	1.398043	2.653223
8826	-2370.948	-2440.235	69.28744	0.6371319	1.39772	2.967156
8832	-2373.861	-2444.061	70.20002	0.6200753	1.624195	2.27732
8838	-2368.646	-2439.318	70.67183	0.6747099	1.792715	1.802666
8844	-2386.797	-2456.978	70.18058	0.9723574	1.764565	1.921083
8850	-2372.148	-2442.556	70.40812	0.8418562	1.777176	1.853308
8856	-2372.298	-2442.892	70.59429	0.6674697	1.670609	1.945464
8862	-2378.251	-2448.408	70.15774	0.6253054	1.594293	2.31872
8868	-2365.83	-2435.798	69.9676	0.8618585	1.550319	2.279135
8874	-2362.449	-2433.119	70.66948	0.7435452	1.657082	1.836599
8880	-2364.784	-2435.383	70.59917	0.84793	1.657082	1.799713
8886	-2368.023	-2439.122	71.09913	0.6796231	1.657082	1.591154
8892	-2368.066	-2439.345	71.27891	0.5091539	1.727787	1.591154
8898	-2367.419	-2438.517	71.09838	0.6868727	1.653784	1.587105
8904	-2370.903	-2441.121	70.21809	0.8451668	1.444932	2.197808
8910	-2368.662	-2439.066	70.40434	0.6279456	1.588483	2.16131
8916	-2386.358	-2456.797	70.43863	0.6735729	1.499003	2.156495
8922	-2374.675	-2445.257	70.58248	0.620452	1.510688	2.102688
8928	-2381.86	-2450.704	68.84339	0.6456449	1.241414	3.317195
8934	-2373.164	-2444.375	71.21028	0.7080487	1.767793	1.396293
8940	-2375.908	-2443.344	67.43539	0.8560178	1.134117	4.043235
8946	-2374.441	-2442.889	68.44835	0.6867325	1.511925	3.357833
8952	-2370.49	-2439.326	68.83612	0.6814586	1.291979	3.263103
8958	-2371.79	-2440.251	68.46059	0.52786	1.368726	3.56863
8964	-2371.616	-2441.718	70.10156	0.6902258	1.415124	2.411888
8970	-2366.128	-2436.223	70.09498	0.6724396	1.442592	2.413599
8976	-2359.643	-2430.355	70.71236	0.6565678	1.627717	1.904661
8982	-2363.98	-2434.662	70.68198	0.7341915	1.556543	1.904661
8988	-2362.957	-2433.486	70.52881	0.6143102	1.61751	2.073495
8994	-2357.757	-2428.654	70.89734	0.5837714	1.675553	1.816183
9000	-2365.752	-2436.937	71.1847	0.6587005	1.640401	1.561307
9006	-2364.089	-2435.266	71.17728	0.754098	1.858929	1.303994
9012	-2367.071	-2435.97	68.89968	0.6867614	1.245382	3.248941
9018	-2374.012	-2442.887	68.87552	0.8525422	1.497124	2.993287
9024	-2368.705	-2440.06	71.35555	0.610054	1.739517	1.408985
9030	-2363.363	-2434.637	71.27456	0.6027952	1.83915	1.402648
9036	-2366.132	-2437.345	71.21246	0.6435313	1.827921	1.414801
9042	-2360.2	-2430.984	70.78454	0.7025951	1.768571	1.715139
9048	-2371.628	-2442.874	71.24614	0.8054071	1.76342	1.275353
9054	-2375.677	-2446.655	70.97846	0.9802113	1.789724	1.316681
9060	-2367.672	-2438.984	71.31166	0.7806859	1.773548	1.236915
9066	-2373.732	-2445.628	71.89603	0.4271187	1.929357	1.040536
9072	-2376.275	-2447.718	71.44336	0.7158116	1.972866	1.010576
9078	-2383.358	-2454.729	71.37157	0.810598	2.002257	0.9349227
9084	-2375.059	-2445.248	70.18851	0.9842561	1.804512	1.880394
9090	-2375.02	-2444.576	69.55574	0.5601278	1.713996	2.680105
9096	-2371.784	-2440.202	68.41795	0.7553858	1.396583	3.392042
9102	-2377.334	-2447.722	70.38789	0.7238942	1.626912	2.062941
9108	-2368.314	-2438.42	70.10563	0.8476594	1.535631	2.210055
9114	-2373.167	-2442.944	69.77685	0.8476594	1.322882	2.552932
9120	-2365.133	-2435.025	69.89163	0.6796592	1.439525	2.536905
9126	-2365.302	-2434.783	69.48068	0.733593	1.231729	2.873751
9132	-2365.277	-2435.763	70.48591	0.8276095	1.556896	1.960917
9138	-2375.644	-2446.164	70.51998	0.8276095	1.629595	1.888799
9144	-2382.589	-2452.514	69.92569	1.011005	1.722637	2.092871
9150	-2386.672	-2455.957	69.28502	0.9311172	1.372621	2.769043
9156	-2381.142	-2450.816	69.67478	0.6620994	1.340767	2.746108
9162	-2372.555	-2442.521	69.96673	1.084317	1.641905	2.072395
9168	-2369.704	-2439.895	70.19097	0.827053	1.602563	2.126378
9174	-2360.116	-2431.153	71.03689	0.6511884	1.699634	1.633247
9180	-2362.922	-2433.811	70.8892	0.8781074	1.6604	1.566948
9186	-2365.574	-2436.35	70.77632	0.8106113	1.559406	1.774318
9192	-2364.829	-2435.22	70.39144	0.8067929	1.706224	1.9403
9198	-2367.657	-2437.401	69.74431	0.8283464	1.536874	2.453322
9204	-2371.414	-2440.428	69.01425	0.6897659	1.438616	3.06371
9210	-2376.402	-2444.464	68.06108	0.8631315	1.24074	3.617463
9216	-2374.749	-2443.057	68.30762	0.8557603	1.212318	3.495364
9222	-2367.795	-2437.835	70.03968	0.6546503	1.82548	2.220038
9228	-2374.441	-2445.357	70.91582	0.6546503	1.775491	1.6623
9234	-2378.032	-2448.794	70.76255	0.6546503	1.96658	1.635164
9240	-2370.203	-2441.147	70.94334	0.615536	1.799935	1.664193
9246	-2375.893	-2446.876	70.98294	0.621955	1.751201	1.664193
9252	-2389.677	-2459.625	69.94812	0.7727614	1.738735	2.237164
9258	-2385.063	-2455.672	70.60879	0.836797	1.65498	1.803261
9264	-2375.978	-2446.28	70.30256	0.6752678	1.49734	2.244147
9270	-2374.703	-2444.478	69.77544	0.6752678	1.689643	2.456826
9276	-2377.813	-2448.291	70.47728	0.7124153	1.7024	1.963009
9282	-2374.921	-2444.665	69.74385	0.6282424	1.268137	2.776815
9288	-2372.951	-2442.807	69.85593	0.6477598	1.401592	2.609372
9294	-2368.584	-2438.326	69.74164	0.7250047	1.413869	2.609372
9300	-2373.501	-2444.441	70.9399	0.6948273	1.784605	1.599644
9306	-2363.74	-2434.641	70.90011	0.8607735	1.7254	1.525068
9312	-2381.735	-2451.217	69.48229	0.8607735	1.515135	2.607235
9318	-2380.206	-2449.519	69.31285	0.8344717	1.518454	2.727769
9324	-2360.518	-2430.984	70.46527	0.5514966	1.354172	2.345121
9330	-2381.873	-2449.702	67.8287	0.9499098	1.352533	3.633218
9336	-2377.72	-2446.91	69.18967	0.5980065	1.449253	3.02835
9342	-2385.673	-2455.84	70.16722	0.6838935	1.434715	2.363254
9348	-2383.389	-2454.36	70.97146	0.6955463	1.704747	1.633927
9354	-2375.039	-2445.997	70.9575	0.7762746	1.607326	1.641149
9360	-2364.27	-2435.764	71.49399	0.5225378	1.68396	1.447331
9366	-2370.44	-2441.712	71.27188	0.5598418	1.847712	1.447331
9372	-2374.889	-2446.242	71.35314	0.6680476	1.820165	1.282542
9378	-2375.726	-2446.762	71.03583	0.639569	1.894039	1.503056
9384	-2374.531	-2443.079	68.54852	0.7543975	1.639243	3.17259
9390	-2374.746	-2444.055	69.30953	0.7044759	1.499523	2.837697
9396	-2368.324	-2437.294	68.96976	0.881904	1.506241	2.911415
9402	-2380.671	-2451.025	70.35425	0.8557805	1.983912	1.73644
9408	-2378.842	-2448.915	70.07289	0.8858363	1.827251	2.012579
9414	-2372.958	-2443.535	70.57738	0.736804	1.618394	1.931355
9420	-2372.429	-2442.68	70.25161	0.736804	1.732854	2.072205
9426	-2372.816	-2443.61	70.79466	0.7258987	1.743209	1.704792
9432	-2365.209	-2435.185	69.97538	0.6341866	1.419274	2.535949
9438	-2369.113	-2438.425	69.31261	0.8251629	1.341692	2.842159
9444	-2366.181	-2437.049	70.86827	0.7937739	1.733625	1.599191
9450	-2363.288	-2432.074	68.78659	0.7053504	1.326006	3.253771
9456	-2360.403	-2429.645	69.24161	0.6229456	1.272478	3.081573
9462	-2359.645	-2429.484	69.83953	0.8085481	1.381378	2.505467
9468	-2368.847	-2440.034	71.18699	0.5996547	1.55932	1.678356
9474	-2374.276	-2444.648	70.37189	0.8173686	1.593857	2.020285
9480	-2373.861	-2445.08	71.21932	0.6835528	1.662702	1.494214
9486	-2373.47	-2443.732	70.2621	0.7764874	1.563138	2.144592
9492	-2368.811	-2439.395	70.58436	0.6095884	1.631582	2.031946
9498	-2364.373	-2434.985	70.61183	0.6590253	1.56938	2.009121
9504	-2365.435	-2436.533	71.09832	0.7205557	1.630418	1.572304
9510	-2375.96	-2446.759	70.79891	0.5555996	1.583362	1.974549
9516	-2360.825	-2431.438	70.61305	0.9113455	1.670975	1.731647
9522	-2366.923	-2437.297	70.37348	0.9091408	1.630783	1.925865
9528	-2362.379	-2432.319	69.94002	0.5697564	1.462913	2.588888
9534	-2373.886	-2443.377	69.49125	0.9341828	1.320997	2.672355
9540	-2365.389	-2434.236	68.84685	0.7504346	1.34472	3.173237
9546	-2366.386	-2434.46	68.07432	0.4976339	1.236445	3.896395
9552	-2370.474	-2440.577	70.10346	0.8143978	1.556953	2.222337
9558	-2366.619	-2437.609	70.98964	0.6414732	1.488689	1.824373
9564	-2370.861	-2441.374	70.51341	0.8422237	1.530839	1.948722
9570	-2371.794	-2442.473	70.67818	1.051076	1.590037	1.642051
9576	-2366.705	-2437.472	70.76661	0.6543554	1.667199	1.842794
9582	-2367.35	-2438.419	71.06841	0.6803626	1.793676	1.51232
9588	-2382.106	-2453.451	71.34508	0.6513216	1.808662	1.316904
9594	-2376.713	-2447.833	71.12007	0.8626964	1.808662	1.287853
9600	-2370.326	-2439.895	69.56851	0.6926724	1.396243	2.752255
9606	-2364.887	-2433.746	68.85826	0.6256794	1.446126	3.203962
9612	-2365.954	-2435.551	69.59702	0.6256794	1.589866	2.671921
9618	-2363.806	-2433.584	69.77782	0.5783941	1.615425	2.586865
9624	-2370.054	-2439.65	69.59594	0.917721	1.679032	2.3949
9630	-2362.012	-2432.729	70.71631	0.461545	1.614206	2.110731
9636	-2364.191	-2434.958	70.76724	0.6374461	1.545289	1.941074
9642	-2362.755	-2432.897	70.14165	0.8255956	1.545289	2.196807
9648	-2364.784	-2434.925	70.1414	0.7040141	1.585898	2.266497
9654	-2368.081	-2438.501	70.41995	0.7630908	1.724956	1.943714
9660	-2377.786	-2448.563	70.77674	0.619487	1.557124	1.943714
9666	-2370.359	-2441.016	70.65732	0.5259248	1.714263	2.012681
9672	-2365.447	-2436.868	71.42136	0.7504286	1.945941	1.015878
9678	-2370.183	-2441.588	71.40554	0.5306543	1.990156	1.264446
9684	-2379.532	-2450.426	70.89402	0.9988858	1.86761	1.306764
9690	-2371.567	-2442.709	71.1417	0.7538228	1.891432	1.306764
9696	-2371.197	-2442.566	71.36987	0.7080473	1.931981	1.127495
9702	-2367.219	-2438.363	71.14409	0.7964354	1.931981	1.228792
9708	-2371.629	-2442.492	70.86279	0.8633598	1.931981	1.394101
9714	-2374.076	-2445.289	71.21291	0.7780518	2.131706	1.004951
9720	-2369.864	-2441.397	71.53319	0.5199106	1.757452	1.363122
9726	-2367.847	-2438.981	71.13322	0.776318	1.674958	1.461472
9732	-2373.831	-2445.296	71.46495	0.5138014	1.852842	1.34944
9738	-2364.633	-2435.625	70.99103	0.6643651	1.821618	1.564817
9744	-2369.689	-2440.748	71.05913	0.7377744	1.687964	1.542765
9750	-2375.548	-2446.93	71.38222	0.7377744	1.919146	1.093564
9756	-2370.402	-2441.689	71.28637	0.7377744	1.959063	1.144129
9762	-2369.096	-2440.416	71.32057	0.7479483	1.850135	1.198271
9768	-2376.264	-2447.702	71.43778	0.6880089	1.809528	1.198271
9774	-2381.425	-2451.771	70.34551	0.7182234	1.797226	1.982767
9780	-2376.373	-2447.738	71.36467	0.6699524	1.892796	1.210118
9786	-2369.144	-2440.198	71.05351	0.7484427	1.892796	1.381207
9792	-2372.789	-2443.495	70.70541	0.7331371	1.751867	1.755047
9798	-2376.724	-2447.947	71.22342	0.5787218	1.736627	1.54575
9804	-2374.653	-2445.795	71.14126	0.8006958	1.839585	1.303339
9810	-2381.51	-2452.995	71.48532	0.6108195	2.002605	1.078238
9816	-2381.216	-2452.545	71.32885	0.9358869	1.949461	0.8869796
9822	-2362.509	-2433.792	71.28324	0.7253022	1.801693	1.293651
9828	-2369.737	-2440.654	70.91716	0.8273862	1.888381	1.417381
9834	-2367.105	-2438.088	70.98274	0.629109	1.846181	1.588471
9840	-2366.367	-2437.087	70.71954	0.6246128	1.734569	1.857195
9846	-2363.828	-2434.758	70.92971	0.6246128	1.690152	1.742424
9852	-2366.761	-2437.947	71.18676	0.7344196	1.678843	1.457023
9858	-2367.689	-2438.932	71.24313	0.6678363	1.557227	1.570404
9864	-2360.291	-2430.964	70.67251	0.7819759	1.626089	1.823515
9870	-2358.852	-2429.768	70.91665	0.5914798	1.634237	1.823515
9876	-2362.191	-2433.355	71.16381	0.4769987	1.568164	1.823515
9882	-2368.881	-2439.554	70.67349	0.7004527	1.644854	1.879731
9888	-2370.987	-2441.872	70.88483	0.7238639	1.700871	1.672652
9894	-2367.371	-2436.568	69.19689	0.7552915	1.536556	2.844647
9900	-2373.511	-2442.125	68.6136	0.6090576	1.300885	3.447362
9906	-2373.166	-2443.118	69.95212	0.8298546	1.398328	2.408628
9912	-2365.612	-2435.783	70.17123	0.7361808	1.499693	2.276347
9918	-2369.451	-2440.076	70.62501	0.5080814	1.459997	2.219226
9924	-2384.195	-2454.96	70.76474	1.020747	1.517519	1.653172
9930	-2373.924	-2443.545	69.62155	1.041828	1.456101	2.43978
9936	-2372.961	-2441.742	68.78103	0.8031537	1.434839	3.120988
9942	-2373.556	-2441.174	67.61785	0.8650779	1.252465	3.86526
9948	-2372.403	-2441.035	68.63117	0.6821653	1.293951	3.38202
9954	-2360.49	-2428.994	68.50353	0.7664819	1.314504	3.38202
9960	-2363.676	-2433.196	69.52035	0.6988537	1.470452	2.731382
9966	-2361.246	-2431.265	70.01978	0.6000195	1.425394	2.534812
9972	-2363.948	-2432.293	68.34527	0.6916496	1.303907	3.535999
9978	-2369.283	-2438.881	69.59764	0.7451103	1.289292	2.758897
9984	-2363.566	-2432.8	69.23375	0.9491274	1.421656	2.758897
9990	-2376.518	-2446.021	69.5029	0.8024379	1.470255	2.663514
9996	-2380.217	-2449.594	69.37643	0.8024379	1.479062	2.73572
10002	-2371.887	-2440.443	68.55579	0.8024379	1.413948	3.267396
10008	-2358.757	-2428.748	69.99087	0.728796	1.519592	2.384418
10014	-2371.343	-2440.369	69.02637	0.728796	1.308402	3.10416
10020	-2376.181	-2445.029	68.8472	0.728796	1.156442	3.300371
10026	-2369.203	-2438.831	69.62791	0.6399241	1.529418	2.677836
10032	-2377.419	-2446.729	69.31062	1.003831	1.407807	2.68618
10038	-2368.154	-2437.214	69.05977	0.7835602	1.468397	2.947952
10044	-2363.97	-2433.153	69.18263	0.6336247	1.4395	3.007949
10050	-2362.664	-2432.893	70.22862	0.6842681	1.552513	2.24852
10056	-2360.293	-2431.05	70.75681	0.6363342	1.585482	1.922042
10062	-2361.882	-2432.532	70.64984	0.5920626	1.407123	2.153127
10068	-2357.433	-2427.678	70.24432	0.6743486	1.566245	2.23807
10074	-2361.051	-2430.921	69.87	0.6954462	1.471061	2.517759
10080	-2363.678	-2433.052	69.37394	0.6595676	1.411293	2.88821
10086	-2359.626	-2429.937	70.31019	0.7192212	1.565387	2.158071
10092	-2364.821	-2435.44	70.61899	0.7449157	1.837123	1.745545
10098	-2359.495	-2430.294	70.79882	0.5313053	1.755738	1.883838
10104	-2367.534	-2438.276	70.74255	0.5317153	1.765115	1.915216
10110	-2376.68	-2447.031	70.35113	0.7956867	1.765115	1.936599
10116	-2373.218	-2444.692	71.47348	0.441199	1.679281	1.569538
10122	-2374.456	-2446.004	71.54775	0.5845233	1.867953	1.177587
10128	-2375.033	-2446.096	71.0632	0.576931	1.748905	1.65529
10134	-2383.18	-2453.434	70.2538	0.4871922	1.575994	2.404183
10140	-2383.523	-2452.722	69.19898	0.6565288	1.393248	3.006921
10146	-2366.156	-2434.631	68.47464	0.6650631	1.492288	3.370915
10152	-2362.922	-2432.161	69.23837	0.698302	1.499575	2.885642
10158	-2362.41	-2432.876	70.46614	0.6270518	1.509943	2.173009
10164	-2359.96	-2429.822	69.86104	0.8043409	1.632175	2.33697
10170	-2365.813	-2435.536	69.72249	0.9575572	1.731255	2.254382
10176	-2367.05	-2437.011	69.96052	0.8564685	1.438368	2.358862
10182	-2364.916	-2434.981	70.06559	0.7012358	1.520528	2.358862
10188	-2362.514	-2431.341	68.82794	0.8563289	1.550195	2.987434
10194	-2376.625	-2447.592	70.96635	0.5368198	1.550988	1.903207
10200	-2376.358	-2447.202	70.84402	0.5533506	1.71456	1.857592
10206	-2367.183	-2437.915	70.73217	0.82793	1.840586	1.591341
10212	-2363.487	-2434.416	70.9292	0.666568	1.861499	1.578729
10218	-2361.606	-2432.521	70.91465	0.78874	1.782952	1.533295
10224	-2370.378	-2441.839	71.46008	0.5871239	1.792683	1.31067
10230	-2366.094	-2437.518	71.4236	0.6232859	1.792683	1.297878
10236	-2372.95	-2444.123	71.17342	0.6232859	1.865994	1.437346
10242	-2373.094	-2444.016	70.92216	0.8867127	1.790864	1.437346
10248	-2359.748	-2430.62	70.87183	0.8867127	1.781186	1.482982
10254	-2367.395	-2438.549	71.15356	0.7687167	1.798919	1.356744
10260	-2365.329	-2436.554	71.22441	0.7696274	1.896678	1.217912
10266	-2368.343	-2439.827	71.48379	0.6079204	1.896678	1.178514
10272	-2368.608	-2440.028	71.42071	0.7529599	1.881655	1.075121
10278	-2363.461	-2434.588	71.12705	0.7529599	1.986948	1.241074
10284	-2367.942	-2439.194	71.25151	0.7939008	1.914886	1.153531
10290	-2370.16	-2441.557	71.39766	0.6013938	1.797022	1.340528
10296	-2365.952	-2436.954	71.00212	0.7469546	1.99069	1.345947
10302	-2367.982	-2439.416	71.43449	0.6985243	2.08104	0.9311781
10308	-2373.667	-2445.144	71.47682	0.6985243	2.05692	0.9112591
10314	-2372.002	-2443.17	71.16716	0.9821936	1.950689	1.006545
10320	-2373.208	-2444.61	71.40186	0.5181125	1.855248	1.391724
10326	-2370.621	-2442.075	71.45384	0.5928135	1.877079	1.239485
10332	-2371.195	-2442.53	71.33527	0.6884644	1.784142	1.304314
10338	-2375.255	-2446.298	71.04238	0.8928972	1.835137	1.302455
10344	-2361.514	-2432.6	71.08661	0.8055471	1.857128	1.328655
10350	-2365.947	-2437.395	71.44763	0.6130247	1.951214	1.156032
10356	-2372.831	-2443.821	70.99032	0.9327099	1.993482	1.177624
10362	-2362.728	-2433.39	70.66177	0.8465092	1.698897	1.727968
10368	-2361.701	-2431.806	70.10533	0.772381	1.698712	2.161623
10374	-2362.935	-2433.121	70.18607	0.7960207	1.663364	2.113522
10380	-2365.32	-2435.83	70.51002	0.7099895	1.571742	2.030407
10386	-2364.665	-2435.306	70.64018	0.7594627	1.630392	1.86149
10392	-2372.338	-2442.842	70.50407	0.8635499	1.64701	1.860001
10398	-2369.958	-2441.173	71.21465	0.4688678	1.73752	1.679175
10404	-2367.383	-2438.222	70.83963	0.8382048	1.720186	1.592196
10410	-2372.119	-2441.953	69.83384	0.8847554	1.467818	2.400552
10416	-2383.503	-2453.122	69.61896	1.01469	1.547515	2.400552
10422	-2369.213	-2440.421	71.20747	0.7412514	1.81039	1.331619
10428	-2367.619	-2437.6	69.98135	0.9467952	1.643417	2.150971
10434	-2367.634	-2436.773	69.13882	0.8977831	1.515812	2.792606
10440	-2376.132	-2445.574	69.44181	0.6804747	1.380869	2.848531
10446	-2373.333	-2442.317	68.9848	1.001187	1.718508	2.697087
10452	-2370.358	-2438.337	67.97908	0.7232792	1.317557	3.716775
10458	-2374.998	-2443.335	68.33723	0.72812	1.418788	3.446231
10464	-2379.655	-2450.034	70.37846	0.72812	1.670942	2.036519
10470	-2375.519	-2445.657	70.13732	0.9441481	1.752468	1.9779
10476	-2380.248	-2450.831	70.5834	0.9441481	1.825472	1.617908
10482	-2373.221	-2443.501	70.27925	0.6333542	1.574593	2.246288
10488	-2375.578	-2446.197	70.61939	0.821792	1.624565	1.828835
10494	-2373.093	-2443.202	70.10878	1.091793	1.729655	1.914315
10500	-2369.255	-2439.488	70.23324	0.6522034	1.606498	2.238582
10506	-2362.619	-2433.173	70.5539	0.6511762	1.705048	1.964333
10512	-2366.524	-2436.901	70.3764	0.8461391	1.640166	1.964333
10518	-2378.154	-2448.59	70.43638	0.8398195	1.759927	1.847347
10524	-2373.069	-2443.725	70.65596	0.6190671	1.61177	1.988459
10530	-2383.313	-2454.045	70.73198	0.6464719	1.718802	1.838565
10536	-2376.818	-2447.227	70.40892	0.6514965	1.606454	2.125278
10542	-2369.591	-2439.626	70.03562	0.5697041	1.684095	2.390719
10548	-2366.871	-2436.097	69.22601	0.7348375	1.471211	2.881997
10554	-2367.947	-2436.953	69.00533	0.7348375	1.368488	3.076323
10560	-2372.775	-2443.118	70.3435	0.6675773	1.669668	2.112423
10566	-2365.698	-2434.198	68.49919	0.4820005	1.327906	3.613681
10572	-2373.565	-2443.356	69.79106	0.8368612	1.476502	2.455748
10578	-2372.049	-2442.089	70.03977	0.7787374	1.476502	2.341673
10584	-2369.575	-2440.264	70.68898	0.7861982	1.685953	1.767112
10590	-2364.408	-2434.983	70.57505	0.5393232	1.585109	2.137993
10596	-2363.69	-2434.047	70.35718	0.7379215	1.513558	2.145825
10602	-2366.225	-2436.672	70.44693	0.6516785	1.536723	2.145825
10608	-2368.823	-2439.437	70.61453	0.5637533	1.49592	2.145825
10614	-2378.905	-2448.184	69.27897	0.7419392	1.384852	2.896818
10620	-2367.664	-2438.351	70.68683	0.8623833	1.634825	1.742833
10626	-2374.356	-2444.056	69.70032	0.6799154	1.426741	2.663043
10632	-2384.287	-2454.983	70.69574	0.7840191	1.887393	1.621238
10638	-2378.528	-2449.367	70.83928	0.7840191	1.784607	1.59165
10644	-2368.857	-2440.17	71.31234	0.7846276	1.818709	1.193956
10650	-2368.868	-2440.297	71.4289	0.6915997	1.818709	1.193956
10656	-2376.791	-2448.082	71.29068	0.9133227	1.694813	1.193956
10662	-2375.381	-2446.503	71.12267	0.7900962	1.742571	1.40496
10668	-2377.356	-2448.404	71.04832	0.6961951	1.839441	1.477364
10674	-2374.078	-2444.563	70.48539	0.5690525	1.446714	2.256018
10680	-2370.395	-2439.432	69.03629	0.684799	1.424313	3.062995
10686	-2367.21	-2436.53	69.32027	0.6603778	1.539439	2.842435
10692	-2362.584	-2433.454	70.87011	0.7176702	1.659994	1.717677
10698	-2369.436	-2439.9	70.46404	0.6262741	1.832227	1.962524
10704	-2355.17	-2425.037	69.86704	0.701873	1.630223	2.414535
10710	-2361.91	-2431.528	69.61747	0.7945142	1.654452	2.483907
10716	-2363.766	-2433.485	69.71839	1.055687	1.561748	2.303003
10722	-2363.686	-2433.643	69.95734	0.715912	1.550146	2.396659
10728	-2364.321	-2434.844	70.52355	0.6407839	1.718743	1.985083
10734	-2382.313	-2452.147	69.83339	0.4791264	1.715259	2.588524
10740	-2379.512	-2450.612	71.10043	0.7494256	1.971485	1.27958
10746	-2376.303	-2447.603	71.30017	0.7494256	1.987936	1.092413
10752	-2372.403	-2443.934	71.53102	0.5790219	1.988128	1.092413
10758	-2370.207	-2441.61	71.40331	0.6309073	1.903176	1.214007
10764	-2366.825	-2438.169	71.34423	0.7761349	2.02495	0.9825621
10770	-2364.363	-2435.858	71.49436	0.6213757	1.980545	1.076336
10776	-2371.381	-2442.297	70.91568	0.9772312	1.899619	1.280835
10782	-2375.354	-2445.258	69.90449	0.6192331	1.432269	2.585015
10788	-2381.217	-2450.732	69.51505	0.9844687	1.38677	2.585015
10794	-2367.112	-2437.8	70.68823	0.734214	1.684964	1.812518
10800	-2366.561	-2437.585	71.02421	0.892839	1.678854	1.439856
10806	-2371.259	-2442.139	70.88013	0.5461772	1.610609	1.911314
10812	-2376.428	-2444.852	68.4242	0.6324857	1.402689	3.479126
10818	-2376.495	-2445.158	68.66351	0.9583481	1.456159	3.076461
10824	-2368.054	-2437.696	69.64159	0.6049381	1.379769	2.791356
10830	-2366.995	-2434.907	67.91153	0.9213954	1.458589	3.540888
10836	-2366.947	-2436.709	69.76194	0.4977423	1.545533	2.717846
10842	-2364.403	-2434.735	70.33196	0.5715456	1.588892	2.260834
10848	-2362.554	-2432.483	69.92901	0.6800414	1.595837	2.415227
10854	-2368.291	-2439.659	71.36836	0.569881	1.889221	1.327507
10860	-2363.62	-2434.061	70.44182	0.9751139	1.645049	1.82247
10866	-2363.736	-2434.86	71.12388	0.7872579	1.723657	1.421279
10872	-2363.869	-2434.406	70.53714	0.9999933	1.924421	1.537573
10878	-2363.375	-2433.568	70.19249	1.055742	1.769722	1.853329
10884	-2361.186	-2431.821	70.6341	0.8365444	1.55721	1.853329
10890	-2367.742	-2438.122	70.38049	0.724403	1.473425	2.167866
10896	-2373.241	-2443.042	69.80086	0.9392331	1.38516	2.436647
10902	-2367.293	-2436.6	69.30703	0.5774505	1.236747	3.103312
10908	-2365.092	-2435.038	69.94629	1.053087	1.440235	2.236383
10914	-2364.322	-2434.781	70.4593	0.8191742	1.672388	1.907558
10920	-2371.211	-2441.199	69.98809	1.143773	1.631951	2.02861
10926	-2364.467	-2435.256	70.78883	0.7015334	1.631951	1.808489
10932	-2367.086	-2438.058	70.97214	0.7096072	1.567373	1.718337
10938	-2371.573	-2440.946	69.37316	0.762997	1.471591	2.771184
10944	-2369.968	-2439.566	69.59821	0.5916155	1.566406	2.715694
10950	-2383.734	-2454.76	71.0264	1.099709	1.92978	1.052797
10956	-2381.525	-2452.987	71.46146	0.7110822	1.906904	1.062677
10962	-2366.457	-2437.648	71.19177	0.7791304	1.984464	1.160411
10968	-2360.724	-2432.131	71.40703	0.8045656	1.98787	0.9197327
10974	-2371.503	-2442.947	71.44426	0.6993108	1.839423	1.153748
10980	-2383.907	-2452.836	68.92953	0.83744	1.621115	2.896392
10986	-2363.897	-2434.324	70.42679	0.563425	1.467787	2.285547
10992	-2366.358	-2437.135	70.77723	0.464153	1.469847	2.162226
10998	-2366.406	-2436.96	70.55384	0.464153	1.461243	2.311635
11004	-2368.282	-2438.93	70.64821	0.6984779	1.461243	2.021922
11010	-2378.049	-2447.964	69.91436	1.018063	1.593285	2.18015
11016	-2374.054	-2444.693	70.63843	0.7147319	1.790136	1.791316
11022	-2371.611	-2441.962	70.35093	0.7265869	1.506334	2.163892
11028	-2377.052	-2447.462	70.41012	0.6385894	1.574858	2.156731
11034	-2369.718	-2439.781	70.06336	0.9174963	1.583448	2.156731
11040	-2367.036	-2437.132	70.09651	0.8275793	1.649892	2.156731
11046	-2358.653	-2429.813	71.15969	0.7131498	1.77803	1.422472
11052	-2377.611	-2448.675	71.06406	0.7131498	1.680596	1.567571
11058	-2374.746	-2445.028	70.28262	0.7411149	1.454103	2.230101
11064	-2367.425	-2436.791	69.36609	0.781893	1.464145	2.766082
11070	-2365.607	-2434.942	69.33499	0.6700842	1.336644	2.948185
11076	-2353.656	-2422.629	68.97349	0.7112558	1.376155	3.10862
11082	-2364.231	-2433.376	69.14569	0.8441722	1.479131	2.846849
11088	-2361.723	-2433.097	71.37388	0.6279811	1.947465	1.204844
11094	-2362.08	-2430.549	68.46912	0.6525978	1.562564	3.342823
11100	-2367.929	-2436.938	69.00924	0.6525978	1.458249	3.084748
11106	-2363.985	-2434.833	70.84761	0.8381445	1.706208	1.596615
11112	-2365.596	-2436.159	70.56361	0.6281777	1.657109	2.01121
11118	-2362.66	-2432.481	69.82066	0.7599046	1.577227	2.431028
11124	-2363.443	-2433.542	70.09882	0.7676722	1.51187	2.290004
11130	-2374.08	-2444.393	70.31276	0.7436381	1.67233	2.066165
11136	-2377.455	-2447.684	70.2298	0.8127683	1.671999	2.066165
11142	-2361.615	-2431.551	69.93568	0.7782217	1.756102	2.229738
11148	-2365.813	-2435.477	69.66385	0.6689432	1.822646	2.4487
11154	-2367.547	-2437.01	69.46313	0.664355	1.559855	2.739694
11160	-2378.904	-2448.591	69.68733	0.6751655	1.685647	2.514561
11166	-2373.376	-2442.358	68.98234	0.6751655	1.527145	3.041424
11172	-2369.994	-2439.944	69.94938	0.4308614	1.581122	2.652407
11178	-2370.838	-2441.286	70.44818	0.5070748	1.696502	2.181679
11184	-2368.936	-2438.629	69.69353	0.6809938	1.686293	2.505444
11190	-2366.013	-2436.321	70.30845	0.7361795	1.637759	2.097888
11196	-2378.088	-2449.371	71.28258	0.6783044	1.73212	1.398127
11202	-2368.899	-2440.101	71.2018	0.6621725	1.788081	1.434054
11208	-2365.405	-2436.448	71.04322	0.5410258	1.686643	1.752353
11214	-2364.23	-2434.598	70.36791	0.6013283	1.552762	2.232644
11220	-2364.413	-2433.404	68.99108	0.8289345	1.470246	2.956133
11226	-2360.562	-2430.68	70.1179	0.524724	1.378089	2.574533
11232	-2373.214	-2443.791	70.57681	0.5919378	1.667433	2.030177
11238	-2371.796	-2442.29	70.49397	0.5792691	1.769017	2.030177
11244	-2371.515	-2442.252	70.73709	0.6586462	1.73169	1.814703
11250	-2366.678	-2437.092	70.41434	0.6793675	1.58502	2.111136
11256	-2368.272	-2438.257	69.98439	0.6793675	1.68408	2.32478
11262	-2369.589	-2440.116	70.52715	0.6223464	1.542647	2.11624
11268	-2368.504	-2438.945	70.44122	0.9337207	1.775526	1.762132
11274	-2370.409	-2440.877	70.46795	0.7216447	1.648888	1.997145
11280	-2369.642	-2440.127	70.48429	0.6974784	1.659217	2.000127
11286	-2366.187	-2435.478	69.29181	0.6483218	1.646591	2.804628
11292	-2368.315	-2438.193	69.87891	0.8077346	1.723496	2.264668
11298	-2369.121	-2439.788	70.66664	0.7528045	1.993492	1.592889
11304	-2370.453	-2441.617	71.16394	0.7296382	1.960589	1.256571
11310	-2365.455	-2435.831	70.37609	0.7292997	2.014361	1.804875
11316	-2365.832	-2436.535	70.70281	0.6750535	1.978645	1.649622
11322	-2371.728	-2441.602	69.87379	1.153067	1.650616	2.08625
11328	-2373.496	-2443.841	70.34495	0.6446604	1.627367	2.159493
11334	-2384.457	-2454.983	70.52662	0.6249626	1.562111	2.101404
11340	-2373.099	-2443.709	70.60988	0.8814116	1.573997	1.82392
11346	-2377.657	-2448.068	70.41121	1.022787	1.62584	1.82392
11352	-2378.893	-2449.182	70.28882	0.8342754	1.590401	2.064664
11358	-2376.04	-2446.531	70.49115	0.6846063	1.526303	2.094708
11364	-2376.716	-2446.225	69.50852	0.7771858	1.567092	2.618878
11370	-2378.447	-2448.877	70.42931	0.6380314	1.452437	2.224115
11376	-2366.621	-2436.316	69.69585	0.7153035	1.47851	2.605359
11382	-2370.369	-2440.923	70.55403	0.8071298	1.663313	1.858813
11388	-2376.986	-2447.163	70.1771	1.044634	1.59108	1.991695
11394	-2365.135	-2435.473	70.33706	0.6791007	1.642983	2.124009
11400	-2363.042	-2433.356	70.31431	0.6791007	1.665737	2.124009
11406	-2363.566	-2434.007	70.44119	0.6791007	1.591563	2.089455
11412	-2362.401	-2432.77	70.36888	0.8766399	1.642026	1.945229
11418	-2374.302	-2444.667	70.36495	0.8189088	1.566772	2.041664
11424	-2374.194	-2442.546	68.35201	0.6367347	1.333882	3.557845
11430	-2366.823	-2436.84	70.0167	0.7779277	1.457667	2.368895
11436	-2371.682	-2441.259	69.57736	0.7467461	1.303147	2.761582
11442	-2364.491	-2435.173	70.68156	0.6552401	1.675087	1.894648
11448	-2364.618	-2434.963	70.34556	0.7934122	1.643388	2.023561
11454	-2364.034	-2433.646	69.61224	0.7901497	1.646982	2.495102
11460	-2362.992	-2433.419	70.4262	0.7494221	1.532769	2.078648
11466	-2363.17	-2433.168	69.99839	0.7077672	1.523815	2.393974
11472	-2371.603	-2443.106	71.50321	0.4941773	1.616355	1.526247
11478	-2364.816	-2436.206	71.38961	0.7164477	1.842837	1.179229
11484	-2362.972	-2434.05	71.07755	0.6995383	1.791054	1.488523
11490	-2369.594	-2440.278	70.68412	0.8572852	1.74399	1.67159
11496	-2375.335	-2445.442	70.10787	0.7826778	1.541991	2.253274
11502	-2369.399	-2438.724	69.32411	0.8015282	1.122188	2.984345
11508	-2369.515	-2438.69	69.17471	0.7749739	1.303274	2.984345
11514	-2371.496	-2440.772	69.27573	0.6750571	1.389657	2.947932
11520	-2376.861	-2444.879	68.01775	0.6047236	1.278258	3.8097
11526	-2368.741	-2437.615	68.87378	0.6108802	1.447099	3.206671
11532	-2368.303	-2439.036	70.73342	0.713887	1.628148	1.838302
11538	-2370.893	-2441.729	70.83627	0.713887	1.651315	1.750948
11544	-2377.732	-2447.546	69.81341	0.663968	1.541593	2.535149
11550	-2371.132	-2440.834	69.70164	0.5154974	1.416666	2.815538
11556	-2368.105	-2438.478	70.37348	0.5743493	1.519684	2.275891
11562	-2371.135	-2441.438	70.30275	1.056298	1.610585	1.886321
11568	-2365.945	-2436.247	70.3025	0.6900206	1.60202	2.163843
11574	-2374.398	-2445.103	70.7049	0.7192099	1.726608	1.785292
11580	-2369.456	-2439.746	70.2899	0.7572342	1.515214	2.172938
11586	-2365.619	-2435.692	70.07291	0.7761863	1.709124	2.172938
11592	-2359.529	-2430.194	70.66486	0.6765653	1.634783	1.913791
11598	-2364.12	-2433.24	69.12012	0.8060966	1.316578	2.986886
11604	-2369.78	-2438.992	69.2118	0.5430408	1.57912	2.986886
11610	-2366.134	-2434.411	68.27655	0.7559039	1.472971	3.429757
11616	-2370.63	-2439.648	69.01797	0.8683548	1.473359	2.911194
11622	-2374.322	-2443.849	69.52664	0.9270834	1.519433	2.532262
11628	-2363.548	-2434.147	70.5986	0.7786908	1.664332	1.850728
11634	-2366.496	-2437.624	71.12784	0.7775598	1.824601	1.348284
11640	-2360.584	-2430.786	70.2019	0.8685856	1.559541	2.116648
11646	-2361.351	-2431.394	70.04286	0.8285296	1.632646	2.202024
11652	-2371.898	-2442.987	71.08925	0.8281442	1.819452	1.335674
11658	-2377.159	-2447.765	70.60622	0.8560006	1.55815	1.856693
11664	-2367.357	-2438.5	71.1424	0.6441241	1.770419	1.511096
11670	-2363.87	-2435.379	71.50861	0.6441241	1.748402	1.240225
11676	-2367.654	-2437.99	70.33547	0.9940319	1.513193	1.971239
11682	-2368.379	-2439.324	70.94444	0.6200076	1.772688	1.678302
11688	-2375.258	-2445.129	69.87114	0.5999503	1.589018	2.525534
11694	-2367.97	-2437.7	69.73038	0.6653538	1.550814	2.579859
11700	-2369.484	-2439.02	69.53595	0.8263194	1.544789	2.579859
11706	-2367.852	-2438.728	70.87679	0.7324556	1.741341	1.641649
11712	-2365.449	-2435.989	70.53977	0.7195135	1.679651	1.930156
11718	-2365.702	-2436.372	70.66977	0.6999711	1.755802	1.806584
11724	-2363.054	-2433.598	70.54343	0.7344964	1.626365	1.950804
11730	-2364.794	-2435.67	70.87609	0.9350332	1.672876	1.522122
11736	-2374.985	-2446.045	71.06011	0.8297987	1.731607	1.425902
11742	-2375.482	-2446.256	70.77377	0.6151231	1.54327	1.959203
11748	-2376.913	-2447.63	70.7173	0.8688104	1.743144	1.639214
11754	-2367.681	-2438.072	70.39149	0.7292603	1.646871	2.042875
11760	-2365.979	-2436.488	70.50868	0.752053	1.596867	1.979227
11766	-2377.917	-2449.252	71.33516	0.6400687	1.827723	1.32204
11772	-2366.258	-2437.017	70.75961	0.6396713	1.526173	1.956981
11778	-2368.685	-2438.838	70.15365	0.7744389	1.546366	2.227373
11784	-2367.214	-2437.322	70.10748	0.7148131	1.482411	2.345338
11790	-2364.122	-2434.574	70.45114	0.691423	1.666314	2.022739
11796	-2363.301	-2434.513	71.21242	0.66234	1.593318	1.571898
11802	-2377.45	-2447.683	70.23263	1.063934	1.709431	1.861746
11808	-2370.201	-2441.351	71.14944	0.7205981	2.017295	1.230867
11814	-2371.649	-2442.534	70.88545	0.8409568	1.641296	1.613944
11820	-2369.015	-2439.372	70.35739	0.8868423	1.651114	1.9393
11826	-2366.616	-2437.183	70.56742	0.6861663	1.681708	1.9393
11832	-2363.176	-2433.635	70.45925	0.6248812	1.669889	2.074918
11838	-2361.494	-2430.553	69.05899	0.7328687	1.508977	2.96146
11844	-2364.059	-2434.627	70.56805	0.6110803	1.540546	2.101338
11850	-2361.861	-2432.28	70.41866	0.6583095	1.546495	2.151976
11856	-2363.837	-2434.381	70.54426	0.6583095	1.614939	2.024399
11862	-2369.265	-2438.842	69.57685	0.7363903	1.433388	2.690054
11868	-2370.071	-2439.979	69.90898	0.7363903	1.46064	2.467102
11874	-2365.424	-2436.052	70.62817	0.6282281	1.591255	2.012028
11880	-2363.674	-2433.285	69.61133	0.699334	1.470933	2.67489
11886	-2364.759	-2433.864	69.10448	0.5909037	1.470933	3.072546
11892	-2368.297	-2437.79	69.49297	0.7287391	1.329317	2.810799
11898	-2369.17	-2439.523	70.3534	0.5784121	1.55713	2.260853
11904	-2364.25	-2433.042	68.79196	0.791954	1.487616	3.090919
11910	-2368.554	-2438.329	69.77573	0.6475048	1.472765	2.615174
11916	-2365.068	-2435.122	70.05419	0.7019361	1.506256	2.374556
11922	-2369.75	-2439.714	69.96394	0.7316992	1.472361	2.428914
11928	-2370.388	-2438.857	68.4688	0.8880497	1.485091	3.219376
11934	-2373.89	-2444.055	70.16451	0.8780648	1.432853	2.216491
11940	-2365.14	-2436.034	70.8939	0.5224418	1.60087	1.93391
11946	-2378.47	-2448.441	69.9707	0.8255833	1.495604	2.338356
11952	-2370.91	-2440.66	69.75021	0.9104609	1.687181	2.296626
11958	-2367.817	-2438.498	70.68056	0.8493302	1.843795	1.608803
11964	-2360.991	-2431.736	70.74447	0.7467229	1.627205	1.802771
11970	-2368.959	-2439.438	70.4791	0.7920484	1.670007	1.917332
11976	-2369.366	-2440.287	70.92075	0.6561108	1.571411	1.800929
11982	-2369.838	-2440.402	70.56359	0.375908	1.349727	2.480117
11988	-2368.918	-2440.228	71.31039	0.567656	1.541257	1.636908
11994	-2369.421	-2438.117	68.69637	0.7009536	1.442396	3.241674
12000	-2370.927	-2440.711	69.78439	0.6483801	1.431063	2.634835
12006	-2363.981	-2433.763	69.78197	0.6002432	1.482175	2.646773
12012	-2368.142	-2438.962	70.81958	0.7507275	1.719988	1.681538
12018	-2363.97	-2433.844	69.8736	0.8555026	1.687855	2.255776
12024	-2367.039	-2438.002	70.96294	0.5220786	1.692601	1.824771
12030	-2370.816	-2441.697	70.88057	0.6228764	1.588287	1.848779
12036	-2371.39	-2442.17	70.7796	0.5746025	1.535959	1.999853
12042	-2380.171	-2451.008	70.83683	0.6329269	1.597757	1.862554
12048	-2371.618	-2442.124	70.50568	0.7383747	1.597757	1.992
12054	-2364.85	-2433.621	68.77111	0.6291956	1.36993	3.297556
12060	-2356.558	-2426.955	70.39769	0.8101302	1.53572	2.047317
12066	-2374.919	-2444.388	69.46843	0.7747217	1.682596	2.574025
12072	-2374.419	-2444.27	69.85168	0.7960953	1.779175	2.255211
12078	-2373.293	-2443.284	69.99083	0.7702511	1.577112	2.315308
12084	-2371.994	-2440.801	68.80626	1.103801	1.624621	2.803198
12090	-2363.118	-2433.413	70.29536	0.6003058	1.63798	2.225434
12096	-2360.718	-2430.869	70.15117	0.8290401	1.611687	2.144912
12102	-2365.012	-2435.451	70.43877	0.5866503	1.583981	2.180543
12108	-2364.603	-2434.781	70.17762	0.4819365	1.531132	2.485846
12114	-2366.67	-2436.665	69.99547	0.6074487	1.453665	2.52564
12120	-2358.159	-2428.652	70.49394	0.5888695	1.563052	2.156162
12126	-2366.123	-2436.463	70.34074	0.7141296	1.544278	2.156162
12132	-2367.29	-2436.892	69.60171	0.7141296	1.347579	2.744698
12138	-2366.874	-2436.664	69.78963	0.5082936	1.456598	2.744698
12144	-2375.709	-2446.683	70.97437	0.5393817	1.558288	1.890073
12150	-2368.463	-2438.88	70.41726	0.9406041	1.606468	1.890073
12156	-2374.213	-2444.927	70.71395	0.946435	1.643702	1.653079
12162	-2371.26	-2441.611	70.35114	0.7652442	1.761048	1.963934
12168	-2370.682	-2440.601	69.91968	0.9155759	1.734185	2.153467
12174	-2360.62	-2430.866	70.24617	0.7610149	1.826503	1.99383
12180	-2369.336	-2439.539	70.20339	0.835396	1.698456	2.048872
12186	-2369.066	-2439.271	70.20517	0.851071	1.898785	1.901627
12192	-2372.215	-2443.074	70.85938	0.5947557	1.861593	1.701423
12198	-2372.745	-2443.586	70.84048	0.4452148	1.728453	1.971969
12204	-2370.605	-2441.849	71.24456	0.6649685	1.821052	1.372278
12210	-2384.693	-2455.613	70.92055	0.8076697	1.789709	1.50719
12216	-2369.639	-2440.208	70.56882	0.5918099	1.715938	2.00337
12222	-2367.172	-2437.765	70.59346	0.5757635	1.71509	2.00337
12228	-2368.556	-2439.349	70.79251	0.6690704	1.571755	1.876717
12234	-2364.255	-2435.611	71.35605	0.5485038	1.536223	1.628761
12240	-2372.503	-2442.756	70.25234	0.9427859	1.647608	1.97205
12246	-2371.182	-2441.45	70.26711	0.6030744	1.598559	2.266373
12252	-2368.865	-2439.727	70.86247	0.5043255	1.660479	1.934741
12258	-2374.386	-2445.553	71.16787	0.5898356	1.575701	1.690517
12264	-2373.4	-2443.566	70.16654	0.8081953	1.605361	2.154785
12270	-2373.298	-2444.591	71.29348	0.7227307	1.811997	1.279517
12276	-2366.447	-2437.878	71.43101	0.6106256	1.834719	1.272175
12282	-2370.354	-2441.683	71.32921	0.7495225	1.834719	1.202407
12288	-2361.768	-2432.824	71.05593	0.5677572	1.931307	1.53781
12294	-2361.722	-2432.735	71.01297	0.8197236	1.851021	1.378773
12300	-2364.378	-2435.574	71.19659	0.6040158	1.716804	1.552759
12306	-2370.74	-2441.417	70.67618	0.6812403	1.731112	1.836144
12312	-2371.35	-2441.638	70.28843	0.9452751	1.809324	1.836144
12318	-2360.103	-2431.421	71.31865	0.5710952	1.809324	1.427816
12324	-2357.812	-2428.775	70.96331	0.7371507	1.751664	1.567015
12330	-2363.846	-2435.123	71.27729	0.6797099	1.919438	1.250305
12336	-2373.044	-2443.847	70.80227	0.620205	1.89828	1.689895
12342	-2368.425	-2438.574	70.14909	1.059794	1.798618	1.86059
12348	-2368.581	-2439.096	70.51473	0.7771494	1.751959	1.849428
12354	-2365.681	-2436.547	70.86637	0.5995657	1.741061	1.776183
12360	-2366.058	-2435.434	69.37693	0.8781981	1.675269	2.56129
12366	-2366.031	-2435.498	69.46683	0.9254415	1.530653	2.563575
12372	-2365.715	-2434.986	69.27063	1.008453	1.516161	2.641267
12378	-2363.777	-2433.49	69.71282	0.8348699	1.630227	2.409671
12384	-2382.643	-2451.716	69.0727	0.5917502	1.549935	3.043578
12390	-2371.253	-2440.856	69.60297	0.7906047	1.386481	2.662107
12396	-2377.73	-2447.032	69.30154	0.6113509	1.403995	2.976815
12402	-2374.02	-2442.627	68.60725	0.7225007	1.300455	3.361502
12408	-2373.145	-2441.766	68.62029	0.8409197	1.300455	3.270027
12414	-2366.744	-2434.856	68.1125	0.8409197	1.277109	3.581019
12420	-2367.421	-2437.487	70.0665	0.681035	1.42965	2.432476
12426	-2367.728	-2437.374	69.64581	0.681035	1.377419	2.725877
12432	-2358.403	-2428.743	70.33997	0.7443044	1.381818	2.237158
12438	-2362.06	-2433.031	70.97097	0.6651815	1.671765	1.686738
12444	-2367.245	-2435.792	68.54777	0.6871901	1.574176	3.262258
12450	-2358.015	-2426.483	68.46803	0.6871901	1.397599	3.413003
12456	-2365.387	-2434.324	68.93716	0.6441634	1.597543	3.051528
12462	-2370.566	-2439.871	69.30572	0.7624739	1.332873	2.896739
12468	-2372.642	-2442.064	69.42164	0.6242906	1.319299	2.944429
12474	-2366.408	-2435.899	69.49093	0.8323462	1.322919	2.739941
12480	-2368.531	-2437.982	69.45062	0.8323462	1.44037	2.692664
12486	-2377.192	-2447.013	69.82091	0.709357	1.799431	2.330428
12492	-2365.317	-2435.195	69.87798	0.7026319	1.374276	2.567202
12498	-2370.957	-2440.657	69.69977	0.6479013	1.477989	2.658482
12504	-2369.156	-2439.327	70.1715	0.7687423	1.492229	2.255173
12510	-2377.408	-2446.495	69.08724	0.5820608	1.767949	2.912434
12516	-2381.928	-2451.467	69.53888	0.7528568	1.731143	2.516588
12522	-2366.976	-2437.365	70.38933	0.9316307	1.530806	1.966371
12528	-2373.22	-2444.068	70.84852	0.9014013	1.517102	1.681514
12534	-2369.063	-2438.684	69.62011	1.002678	1.464394	2.459671
12540	-2379.458	-2448.377	68.91946	1.11354	1.279056	2.93843
12546	-2376.925	-2445.167	68.24207	0.65395	1.282519	3.637719
12552	-2366.479	-2435.919	69.43986	0.6551023	1.414207	2.85021
12558	-2364.64	-2434.332	69.69262	0.6636983	1.481918	2.647191
12564	-2378.168	-2448.802	70.63426	0.8701192	1.481918	1.878835
12570	-2373.391	-2443.502	70.11051	0.6703413	1.547352	2.339206
12576	-2362.507	-2432.424	69.91659	0.8729736	1.494849	2.339206
12582	-2372.88	-2443.131	70.25087	0.8729736	1.479465	2.133801
12588	-2363.874	-2434.331	70.4567	0.6069345	1.694742	2.077097
12594	-2363.593	-2434.205	70.61135	0.6191728	1.522572	2.077097
12600	-2370.999	-2440.427	69.42795	0.8598438	1.438258	2.688762
12606	-2374.147	-2443.607	69.4592	0.8742575	1.535077	2.59991
12612	-2387.709	-2456.417	68.70801	0.6099159	1.321905	3.37902
12618	-2362.987	-2432.899	69.91202	0.8747745	1.413667	2.39231
12624	-2371.31	-2441.741	70.43125	0.8853032	1.532794	1.970301
12630	-2364.507	-2435.023	70.51561	0.6055786	1.541943	2.139914
12636	-2364.306	-2435.182	70.87592	0.7956511	1.763428	1.570209
12642	-2363.538	-2433.801	70.26299	0.8168115	1.68043	2.035528
12648	-2369.334	-2439.487	70.15245	0.6462072	1.422685	2.412389
12654	-2372.016	-2442.373	70.35736	0.5335538	1.383844	2.412389
12660	-2373.272	-2442.431	69.15928	0.7054066	1.335596	3.02637
12666	-2367.322	-2436.353	69.03181	0.7116381	1.448695	3.03016
12672	-2366.899	-2436.986	70.08675	0.788849	1.518197	2.277356
12678	-2367.874	-2437.807	69.93237	0.771931	1.642731	2.309439
12684	-2364.228	-2435.222	70.9939	0.5537778	1.579178	1.847214
12690	-2366.271	-2437.21	70.93936	0.585609	1.5857	1.847214
12696	-2364.294	-2435.319	71.02437	0.6816767	1.751309	1.574937
12702	-2366.17	-2437.456	71.28585	0.5951153	1.671924	1.529494
12708	-2367.836	-2437.355	69.51878	0.9968613	1.516849	2.493935
12714	-2369.94	-2440.935	70.99567	0.7927306	1.840356	1.425127
12720	-2373.937	-2441.839	67.90106	0.9062384	1.405249	3.587432
12726	-2369.101	-2437.997	68.89659	0.8342137	1.509887	2.985467
12732	-2367.202	-2437.097	69.89412	0.693254	1.641462	2.397448
12738	-2365.102	-2434.692	69.58995	0.8745158	1.552541	2.507576
12744	-2380.432	-2448.217	67.78498	0.9423492	1.354592	3.661924
12750	-2375.115	-2443.626	68.51088	0.6871741	1.324655	3.430639
12756	-2379.392	-2448.544	69.15192	0.8358747	1.478425	2.849225
12762	-2365.47	-2436.289	70.81873	0.6126916	1.811658	1.746929
12768	-2367.83	-2438.32	70.48967	0.4443311	1.635572	2.263559
12774	-2371.26	-2442.16	70.89949	0.4443311	1.536325	2.061528
12780	-2364.894	-2434.79	69.89678	0.5763177	1.600459	2.524146
12786	-2368.054	-2438.306	70.25169	0.5763177	1.546646	2.334554
12792	-2376.968	-2447.15	70.18193	0.6884155	1.624341	2.228814
12798	-2376.808	-2447.205	70.39669	0.7325443	1.580666	2.080414
12804	-2369.946	-2441.39	71.4448	0.531296	2.015442	1.209411
12810	-2372.834	-2444.147	71.31377	0.5991573	2.00121	1.24507
12816	-2367.491	-2438.595	71.10471	0.7303941	1.817618	1.417417
12822	-2364.717	-2435.827	71.10996	0.616246	1.660766	1.643794
12828	-2365.416	-2435.946	70.53004	0.6457904	1.653141	2.019858
12834	-2363.623	-2434.855	71.23128	0.5463789	1.713205	1.593289
12840	-2364.576	-2435.882	71.30654	0.4745348	1.733091	1.609322
12846	-2375.666	-2446.827	71.1615	0.6909156	1.908974	1.341067
12852	-2372.596	-2441.705	69.1095	0.6625441	1.401027	3.050953
12858	-2388.022	-2458.9	70.87887	0.8048124	1.537449	1.722645
12864	-2378.873	-2449.084	70.21096	0.6754879	1.716993	2.161122
12870	-2375.118	-2445.571	70.45296	0.7008004	1.751422	1.956498
12876	-2377.203	-2446.739	69.53574	0.6385018	1.81904	2.557013
12882	-2369.765	-2439.702	69.93729	0.681972	1.810964	2.271582
12888	-2372.754	-2442.826	70.07213	0.6694934	1.692786	2.271582
12894	-2378.459	-2449.212	70.75308	0.6668366	1.7124	1.809324
12900	-2367.45	-2437.527	70.07652	1.01363	1.676476	2.022018
12906	-2372	-2443.107	71.10672	0.6345154	1.847574	1.489999
12912	-2376.456	-2447.267	70.81101	0.7131178	2.038084	1.489999
12918	-2364.861	-2436.346	71.48575	0.5940075	2.038084	1.067439
12924	-2368.526	-2439.707	71.18082	0.7208852	2.038084	1.186056
12930	-2376.464	-2447.423	70.95853	0.8706031	2.074552	1.193048
12936	-2368.948	-2440.558	71.60978	0.5340384	1.978438	1.092358
12942	-2370.649	-2440.401	69.75167	0.7708113	1.701339	2.387863
12948	-2367.18	-2436.103	68.92267	0.6528872	1.351569	3.199426
12954	-2372.44	-2442.01	69.57014	0.6574793	1.368976	2.796565
12960	-2370.234	-2440.069	69.83462	0.8706516	1.585517	2.335311
12966	-2366.49	-2436.58	70.09	0.7523105	1.46805	2.335597
12972	-2374.193	-2444.085	69.89138	0.572379	1.572671	2.548489
12978	-2374.677	-2444.74	70.06291	0.8445926	1.55653	2.226386
12984	-2370.411	-2439.213	68.80214	0.9494802	1.439272	3.009118
12990	-2381.957	-2451.299	69.34211	0.5938009	1.335043	3.009118
12996	-2379.794	-2448.521	68.72657	0.8156513	1.105889	3.339169
13002	-2375.545	-2443.516	67.97095	1.000635	1.216454	3.599646
13008	-2368.73	-2438.276	69.54617	0.5514678	1.329289	2.928149
13014	-2371.75	-2441.704	69.95413	0.8076862	1.503242	2.357245
13020	-2370.089	-2439.149	69.06048	0.8669236	1.3482	2.961957
13026	-2376.924	-2447.313	70.38846	1.203735	1.695989	1.673666
13032	-2377.295	-2448.193	70.89746	0.6461767	1.835219	1.640975
13038	-2364.402	-2435.27	70.8688	0.6461767	1.709495	1.75046
13044	-2362.975	-2434.243	71.26781	0.6037511	1.817172	1.423802
13050	-2367.295	-2437.924	70.62943	0.962264	1.738005	1.634267
13056	-2368.742	-2439.413	70.67156	0.840205	1.711282	1.71739
13062	-2378.628	-2448.922	70.29407	0.7457887	1.686943	2.067089
13068	-2366.752	-2437.441	70.68915	0.5761158	1.588696	2.023442
13074	-2374.243	-2444.681	70.43716	0.8727106	1.6309	1.909571
13080	-2381.388	-2452.915	71.52751	0.564627	1.822179	1.258891
13086	-2374.806	-2446.209	71.4039	0.5540027	1.663385	1.493737
13092	-2377.224	-2447.767	70.54209	0.5422075	1.75049	2.048035
13098	-2381.762	-2452.873	71.11124	0.5930416	1.661806	1.666169
13104	-2372.577	-2443.355	70.77805	0.5930416	1.603905	1.937029
13110	-2371.009	-2441.811	70.80207	0.6462402	1.64508	1.841283
13116	-2373.467	-2443.305	69.83843	0.8281327	1.505992	2.41368
13122	-2383.719	-2454.778	71.05935	0.6397558	1.911737	1.471814
13128	-2392.954	-2464.21	71.25616	0.7274278	1.911737	1.222568
13134	-2374.243	-2442.748	68.50429	0.8231116	1.305281	3.347539
13140	-2373.13	-2441.722	68.59292	0.882812	1.291573	3.263799
13146	-2370.324	-2439.871	69.54755	0.6501487	1.513478	2.728255
13152	-2369.33	-2440.121	70.791	0.6424599	1.672235	1.833822
13158	-2373.133	-2443.053	69.91946	0.6424599	1.501475	2.512384
13164	-2367.937	-2439.291	71.35383	0.5701584	1.805471	1.404701
13170	-2371.567	-2442.992	71.42505	0.7377523	1.894956	1.076305
13176	-2370.091	-2441.445	71.35442	0.7493347	2.062347	0.9673419
13182	-2373.567	-2444.905	71.3381	0.7360815	2.255271	0.7790744
13188	-2372.688	-2443.872	71.18464	0.8548902	2.185869	0.8821501
13194	-2369.491	-2440.99	71.49938	0.6126907	2.162519	0.8990244
13200	-2365.3	-2436.982	71.68151	0.5274975	2.30415	0.5953667
13206	-2369.64	-2441.155	71.51417	0.7312483	2.159316	0.6563519
13212	-2381.241	-2452.252	71.01047	1.051811	2.247476	0.7647662
13218	-2368.878	-2439.653	70.77567	0.9230128	1.857538	1.468378
13224	-2359.91	-2430.876	70.96618	0.6611918	1.74012	1.645179
13230	-2372.264	-2441.694	69.43087	0.7825878	1.574144	2.658427
13236	-2374.36	-2442.143	67.78301	0.657455	1.262746	3.910955
13242	-2376.634	-2446.478	69.84319	0.5187765	1.454317	2.702871
13248	-2363.699	-2433.504	69.80532	0.6750186	1.652919	2.46133
13254	-2372.427	-2442.143	69.71654	0.7767573	1.499088	2.532325
13260	-2372.537	-2441.988	69.45141	0.635779	1.508373	2.802186
13266	-2374.742	-2443.923	69.18151	0.9432352	1.276243	2.88275
13272	-2371.855	-2442.395	70.53929	0.4960176	1.453788	2.291059
13278	-2377.066	-2444.521	67.45508	0.4960176	1.409911	4.152446
13284	-2366.287	-2435.18	68.89228	0.67509	1.4694	3.129679
13290	-2369.379	-2439.631	70.25282	0.685433	1.589161	2.208304
13296	-2382.202	-2451.861	69.65898	1.073295	1.733059	2.220389
13302	-2368.687	-2439.071	70.38393	0.8750407	1.793268	1.833347
13308	-2374.066	-2444.676	70.60974	0.658127	1.684741	1.934059
13314	-2372.686	-2441.914	69.22848	0.7832122	1.425348	2.872342
13320	-2368.065	-2438.872	70.80687	0.7851537	1.992795	1.459865
13326	-2369.174	-2439.773	70.5992	0.7631935	1.866062	1.72329
13332	-2361.661	-2430.329	68.66809	0.6351724	1.41271	3.328104
13338	-2367.081	-2435.216	68.13444	0.6065189	1.234805	3.766014
13344	-2366.965	-2435.814	68.84913	0.9364315	1.462033	2.975426
13350	-2363.648	-2433.139	69.49161	0.8262562	1.600737	2.572697
13356	-2371.269	-2440.789	69.51936	0.8944559	1.496679	2.572697
13362	-2364.405	-2435.047	70.64267	0.652418	1.635738	1.950125
13368	-2377.428	-2447.823	70.39581	0.6953889	1.551109	2.131625
13374	-2366.013	-2436.07	70.0571	0.5666824	1.34467	2.592486
13380	-2367.445	-2437.257	69.81224	0.8384461	1.353346	2.518434
13386	-2371.629	-2440.788	69.15884	0.9035949	1.456456	2.812717
13392	-2386.989	-2456.104	69.11454	0.7019504	1.476761	2.971197
13398	-2376.326	-2445.827	69.50105	0.7342406	1.475467	2.712403
13404	-2378.036	-2447.61	69.57423	0.7567716	1.374275	2.712403
13410	-2371.091	-2441.443	70.35236	0.5825272	1.560192	2.255624
13416	-2373.481	-2443.865	70.38327	0.6448173	1.560192	2.178104
13422	-2372.26	-2442.286	70.02622	0.8031687	1.597404	2.25449
13428	-2363.325	-2434.533	71.20797	0.6947028	1.899554	1.307312
13434	-2366.655	-2436.801	70.14605	0.7188064	1.44717	2.339976
13440	-2365.232	-2436.269	71.03663	0.7288399	1.704787	1.555257
13446	-2373.479	-2444.443	70.96449	0.8304998	1.787513	1.455695
13452	-2373.222	-2442.821	69.59823	0.8389343	1.48415	2.569868
13458	-2366.887	-2436.853	69.966	0.8175445	1.692319	2.221331
13464	-2366.146	-2434.978	68.83176	0.5906599	1.575446	3.172898
13470	-2369.484	-2438.259	68.7748	0.9049051	1.554477	2.984696
13476	-2371.375	-2441.474	70.09856	0.5627638	1.485066	2.482948
13482	-2378.279	-2448.194	69.91482	1.079514	1.608706	2.131204
13488	-2371.101	-2441.17	70.06907	0.8576256	1.553527	2.214864
13494	-2370.166	-2438.923	68.75748	0.552847	1.23012	3.453528
13500	-2365.111	-2435.311	70.19964	0.5452177	1.313283	2.543928
13506	-2363.638	-2432.329	68.69147	0.9552492	1.396844	3.097077
13512	-2371.385	-2439.851	68.46585	0.684531	1.203759	3.529562
13518	-2384.221	-2453.411	69.1896	0.9337649	1.60468	2.683674
13524	-2369.543	-2439.834	70.29141	0.6758855	1.610512	2.177695
13530	-2379.025	-2448.725	69.70046	0.6951405	1.372982	2.683674
13536	-2377.04	-2446.306	69.26569	0.6951405	1.472391	2.888054
13542	-2378.129	-2447.604	69.47456	0.9245955	1.529126	2.560275
13548	-2371.778	-2441.254	69.47615	0.8028213	1.663498	2.560275
13554	-2358.618	-2428.304	69.68586	0.7619515	1.502834	2.560275
13560	-2367.719	-2437.48	69.76137	0.694549	1.444487	2.602497
13566	-2373.451	-2443.106	69.65536	0.9139425	1.579542	2.422729
13572	-2382.984	-2454.655	71.67182	0.6925717	1.752641	1.032008
13578	-2374.875	-2446.009	71.13474	1.011001	1.8362	1.118124
13584	-2369.868	-2441.119	71.251	0.6526191	1.714667	1.462474
13590	-2368.61	-2439.488	70.87883	0.6550845	1.784903	1.681554
13596	-2364.434	-2434.851	70.4166	0.7951578	1.560885	2.029796
13602	-2365.815	-2435.819	70.00346	0.6876619	1.610469	2.352482
13608	-2369.398	-2437.892	68.49382	0.7565106	1.481539	3.29668
13614	-2370.349	-2438.668	68.31865	0.8434193	1.554068	3.29668
13620	-2370.12	-2439.078	68.95801	1.024347	1.749887	2.680178
13626	-2372.664	-2442.136	69.47256	0.8805245	1.921475	2.344975
13632	-2365.425	-2435.681	70.25644	0.8805245	1.846557	1.879985
13638	-2370.981	-2441.771	70.78963	0.8805245	1.899932	1.460439
13644	-2370.884	-2440.303	69.4183	0.6132993	1.629208	2.768083
13650	-2387.666	-2457.98	70.31404	0.8155468	1.94216	1.825393
13656	-2385.871	-2457.07	71.19975	0.6227897	2.072289	1.252592
13662	-2378.317	-2449.629	71.3115	0.6227897	2.15026	1.086694
13668	-2376.643	-2445.938	69.29432	0.6227897	1.805269	2.727993
13674	-2375.494	-2444.79	69.29527	0.6763508	1.73073	2.727993
13680	-2371.305	-2442.716	71.4114	0.6829569	2.067707	0.9904841
13686	-2368.487	-2439.309	70.82161	0.8492668	2.005026	1.381559
13692	-2369.796	-2440.827	71.03141	0.4723427	1.621956	1.882811
13698	-2367.631	-2436.819	69.18773	0.762675	1.500225	2.86673
13704	-2371.608	-2442.784	71.17573	0.7284069	1.896213	1.301021
13710	-2377.254	-2448.127	70.87302	0.762675	1.776707	1.591642
13716	-2376.391	-2447.044	70.65252	0.9054358	1.83356	1.591642
13722	-2367.986	-2438.933	70.94661	0.7386559	1.913991	1.456792
13728	-2377.041	-2447.451	70.4093	0.8321905	1.959309	1.733854
13734	-2367.326	-2437.661	70.33513	0.9741327	1.543837	1.964426
13740	-2370.181	-2439.412	69.2308	0.5801569	1.352176	3.077523
13746	-2373.274	-2444.202	70.92836	0.5980407	1.633463	1.809346
13752	-2368.512	-2439.772	71.25989	0.5660038	1.779802	1.500698
13758	-2357.643	-2428.75	71.10662	0.6737545	1.779802	1.500698
13764	-2359.886	-2431.284	71.39871	0.6428284	1.779802	1.306342
13770	-2371.053	-2441.521	70.4681	0.6709063	1.713808	1.997964
13776	-2370.694	-2440.719	70.02531	0.7285597	1.426974	2.42134
13782	-2375.278	-2445.583	70.30509	0.8196219	1.653272	2.023449
13788	-2368.12	-2438.202	70.08235	0.8474189	1.603183	2.181571
13794	-2370.546	-2440.521	69.97537	0.8308447	1.754605	2.164971
13800	-2369.31	-2438.115	68.80444	1.058055	1.429693	2.948396
13806	-2386.022	-2454.554	68.53208	0.8768029	1.429693	3.222018
13812	-2365.628	-2435.475	69.84694	0.7362154	1.593139	2.422955
13818	-2369.783	-2439.848	70.06491	0.7089127	1.409886	2.422955
13824	-2373.291	-2442.537	69.24691	0.6987674	1.416474	2.930296
13830	-2372.544	-2442.806	70.26138	0.5898143	1.507384	2.34063
13836	-2371.994	-2441.949	69.95452	0.5272012	1.398857	2.66024
13842	-2370.038	-2441.538	71.5003	0.741802	1.911648	0.9818992
13848	-2379.093	-2450.363	71.27037	0.8135023	1.911648	1.118997
13854	-2382.847	-2453.496	70.64925	0.8135023	1.629435	1.81153
13860	-2377.623	-2447.601	69.97748	0.7280289	1.389388	2.475433
13866	-2368.154	-2438.129	69.97493	0.7599869	1.390683	2.451258
13872	-2380.134	-2448.423	68.28953	0.9579706	1.169437	3.466722
13878	-2381.85	-2449.681	67.83086	0.8667695	1.357652	3.680767
13884	-2379.144	-2448.267	69.12234	0.9041893	1.459502	2.832658
13890	-2361.769	-2432.323	70.55396	0.9990569	1.700176	1.688601
13896	-2367.788	-2439.213	71.42432	0.6357487	1.841509	1.242581
13902	-2366.762	-2436.509	69.74765	0.8161572	1.622647	2.406096
13908	-2374.784	-2444.36	69.57643	0.9606787	1.427998	2.536356
13914	-2372.675	-2442.484	69.80885	0.6957033	1.496778	2.539628
13920	-2369.798	-2439.867	70.06954	0.9380188	1.496174	2.195279
13926	-2359.414	-2429.832	70.41729	0.7159295	1.405171	2.195279
13932	-2361.162	-2431.18	70.01865	0.8794811	1.609957	2.195279
13938	-2364.46	-2434.767	70.30728	0.6672489	1.609957	2.175268
13944	-2365.816	-2436.198	70.38184	1.050415	1.774832	1.721875
13950	-2365.137	-2435.566	70.4298	0.5341645	1.648298	2.196605
13956	-2368.149	-2438.118	69.96946	0.7147466	1.57466	2.374428
13962	-2367.703	-2438.059	70.35592	0.4839092	1.526477	2.374428
13968	-2365.57	-2436.892	71.32214	0.686557	1.959784	1.169962
13974	-2371.189	-2442.316	71.12704	0.8703308	2.008866	1.102166
13980	-2369.001	-2440.018	71.01698	0.7637994	1.891956	1.395642
13986	-2369.611	-2440.576	70.96532	0.7611713	1.979529	1.370035
13992	-2363.478	-2434.296	70.81838	0.6942359	1.651925	1.780761
13998	-2367.558	-2436.641	69.08295	0.9852262	1.533249	2.760236
14004	-2373.136	-2444.203	71.067	0.7002927	1.82967	1.466574
14010	-2376.705	-2447.933	71.22805	0.8875979	2.021067	0.9745021
14016	-2373.57	-2444.913	71.34312	0.6322414	1.897739	1.267406
14022	-2375.606	-2446.492	70.88621	0.530832	1.699808	1.862887
14028	-2361.462	-2432.749	71.28747	0.741746	1.782681	1.288839
14034	-2365.867	-2436.864	70.99713	0.8334821	1.777493	1.43579
14040	-2369.147	-2437.85	68.70336	0.8814283	1.437058	3.112931
14046	-2366.128	-2435.605	69.47645	0.6677499	1.406287	2.822402
14052	-2369.296	-2440.072	70.77559	0.798118	1.658911	1.715388
14058	-2368.532	-2438.211	69.67836	0.6545625	1.335459	2.75343
14064	-2361.239	-2430.538	69.29922	0.6721023	1.33494	2.969103
14070	-2366.448	-2435.839	69.39118	0.7986244	1.458903	2.741781
14076	-2362.257	-2433.109	70.85106	0.5302078	1.521949	2.007191
14082	-2362.253	-2430.825	68.57139	0.7027026	1.291466	3.402741
14088	-2361.473	-2431.392	69.91908	0.7027026	1.447217	2.49609
14094	-2366.092	-2435.848	69.75573	0.7982595	1.492287	2.49609
14100	-2370.669	-2440.666	69.99641	0.6621444	1.423657	2.49609
14106	-2359.189	-2429.108	69.919	0.6621444	1.367122	2.579499
14112	-2364.721	-2433.993	69.27224	0.559368	1.383049	3.053056
14118	-2366.317	-2435.44	69.12264	0.8698559	1.476499	2.84495
14124	-2368.069	-2438.201	70.13224	0.5287774	1.478586	2.498997
14130	-2365.935	-2435.842	69.90659	0.7105946	1.63271	2.380856
14136	-2366.411	-2436.752	70.34168	0.8142672	1.634182	2.015956
14142	-2373.881	-2445.124	71.24358	0.6648984	1.734603	1.440197
14148	-2381.926	-2452.414	70.48851	1.151559	1.785113	1.570247
14154	-2376.941	-2446.59	69.64882	0.9479297	1.626535	2.374525
14160	-2366.021	-2437.401	71.3799	0.7943075	1.904601	1.044681
14166	-2369.331	-2440.607	71.27597	0.7674837	1.994679	1.088067
14172	-2371.544	-2442.615	71.0713	0.8964639	1.883737	1.235279
14178	-2384.513	-2455.781	71.26785	0.6777073	1.964433	1.222691
14184	-2372.939	-2443.778	70.83833	0.7791098	1.610965	1.720945
14190	-2374.717	-2443.93	69.21342	0.7273839	1.471903	2.894872
14196	-2366.417	-2435.855	69.4379	0.6407419	1.362148	2.894872
14202	-2369.997	-2438.982	68.98507	1.032867	1.362148	2.894872
14208	-2368.66	-2437.251	68.59111	0.86255	1.356884	3.239528
14214	-2374.283	-2442.61	68.32738	0.7859598	1.399737	3.421533
14220	-2368.428	-2437.237	68.80874	0.9324551	1.548714	2.950101
14226	-2362.643	-2431.215	68.57208	0.7731751	1.44921	3.25758
14232	-2375.434	-2444.311	68.87668	0.9735714	1.511369	2.905952
14238	-2380.312	-2449.261	68.9496	0.8767161	1.433749	2.970669
14244	-2377.434	-2445.992	68.55784	0.7187428	1.482046	3.28653
14250	-2374.769	-2443.463	68.69397	0.7187428	1.345917	3.28653
14256	-2371.012	-2440.069	69.05699	0.7187428	1.360943	3.062147
14262	-2372.228	-2441.986	69.75841	0.8830652	1.532078	2.408773
14268	-2369.966	-2439.937	69.97034	0.545387	1.619406	2.495848
14274	-2368.309	-2438.254	69.94487	0.7872099	1.625293	2.300859
14280	-2368.42	-2438.47	70.05058	0.6466012	1.605833	2.360636
14286	-2366.392	-2437.497	71.1052	0.6557611	1.523393	1.705826
14292	-2364.344	-2434.562	70.21826	0.6330261	1.54944	2.301795
14298	-2370.792	-2442.028	71.23597	0.713939	1.720491	1.407199
14304	-2362.935	-2432.823	69.88813	0.6534182	1.465567	2.544892
14310	-2362.115	-2432.518	70.40213	0.6358481	1.530322	2.193312
14316	-2362.68	-2432.397	69.71671	0.7094843	1.516892	2.573281
14322	-2364.041	-2434.274	70.23269	0.6018167	1.494694	2.355774
14328	-2360.175	-2430.257	70.0823	0.7700403	1.507091	2.301783
14334	-2362.957	-2432.658	69.70089	0.6890284	1.344496	2.705819
14340	-2370.727	-2439.236	68.50877	0.6264955	1.264812	3.515137
14346	-2363.419	-2431.578	68.15875	0.6082743	1.249956	3.741795
14352	-2369.138	-2438.48	69.34202	0.6543518	1.266412	2.998982
14358	-2371.326	-2442.173	70.84643	0.552555	1.672254	1.885652
14364	-2372.315	-2443.196	70.88078	0.7047289	1.585806	1.773843
14370	-2371.275	-2441.489	70.21362	0.8421495	1.591093	2.107754
14376	-2372.611	-2441.557	68.94637	0.7768961	1.332592	3.102037
14382	-2368.346	-2437.854	69.50784	0.7043088	1.313359	2.830458
14388	-2370.009	-2439.501	69.49256	0.6900493	1.347248	2.830458
14394	-2367.028	-2438.106	71.0778	0.6383697	1.707303	1.61093
14400	-2367.686	-2437.517	69.83081	0.6471387	1.43095	2.607279
14406	-2374.302	-2444.333	70.03148	0.6362749	1.49873	2.449334
14412	-2371.436	-2441.627	70.19067	0.5014933	1.543591	2.449334
14418	-2363.078	-2432.111	69.03292	0.702869	1.414595	3.056678
14424	-2368.737	-2438.752	70.01525	0.5344557	1.55576	2.518241
14430	-2375.42	-2445.295	69.8753	0.6218291	1.565148	2.518241
14436	-2369.46	-2439.33	69.86939	0.7080611	1.454505	2.518241
14442	-2380.481	-2450.525	70.04469	0.550193	1.37535	2.5968
14448	-2377.916	-2448.01	70.09355	0.7677855	1.570019	2.256022
14454	-2368.519	-2438.569	70.04966	0.9541916	1.532823	2.173478
14460	-2365.285	-2435.862	70.57742	0.6458179	1.659664	1.983909
14466	-2359.386	-2430.167	70.78068	0.6581885	1.631454	1.854067
14472	-2363.347	-2433.242	69.89453	0.7505898	1.53006	2.421436
14478	-2368.502	-2437.617	69.11488	0.6043032	1.415411	3.087819
14484	-2371.892	-2441.795	69.90241	0.856064	1.410917	2.413269
14490	-2362.924	-2432.987	70.06298	0.6690014	1.479729	2.413269
14496	-2363.246	-2431.858	68.61262	0.6690014	1.405342	3.337808
14502	-2358.678	-2427.472	68.79384	0.6988603	1.438416	3.187935
14508	-2368.472	-2437.761	69.28911	0.9995705	1.390861	2.712392
14514	-2368.619	-2438.114	69.49502	0.5760497	1.488015	2.840484
14520	-2377.025	-2446.445	69.41941	0.5917731	1.540321	2.840484
14526	-2369.784	-2439.247	69.46329	0.6751005	1.343231	2.86266
14532	-2367.038	-2435.974	68.93541	0.9633487	1.534683	2.86266
14538	-2373.754	-2443.361	69.60699	0.9633487	1.563151	2.43089
14544	-2366.134	-2436.387	70.25257	0.8395875	1.443612	2.180427
14550	-2368.261	-2438.061	69.8003	0.7219023	1.58561	2.468368
14556	-2364.062	-2433.07	69.00798	0.7240082	1.411182	3.057406
14562	-2373.127	-2443.113	69.98595	0.6627104	1.474183	2.470528
14568	-2374.543	-2444.419	69.87562	0.8109246	1.459017	2.432417
14574	-2368.098	-2438.402	70.30357	0.591576	1.460614	2.341892
14580	-2368.039	-2438.133	70.09423	0.591576	1.489718	2.455748
14586	-2364.467	-2435.006	70.53925	0.7084738	1.640697	1.966231
14592	-2361.852	-2432.439	70.58736	0.6911449	1.615142	1.966231
14598	-2368.545	-2438.577	70.03176	0.9556876	1.671917	2.093317
14604	-2364.52	-2434.757	70.23646	0.6453158	1.473418	2.327779
14610	-2359.44	-2428.787	69.34726	0.9163421	1.471972	2.679685
14616	-2373.435	-2444.009	70.57341	0.6695645	1.643985	1.975457
14622	-2372.872	-2441.943	69.07072	0.7662495	1.442016	2.969824
14628	-2377.724	-2446.385	68.66125	0.9700602	1.348907	3.134553
14634	-2362.905	-2433.249	70.34398	0.9178417	1.59964	1.960425
14640	-2367.582	-2437.935	70.35272	0.9411642	1.699116	1.870527
14646	-2367.821	-2438.939	71.11794	0.6902103	1.640196	1.579532
14652	-2372.043	-2441.928	69.88524	0.8603519	1.673109	2.254281
14658	-2360.903	-2430.971	70.06745	0.7571268	1.611861	2.254281
14664	-2358.42	-2427.887	69.46627	0.7153423	1.438227	2.771104
14670	-2362.647	-2432.321	69.67334	0.6005936	1.503125	2.700386
14676	-2373.279	-2442.952	69.67231	0.8189955	1.634129	2.444238
14682	-2371.041	-2441.631	70.58996	0.8576335	1.769753	1.71981
14688	-2367.532	-2438.453	70.92101	0.7297707	1.706549	1.637302
14694	-2373.829	-2445.078	71.2499	0.756749	2.103112	1.022252
14700	-2380.892	-2452.174	71.28224	0.7136399	2.019227	1.121359
14706	-2383.409	-2454.084	70.67482	0.6331789	2.064727	1.649009
14712	-2377.053	-2448.42	71.36721	0.5074476	1.69848	1.549924
14718	-2365.418	-2436.792	71.3743	0.5074476	1.69139	1.549924
14724	-2363.01	-2432.57	69.55985	0.7624871	1.428846	2.683439
14730	-2375.72	-2446.173	70.45381	0.7132917	1.565611	2.068827
14736	-2368.998	-2439.849	70.85009	0.7385657	1.645947	1.723065
14742	-2370.215	-2440.484	70.26956	0.7385657	1.722228	2.065925
14748	-2372.9	-2442.779	69.87908	0.7514179	1.548043	2.419193
14754	-2367.783	-2438.321	70.5378	0.7923667	1.551215	1.957571
14760	-2369.909	-2440.107	70.19744	0.7838125	1.550738	2.188953
14766	-2368.34	-2438.721	70.38076	0.7129012	1.550738	2.126873
14772	-2373.806	-2443.601	69.79427	0.7317149	1.770614	2.347582
14778	-2378.378	-2445.68	67.3024	0.7781146	1.448996	3.99109
14784	-2363.019	-2433.15	70.13156	0.6482991	1.44435	2.410082
14790	-2366.98	-2436.568	69.58747	0.7473987	1.316469	2.746773
14796	-2375.736	-2445.864	70.12893	0.6683747	1.623464	2.28057
14802	-2368.223	-2438.691	70.46811	0.8782469	1.791636	1.773798
14808	-2375.611	-2446.375	70.76464	0.8278367	1.617214	1.728059
14814	-2374.269	-2444.258	69.98886	0.6084853	1.566867	2.458032
14820	-2372.39	-2443.269	70.87886	0.6738302	1.555579	1.824261
14826	-2376.183	-2446.95	70.76649	0.9079508	1.80132	1.529519
14832	-2372.303	-2443.177	70.87415	0.7031633	1.443374	1.877893
14838	-2366.603	-2437.749	71.14659	0.6329565	1.777306	1.514414
14844	-2367.256	-2438.51	71.25354	0.6470338	1.746511	1.442107
14850	-2366.088	-2436.633	70.54516	0.7525126	1.771717	1.835615
14856	-2376.342	-2446.261	69.91896	1.156853	1.684798	2.0316
14862	-2372.211	-2442.638	70.42701	0.7251853	1.633531	2.0316
14868	-2367.036	-2437.496	70.45985	0.6873576	1.649595	2.0316
14874	-2373.968	-2444.413	70.44451	0.6227619	1.434942	2.239404
14880	-2368.113	-2437.03	68.91736	0.7425524	1.500192	3.044419
14886	-2370.488	-2440.136	69.64718	0.8740057	1.51731	2.49418
14892	-2374.443	-2443.909	69.46559	0.6806098	1.684759	2.648129
14898	-2369.921	-2439.756	69.83506	0.6806098	1.475259	2.549083
14904	-2372.409	-2441.538	69.12939	0.6659143	1.287314	3.104245
14910	-2367.442	-2436.68	69.23788	0.7946305	1.214293	2.985719
14916	-2381.089	-2449.813	68.72361	0.8276513	1.299024	3.218775
14922	-2377.475	-2447.559	70.08489	0.6142565	1.697895	2.309115
14928	-2367.454	-2438.661	71.20676	0.4872379	1.743633	1.658065
14934	-2373.565	-2443.97	70.40494	0.7608513	1.620557	2.025362
14940	-2380.666	-2450.74	70.07353	0.742909	1.484265	2.343171
14946	-2373.008	-2443.016	70.00771	0.6302002	1.48547	2.477899
14952	-2369.726	-2437.134	67.40838	0.8329897	1.248461	4.008291
14958	-2363.977	-2433.418	69.44093	0.6451516	1.322661	2.91321
14964	-2360.842	-2430.542	69.70003	0.6451516	1.492806	2.651529
14970	-2359.589	-2429.693	70.10357	0.9102387	1.616643	2.113872
14976	-2375.341	-2445.354	70.01365	0.9299525	1.456413	2.262414
14982	-2373.716	-2443.545	69.8285	0.9456698	1.625071	2.262414
14988	-2371.832	-2441.662	69.8295	0.9456698	1.625071	2.261768
14994	-2369.574	-2439.543	69.96903	0.6617383	1.603473	2.400652
15000	-2359.771	-2431.186	71.4142	0.6001712	1.677167	1.422883
15006	-2361.921	-2432.601	70.6806	0.7783171	1.896646	1.630432
15012	-2364.908	-2435.284	70.37697	1.028615	1.947962	1.616868
15018	-2370.563	-2441.153	70.59038	1.110633	1.963087	1.386894
15024	-2380.382	-2450.105	69.72344	0.7321748	1.51079	2.554943
15030	-2375.977	-2445.967	69.98997	0.4948475	1.438746	2.646289
15036	-2372.129	-2441.912	69.78356	0.5842932	1.486136	2.657772
15042	-2372.785	-2442.217	69.4321	0.5842932	1.586379	2.811493
15048	-2372.999	-2443.067	70.0676	0.5221065	1.472473	2.549753
15054	-2369.468	-2440.072	70.60347	0.5104363	1.490053	2.211243
15060	-2371.172	-2440.989	69.81692	0.705122	1.535735	2.502659
15066	-2369.405	-2439.585	70.1802	0.512218	1.500447	2.471959
15072	-2367.507	-2437.281	69.77385	0.8659369	1.471346	2.449207
15078	-2371.093	-2441.103	70.00983	1.086854	1.543351	2.107279
15084	-2368.899	-2438.503	69.60406	0.8252146	1.383247	2.638437
15090	-2370.074	-2439.396	69.32143	0.8492854	1.714573	2.591346
15096	-2365.842	-2435.929	70.08697	0.8818586	1.578836	2.169457
15102	-2375.297	-2445.265	69.96841	0.6995964	1.704837	2.304762
15108	-2375.48	-2445.612	70.13142	0.5947673	1.686367	2.304762
15114	-2377.427	-2446.606	69.17924	0.9901996	1.574107	2.673112
15120	-2380.325	-2449.583	69.25747	0.7897171	1.52542	2.789245
15126	-2390.847	-2460.295	69.44793	0.7513281	1.442039	2.752332
15132	-2365.967	-2435.891	69.92393	0.7293114	1.686523	2.320516
15138	-2369.327	-2439.897	70.57032	0.711319	1.631051	1.949384
15144	-2369.869	-2440.224	70.35539	0.7982226	1.552958	2.073109
15150	-2373.223	-2444.052	70.8292	0.8934697	1.711372	1.561223
15156	-2386.27	-2457.474	71.20377	0.7971931	1.76471	1.316684
15162	-2384.463	-2455.6	71.13645	0.6821123	1.758353	1.486033
15168	-2375.52	-2445.932	70.4119	1.005648	1.772408	1.733285
15174	-2370.713	-2442.041	71.32778	0.7829921	1.938	1.07517
15180	-2369.35	-2440.578	71.22842	0.7115328	1.825374	1.332988
15186	-2370.519	-2441.361	70.84204	0.7115328	1.840919	1.614076
15192	-2374.715	-2445.899	71.18365	0.5787478	1.837568	1.500183
15198	-2378.108	-2449.595	71.48746	0.6653466	1.861095	1.136128
15204	-2374.275	-2445.56	71.28517	0.7263802	1.817244	1.278231
15210	-2371.076	-2442.312	71.23544	0.7914331	1.787142	1.278231
15216	-2366.569	-2438.169	71.60004	0.6012437	1.73194	1.228256
15222	-2373.333	-2443.632	70.29927	0.7311822	1.535468	2.174753
15228	-2370.275	-2439.802	69.52677	0.7311822	1.548544	2.654056
15234	-2373.524	-2443.43	69.90618	0.7111268	1.552466	2.431333
15240	-2372.359	-2442.712	70.35331	0.7000573	1.640661	2.096823
15246	-2377.227	-2447.546	70.31939	0.8088774	1.71193	1.983182
15252	-2369.245	-2440.226	70.98102	0.820654	1.777978	1.459009
15258	-2368.864	-2440.307	71.44317	0.6144819	1.876548	1.222502
15264	-2371.119	-2442.087	70.96803	0.6844742	1.778807	1.593306
15270	-2364.375	-2435.434	71.05936	0.5523997	1.715442	1.70833
15276	-2367.78	-2437.802	70.02212	0.8417299	1.749904	2.12946
15282	-2365.121	-2435.796	70.67497	0.6220159	1.505287	2.04384
15288	-2376.295	-2444.852	68.55644	0.828174	1.366355	3.277424
15294	-2373.367	-2441.934	68.56738	0.6550362	1.452302	3.347924
15300	-2375.745	-2445.654	69.90874	1.202486	1.623738	2.052128
15306	-2361.088	-2431.645	70.5569	0.6869979	1.754271	1.896593
15312	-2378.401	-2449.47	71.06938	0.7582451	1.940476	1.321164
15318	-2377.228	-2448.443	71.21432	0.7087392	1.957351	1.239485
15324	-2369.735	-2440.402	70.66673	0.7424163	1.889072	1.677322
15330	-2374.13	-2444.611	70.48086	0.948307	1.702762	1.774577
15336	-2361.86	-2432.534	70.67331	0.7247469	1.766569	1.774577
15342	-2367.741	-2437.933	70.19275	0.7722595	1.74317	2.07541
15348	-2367.986	-2437.714	69.72798	0.8019511	1.603567	2.44098
15354	-2369.391	-2439.558	70.16686	0.6652553	1.656932	2.237419
15360	-2365.627	-2436.467	70.84096	0.6383391	1.71099	1.776422
15366	-2365.199	-2435.219	70.01988	0.8086444	1.564423	2.275594
15372	-2364.68	-2435.257	70.57759	0.7033031	1.534917	2.015725
15378	-2373.745	-2443.594	69.8493	0.81536	1.588176	2.364185
15384	-2371.286	-2441.326	70.03984	0.700761	1.538498	2.364185
15390	-2372.084	-2441.533	69.44878	0.6472316	1.496158	2.801566
15396	-2368.503	-2438.227	69.72407	0.7543938	1.681554	2.430421
15402	-2371.228	-2440.536	69.30766	0.6376602	1.259532	3.037487
15408	-2374.536	-2443.922	69.38599	0.6190035	1.413626	2.913572
15414	-2367.494	-2437.162	69.66827	0.8694506	1.61847	2.420608
15420	-2369.642	-2440.349	70.70711	0.8438018	1.839509	1.59717
15426	-2371.074	-2441.593	70.51907	0.8540661	1.768301	1.773298
15432	-2368.257	-2439.063	70.80586	0.6590448	1.560536	1.884492
15438	-2364.567	-2435.263	70.69627	0.6937356	1.643771	1.870912
15444	-2374.088	-2443.212	69.12365	0.7928977	1.528465	2.866377
15450	-2367.979	-2439.019	71.04064	0.6219441	1.599458	1.730862
15456	-2378.762	-2450.405	71.64307	0.3613119	1.784677	1.479439
15462	-2360.557	-2429.837	69.28028	0.8291355	1.649836	2.670883
15468	-2364.739	-2435.001	70.26174	0.7931789	1.692367	2.046842
15474	-2367.708	-2437.069	69.36101	0.7756797	1.385639	2.82154
15480	-2377.317	-2447.543	70.22666	0.8434299	1.736974	2.001776
15486	-2372.364	-2442.217	69.85239	1.113371	1.618122	2.145186
15492	-2369.577	-2439.743	70.16617	0.5788921	1.618122	2.341043
15498	-2368.165	-2438.716	70.55077	0.8000246	1.562793	1.934948
15504	-2366.878	-2438.138	71.25934	0.7552038	1.740987	1.331812
15510	-2374.908	-2444.863	69.95578	1.032235	1.877487	1.956186
15516	-2368.951	-2439.542	70.59057	0.8232458	1.603737	1.861734
15522	-2379.624	-2450.584	70.95929	0.8011071	1.711902	1.541993
15528	-2372.218	-2442.553	70.33504	0.7066328	1.54818	2.163612
15534	-2368.778	-2439.74	70.96271	0.4958537	1.608882	1.911336
15540	-2372.822	-2443.091	70.26975	0.736826	1.768922	2.036367
15546	-2371.498	-2442.039	70.54107	0.6196108	1.741211	1.978218
15552	-2375.555	-2446.894	71.33975	0.5809049	1.77392	1.427527
15558	-2381.709	-2452.956	71.24659	0.5809049	1.761791	1.507394
15564	-2370.961	-2441.891	70.93006	0.5809049	1.664705	1.804017
15570	-2368.371	-2439.138	70.76647	0.6704335	1.701855	1.804017
15576	-2376.597	-2447.462	70.86514	0.7357593	1.807532	1.599206
15582	-2369.397	-2440.464	71.06738	0.7357593	1.683725	1.541665
15588	-2365.817	-2436.96	71.14274	0.6238061	1.85431	1.469078
15594	-2362.946	-2433.588	70.64161	0.8807308	1.709693	1.707647
15600	-2369.645	-2440.934	71.28872	0.6482622	1.754737	1.407361
15606	-2371.25	-2442.358	71.10827	0.7683622	1.780036	1.407361
15612	-2367.083	-2438.401	71.31818	0.5330311	1.894996	1.407361
15618	-2368.298	-2439.35	71.05186	0.7532579	1.810659	1.441474
15624	-2376.297	-2447.194	70.89708	0.4931783	1.576573	1.980244
15630	-2369.746	-2439.219	69.47216	0.7432297	1.408741	2.764006
15636	-2374.912	-2443.407	68.49523	0.7432297	1.383465	3.363221
15642	-2367.509	-2436.396	68.88744	0.8057699	1.303815	3.133808
15648	-2367.262	-2435.865	68.60227	0.8062506	1.303815	3.302296
15654	-2374.276	-2443.323	69.04733	0.7340684	1.519628	2.96116
15660	-2376.65	-2447.078	70.42833	0.871291	1.630542	1.916859
15666	-2371.26	-2441.18	69.91958	0.8743884	1.559942	2.294795
15672	-2383.089	-2452.678	69.58876	0.6206653	1.577933	2.688688
15678	-2374.721	-2444.755	70.03345	0.7026731	1.824438	2.183394
15684	-2378.754	-2449.434	70.68028	0.7879394	1.894724	1.623721
15690	-2380.521	-2451.185	70.66419	0.5653102	1.620159	2.029928
15696	-2377.43	-2448.069	70.63923	0.5981811	1.596261	2.029928
15702	-2367.271	-2438.343	71.07122	0.736273	1.722986	1.509127
15708	-2365.91	-2436.476	70.56611	0.8212468	1.715354	1.803392
15714	-2362.567	-2433.194	70.62725	0.6206312	1.633278	1.991788
15720	-2370.834	-2441.248	70.41432	1.183984	1.7051	1.661027
15726	-2362.919	-2433.659	70.73974	0.7971962	1.77751	1.657349
15732	-2377.28	-2447.918	70.63861	0.700843	1.689257	1.872892
15738	-2365.752	-2435.946	70.19432	0.7247767	1.63515	2.183429
15744	-2369.811	-2440.071	70.25935	0.6737732	1.532703	2.250478
15750	-2357.802	-2428.508	70.70681	0.6737732	1.683527	1.8546
15756	-2366.571	-2436.912	70.34099	0.7343017	1.591625	2.108346
15762	-2372.852	-2443.568	70.71617	0.7186062	1.631129	1.84395
15768	-2365.741	-2436.486	70.74467	0.6688495	1.667812	1.84395
15774	-2370.603	-2441.183	70.5795	0.8916355	1.658525	1.778704
15780	-2369.899	-2440.187	70.2881	0.6755307	1.544422	2.222905
15786	-2368.338	-2438.374	70.03612	0.7648543	1.589793	2.282464
15792	-2362.958	-2434.3	71.34221	0.8245634	1.958794	0.9937179
15798	-2361.488	-2433.395	71.90646	0.4752658	2.021269	0.8389112
15804	-2366.388	-2437.684	71.2963	0.5439607	2.00738	1.322398
15810	-2360.888	-2431.851	70.9633	0.5152743	1.756332	1.788041
15816	-2368.321	-2438.529	70.20829	0.6309309	1.405454	2.401431
15822	-2364.545	-2434.286	69.74104	0.4543767	1.449488	2.834426
15828	-2364.562	-2433.103	68.54048	0.6031824	1.26746	3.514525
15834	-2366.818	-2436.968	70.14987	0.5502089	1.534991	2.431487
15840	-2364.943	-2435.298	70.35514	0.6046041	1.532577	2.250799
15846	-2372.293	-2441.911	69.61845	0.6929638	1.638232	2.572282
15852	-2378.421	-2449.227	70.80663	0.6865185	1.817721	1.679551
15858	-2379.163	-2449.141	69.97822	0.7606916	1.723943	2.236767
15864	-2372.208	-2441.432	69.22366	0.845683	1.563249	2.747118
15870	-2384.916	-2455.576	70.66015	0.5602214	1.73716	1.959721
15876	-2372.969	-2443.713	70.74398	0.6569531	1.69459	1.83709
15882	-2369.825	-2440.346	70.52124	0.6569531	1.65696	2.012995
15888	-2373.546	-2442.667	69.12119	0.8603343	1.605837	2.773612
15894	-2389.079	-2458.457	69.37801	0.5197557	1.578248	2.909553
15900	-2379.948	-2450.336	70.38858	0.5668817	1.651432	2.18852
15906	-2376.577	-2445.938	69.36185	0.8132051	1.616645	2.652454
15912	-2378.228	-2448.622	70.39352	0.5734209	1.537107	2.252746
15918	-2372.291	-2441.831	69.54025	0.8664486	1.569755	2.53342
15924	-2365.643	-2435.372	69.72894	0.7529499	1.475014	2.557664
15930	-2372.514	-2442.678	70.16415	0.5549527	1.707989	2.308166
15936	-2373.769	-2444.631	70.86126	0.5159259	1.779745	1.841578
15942	-2386.669	-2456.336	69.66711	0.9854029	1.543121	2.391413
15948	-2378.726	-2449.567	70.84079	0.60706	1.584289	1.894065
15954	-2377.186	-2447.036	69.84995	0.8545584	1.523765	2.376176
15960	-2375.826	-2445.621	69.79523	1.095493	1.530398	2.249712
15966	-2373.058	-2442.45	69.3919	1.095493	1.32534	2.632466
15972	-2378.455	-2448.94	70.48489	0.6464982	1.688292	2.025853
15978	-2373.985	-2444.826	70.84116	0.8096218	1.688292	1.638094
15984	-2374.374	-2445.439	71.06455	0.8096218	1.818839	1.372773
15990	-2366.308	-2437.026	70.71764	0.8306814	1.808359	1.622988
15996	-2374.379	-2444.191	69.81237	1.019032	1.553642	2.270873
16002	-2368.529	-2438.828	70.29877	0.6833033	1.602616	2.17164
16008	-2365.786	-2435.972	70.18599	0.7196524	1.489855	2.286585
16014	-2367.103	-2437.314	70.21145	0.7531241	1.566074	2.194109
16020	-2367.636	-2437.801	70.16501	0.7488208	1.473511	2.287008
16026	-2371.452	-2441.968	70.51593	0.7488208	1.698958	1.90831
16032	-2369.757	-2440.544	70.78753	0.5139199	1.719331	1.93502
16038	-2367.918	-2438.352	70.43487	0.7593053	1.732483	1.931713
16044	-2371.277	-2440.952	69.67488	0.750785	1.67663	2.467218
16050	-2368.51	-2438.711	70.20154	0.9138178	1.494424	2.127232
16056	-2376.191	-2447.391	71.20031	0.8090351	1.674788	1.379823
16062	-2378.223	-2449.273	71.04954	0.8061006	1.663425	1.50654
16068	-2377.102	-2447.981	70.879	0.9417364	1.663425	1.521754
16074	-2368.771	-2439.583	70.81141	0.6906943	1.53561	1.868878
16080	-2371.752	-2441.448	69.69609	0.757989	1.49881	2.559436
16086	-2366.288	-2437.12	70.83156	0.8671001	1.643478	1.630066
16092	-2372.461	-2442.39	69.92882	0.6968773	1.477508	2.475779
16098	-2371.759	-2443.45	71.69153	0.486941	1.854652	1.197871
16104	-2371.497	-2442.71	71.21215	0.6653366	1.684304	1.501661
16110	-2372.745	-2443.506	70.76127	0.5857775	1.645302	1.927642
16116	-2363.535	-2434.707	71.17241	0.545326	1.506685	1.783075
16122	-2363.746	-2435.206	71.4603	0.5423788	1.73348	1.411015
16128	-2362.835	-2433.303	70.46769	0.6956293	1.600523	2.051712
16134	-2369.68	-2439.88	70.19941	0.9240712	1.600523	2.051712
16140	-2370.322	-2439.881	69.55904	0.9840945	1.515908	2.477374
16146	-2369.081	-2439.435	70.3544	0.8192937	1.594993	2.029661
16152	-2366.14	-2436.572	70.43272	0.7344889	1.594993	2.045565
16158	-2366.473	-2436.629	70.15589	0.7291195	1.54171	2.264946
16164	-2364.825	-2435.035	70.21049	0.9099857	1.606473	2.050385
16170	-2372.93	-2443.729	70.79926	0.494898	1.671787	1.980068
16176	-2368.409	-2438.186	69.77692	0.7781263	1.508488	2.487724
16182	-2364.958	-2434.802	69.84436	1.016478	1.593045	2.226589
16188	-2367.357	-2437.731	70.37469	1.194508	1.652115	1.720236
16194	-2370.406	-2441.457	71.05154	0.620516	1.780081	1.595355
16200	-2378.039	-2448.879	70.8393	0.6065848	1.597707	1.88642
16206	-2366.307	-2436.995	70.68827	0.7179422	1.597707	1.88642
16212	-2371.268	-2441.665	70.39771	0.6155	1.806411	2.034167
16218	-2365.796	-2436.827	71.03091	0.6971388	1.603169	1.66267
16224	-2362.577	-2433.072	70.49502	0.7982024	1.66286	1.906448
16230	-2369.677	-2438.373	68.69558	0.56522	1.406998	3.375097
16236	-2369.329	-2438.632	69.3031	0.8807148	1.525868	2.697411
16242	-2371.392	-2442.331	70.93874	0.6817002	1.884745	1.53971
16248	-2380.823	-2452.113	71.29021	0.7278406	1.804565	1.28298
16254	-2382.533	-2453.934	71.40068	0.518709	1.927232	1.335055
16260	-2383.942	-2455.559	71.61733	0.6413042	1.993412	0.9111309
16266	-2368.877	-2440.213	71.33536	0.7123035	2.327452	0.7200615
16272	-2363.716	-2435.146	71.42979	0.7123035	2.220204	0.7404029
16278	-2373.501	-2444.141	70.64	1.010245	1.796854	1.548291
16284	-2375.174	-2444.318	69.14458	0.8656938	1.545675	2.79238
16290	-2378.938	-2449.087	70.1495	0.5593266	1.567962	2.402101
16296	-2374.299	-2445.672	71.37245	0.447848	1.574308	1.709202
16302	-2374.087	-2445.396	71.30866	0.447848	1.64668	1.70313
16308	-2377.007	-2447.616	70.60924	0.7991975	1.704022	1.799229
16314	-2381.294	-2451.004	69.71026	0.8913573	1.45733	2.480324
16320	-2380.207	-2450.475	70.2674	0.6682364	1.840644	2.0494
16326	-2377.733	-2448.633	70.89997	0.7134654	2.002588	1.449142
16332	-2372.163	-2442.74	70.57626	0.8687505	1.850882	1.66314
16338	-2367.454	-2438.548	71.09437	0.888875	1.892505	1.215365
16344	-2365.832	-2436.163	70.33083	0.7911162	1.637224	2.03923
16350	-2364.908	-2435.72	70.81162	0.7559265	1.709542	1.690057
16356	-2374.683	-2445.805	71.1218	0.5073157	1.714375	1.715554
16362	-2379.968	-2447.439	67.4713	0.8744289	1.650156	3.714624
16368	-2367.477	-2436.882	69.4041	0.6114051	1.520689	2.844399
16374	-2364.24	-2433.298	69.05795	0.7173442	1.549101	2.949793
16380	-2363.575	-2433.897	70.32236	0.7449091	1.728664	2.021475
16386	-2373.521	-2443.441	69.92	0.7190084	1.75451	2.287962
16392	-2370.413	-2438.145	67.73134	0.9699706	1.604303	3.531469
16398	-2362.21	-2432.288	70.07782	0.6368785	1.387896	2.489244
16404	-2373.742	-2443.584	69.84213	0.7828788	1.424797	2.495714
16410	-2373.232	-2443.801	70.5688	0.8919006	1.857461	1.645528
16416	-2370.274	-2441.474	71.19992	0.5565345	1.819362	1.526715
16422	-2382.025	-2452.309	70.2841	0.6276973	1.66085	2.192613
16428	-2367.468	-2436.923	69.45514	0.5914308	1.657212	2.747847
16434	-2360.139	-2430.702	70.56244	0.7299048	1.574171	1.97694
16440	-2370.641	-2441.772	71.13059	0.7299048	1.762844	1.440113
16446	-2363.442	-2433.786	70.34422	0.8039425	1.639038	2.019077
16452	-2364.531	-2435.58	71.04885	0.5390521	1.532808	1.857005
16458	-2364.337	-2435.559	71.22169	0.5691954	1.517837	1.715154
16464	-2363.86	-2434.974	71.11444	0.6512315	1.718876	1.562766
16470	-2367.124	-2437.894	70.77029	0.7115565	1.436397	1.945602
16476	-2375.077	-2446.888	71.8111	0.3694499	1.700243	1.402663
16482	-2370.316	-2439.792	69.47657	0.7091505	1.825573	2.530929
16488	-2370.028	-2441.253	71.22468	0.4417577	1.677036	1.748563
16494	-2368.366	-2439.191	70.8253	0.5227235	1.65925	1.940492
16500	-2375.519	-2444.921	69.40157	0.8856986	1.541353	2.623878
16506	-2378.994	-2447.715	68.72165	1.055868	1.338335	3.054135
16512	-2372.131	-2442.998	70.86723	0.9415101	1.631103	1.554596
16518	-2374.078	-2444.397	70.31976	0.6707929	1.478674	2.24894
16524	-2370.515	-2438.641	68.12565	0.671991	1.408738	3.617877
16530	-2365.182	-2435.017	69.83482	0.8918666	1.344391	2.472696
16536	-2374.571	-2443.372	68.80075	0.8344742	1.335923	3.146485
16542	-2371.075	-2441.944	70.86892	0.7530955	1.842898	1.55475
16548	-2360.49	-2431.847	71.3572	0.7530955	1.874401	1.139495
16554	-2367.148	-2437.909	70.76042	0.8918725	1.7961	1.550754
16560	-2370.596	-2440.674	70.07767	0.8784846	1.649325	2.132008
16566	-2384.93	-2453.153	68.2226	0.8973679	1.255723	3.492859
16572	-2376.849	-2446.492	69.64285	0.6674859	1.527766	2.646455
16578	-2364.349	-2435.148	70.79831	0.610979	1.715153	1.829793
16584	-2377.692	-2445.916	68.22427	0.7591559	1.477533	3.455334
16590	-2378.96	-2448.776	69.81561	0.7218396	1.535319	2.490326
16596	-2383.097	-2453.845	70.7481	0.6000645	1.786605	1.826022
16602	-2370.441	-2439.347	68.90592	0.6921559	1.464903	3.110781
16608	-2368.874	-2438.172	69.29821	0.5664431	1.44144	2.996074
16614	-2371.923	-2441.269	69.34546	0.5950808	1.323799	3.012734
16620	-2373.083	-2444.026	70.9432	0.6125856	1.643602	1.777464
16626	-2370.809	-2441.678	70.86868	0.6884266	1.613999	1.777464
16632	-2369.654	-2440.161	70.50619	0.7892517	1.601604	1.947442
16638	-2372.53	-2443.643	71.11295	0.6859307	1.748044	1.507627
16644	-2382.687	-2452.538	69.85156	0.7046657	1.583496	2.451409
16650	-2375.148	-2445.105	69.95651	0.6388942	1.56675	2.451409
16656	-2371.819	-2440.491	68.67213	0.6828485	1.527323	3.21983
16662	-2368.025	-2438.165	70.13964	0.705505	1.40866	2.379319
16668	-2379.152	-2447.193	68.04082	0.9094807	1.425719	3.492107
16674	-2379.902	-2448.211	68.30895	0.8495059	1.223612	3.492107
16680	-2380.142	-2448.2	68.05782	1.173459	1.540152	3.264189
16686	-2378.077	-2445.134	67.0574	0.8163502	1.257696	4.213757
16692	-2374.751	-2444.668	69.91702	0.9115285	1.556792	2.272579
16698	-2372.875	-2442.853	69.97796	0.7226609	1.750293	2.25051
16704	-2370.943	-2441.251	70.30808	0.7977597	1.71578	1.996894
16710	-2372.184	-2442.233	70.0492	0.6423326	1.475039	2.447802
16716	-2378.418	-2447.608	69.19058	0.6782475	1.320953	3.037735
16722	-2377.111	-2446.794	69.68261	0.6370355	1.320953	2.774448
16728	-2367.993	-2437.253	69.26003	0.6459395	1.525268	2.899443
16734	-2367.601	-2438.9	71.2989	0.6962754	1.817508	1.298438
16740	-2366.507	-2436.767	70.26054	0.8995261	1.632749	2.007224
16746	-2376.001	-2446.15	70.14878	1.048234	1.478315	2.082883
16752	-2378.867	-2449.753	70.88565	0.8441217	2.158652	1.208878
16758	-2372.617	-2443.672	71.05483	0.6973022	1.729004	1.553837
16764	-2367.72	-2438.214	70.49396	0.7492031	1.558297	2.017113
16770	-2362.614	-2432.538	69.92371	0.5149311	1.50065	2.628623
16776	-2360.907	-2430.583	69.67662	0.650695	1.545718	2.628623
16782	-2368.805	-2438.612	69.80649	0.7716301	1.478782	2.49272
16788	-2368.262	-2438.122	69.86072	0.6778769	1.473842	2.536255
16794	-2367.873	-2438.557	70.68404	0.6924114	1.559273	1.937677
16800	-2369.608	-2440.241	70.63266	0.5950142	1.633843	2.012396
16806	-2377.88	-2449.153	71.27369	0.5950142	1.609473	1.584556
16812	-2372.544	-2442.08	69.53615	0.9460238	1.580927	2.475479
16818	-2371.088	-2440.826	69.73828	0.8132667	1.525049	2.475479
16824	-2363.906	-2433.835	69.92895	0.7092699	1.553723	2.417702
16830	-2368.39	-2438.253	69.86287	0.7092699	1.552668	2.459927
16836	-2361.425	-2430.832	69.40648	0.8429135	1.539941	2.651155
16842	-2364.267	-2434.836	70.56949	0.837423	1.694394	1.802687
16848	-2365.725	-2436.659	70.93405	0.7374263	1.732341	1.60225
16854	-2373.977	-2442.999	69.0219	0.7814076	1.382183	3.024029
16860	-2378.095	-2446.636	68.54142	0.8227173	1.22202	3.374901
16866	-2369.893	-2439.029	69.13615	0.6224717	1.430996	3.05027
16872	-2370.683	-2440.416	69.73295	0.8053511	1.618942	2.42566
16878	-2370.008	-2440.379	70.37067	0.7635928	1.536203	2.101432
16884	-2366.704	-2437.433	70.72873	0.5817711	1.517032	2.039126
16890	-2371.532	-2441.374	69.84209	0.6237655	1.664806	2.474982
16896	-2381.244	-2449.064	67.82038	0.632919	1.438904	3.807752
16902	-2369.596	-2439.591	69.99474	0.8747633	1.48825	2.292312
16908	-2369.901	-2438.149	68.24814	0.9928692	1.486511	3.284034
16914	-2377.54	-2447.301	69.76085	0.7905285	1.641615	2.404826
16920	-2377.742	-2448.412	70.66992	0.6210532	1.585551	1.994763
16926	-2370.551	-2441.328	70.77715	0.732478	1.5623	1.837262
16932	-2376.478	-2446.186	69.70725	0.7645322	1.5623	2.507943
16938	-2365.355	-2435.579	70.22447	0.7421733	1.511048	2.230021
16944	-2372.682	-2443.4	70.71805	0.5698301	1.558431	2.030614
16950	-2375.471	-2446.548	71.0769	0.6663093	1.66465	1.614764
16956	-2368.32	-2437.882	69.56178	0.6983922	1.592823	2.631075
16962	-2366.099	-2437.498	71.39933	0.5700303	1.778179	1.390678
16968	-2377.881	-2449.528	71.64611	0.5656456	1.679158	1.277773
16974	-2371.629	-2442.248	70.61828	0.8236905	1.581702	1.8575
16980	-2367.912	-2437.406	69.49377	0.7562664	1.369348	2.765013
16986	-2378.081	-2447.274	69.19388	0.7469375	1.348584	2.966225
16992	-2378.147	-2448.526	70.37929	0.8655488	1.468276	2.062256
16998	-2373.871	-2443.914	70.04335	0.6144132	1.470527	2.478939
17004	-2369.725	-2438.109	68.38333	0.6728374	1.360634	3.495287
17010	-2380.278	-2448.24	67.96239	0.7851183	1.355489	3.660393
17016	-2375.483	-2444.603	69.11967	0.4816048	1.479115	3.1613
17022	-2374.953	-2445.314	70.36147	0.6339383	1.499352	2.241275
17028	-2375.931	-2445.16	69.22852	0.8038395	1.569155	2.77004
17034	-2377.932	-2449.005	71.07313	0.69256	1.877765	1.432896
17040	-2377.696	-2448.333	70.63732	0.6904012	1.620078	1.92996
17046	-2374.881	-2444.317	69.43613	0.6868319	1.626426	2.697064
17052	-2371.382	-2441.31	69.92822	0.791557	1.599037	2.324923
17058	-2364.281	-2434.218	69.93694	0.5722527	1.469689	2.584269
17064	-2362.399	-2432.346	69.94756	0.5722527	1.459069	2.584269
17070	-2369.996	-2438.472	68.47594	0.5722527	1.249602	3.589032
17076	-2366.81	-2435.099	68.28966	0.7121251	1.241749	3.589032
17082	-2376.354	-2445.689	69.33548	0.6339599	1.280688	3.011239
17088	-2376.427	-2445.918	69.49095	0.5329814	1.58042	2.827065
17094	-2370.226	-2441.197	70.97129	0.598063	1.815104	1.651368
17100	-2368.978	-2437.986	69.00812	0.730112	1.525735	2.984056
17106	-2363.224	-2432.871	69.64718	0.7284118	1.548732	2.581678
17112	-2367.23	-2436.764	69.53412	0.9073249	1.599271	2.490912
17118	-2368.145	-2439.09	70.94505	0.5187543	1.623733	1.887799
17124	-2369.105	-2437.825	68.71994	0.7812563	1.237504	3.289514
17130	-2367.522	-2437.162	69.6405	0.613722	1.293531	2.836776
17136	-2365.647	-2435.215	69.56757	0.5731932	1.425857	2.836776
17142	-2381.003	-2449.826	68.82336	0.600847	1.328047	3.315305
17148	-2385.625	-2454.458	68.8327	0.8265317	1.31638	3.144526
17154	-2378.75	-2447.848	69.09816	1.012218	1.533668	2.734166
17160	-2386.7	-2455.713	69.01316	0.6273397	1.171219	3.273541
17166	-2377.802	-2447.398	69.59622	0.6648185	1.315674	2.807076
17172	-2372.612	-2443.287	70.67461	0.5988428	1.541789	2.041945
17178	-2363.685	-2434.639	70.95395	0.7129888	1.710336	1.62623
17184	-2364.705	-2434.768	70.06354	0.6513836	1.530926	2.395695
17190	-2378.206	-2449.388	71.18192	0.6298939	2.014845	1.306157
17196	-2372.241	-2443.058	70.81683	0.7391496	1.833899	1.612053
17202	-2369.737	-2439.98	70.24317	0.4991383	1.601545	2.382148
17208	-2373.808	-2444.214	70.40667	0.4934127	1.643639	2.257161
17214	-2368.579	-2438.311	69.73143	0.8607733	1.533849	2.440206
17220	-2374.204	-2441.687	67.4833	0.8062932	1.578135	3.793994
17226	-2374.106	-2442.759	68.65275	0.8275609	1.600822	3.081576
17232	-2374.531	-2445.599	71.06793	1.05149	1.872557	1.109853
17238	-2375.647	-2446.225	70.57815	0.8113672	1.671509	1.833247
17244	-2371.012	-2440.219	69.20699	0.9798959	1.373791	2.78513
17250	-2383.444	-2454.315	70.87089	0.6512792	1.538399	1.862468
17256	-2380.808	-2450.892	70.08343	0.9189957	1.550625	2.163988
17262	-2371.602	-2442.031	70.42916	0.6698518	1.585664	2.109334
17268	-2370.97	-2441.07	70.09981	0.876339	1.397627	2.281956
17274	-2365.768	-2434.613	68.84463	0.8837792	1.428048	3.032404
17280	-2367.703	-2437.889	70.18545	0.7716192	1.738692	2.083674
17286	-2364.998	-2434.848	69.8496	0.7960144	1.440383	2.47148
17292	-2364.012	-2433.606	69.59378	0.6988366	1.532735	2.648044
17298	-2366.065	-2435.553	69.48784	0.7987868	1.320359	2.767251
17304	-2401.852	-2469.728	67.87594	0.9173635	1.349106	3.627682
17310	-2363.45	-2433.068	69.61825	0.6580652	1.344584	2.781633
17316	-2366.768	-2437.023	70.2546	0.6838441	1.632625	2.180371
17322	-2373.394	-2443.721	70.32652	0.6898558	1.584227	2.159935
17328	-2371.197	-2442.407	71.20965	0.4763721	1.527517	1.820679
17334	-2365.733	-2437.051	71.31791	0.5083735	1.706211	1.579361
17340	-2365.251	-2436.066	70.81509	0.7776046	1.853231	1.564772
17346	-2365.913	-2436.569	70.65623	0.786175	1.783494	1.721713
17352	-2364.316	-2433.693	69.37715	0.6822095	1.566352	2.773646
17358	-2369.875	-2438.229	68.35462	0.6993323	1.566352	3.371217
17364	-2383.32	-2451.759	68.43909	0.7205115	1.461834	3.366971
17370	-2374.046	-2443.963	69.91723	0.8297517	1.782261	2.185578
17376	-2365.696	-2435.296	69.60053	0.6525309	1.538728	2.678262
17382	-2366.894	-2436.592	69.69793	0.5541659	1.583944	2.678262
17388	-2363.257	-2433.243	69.9855	0.8274918	1.53812	2.300418
17394	-2370.322	-2439.995	69.67336	0.8552447	1.461381	2.525813
17400	-2372.571	-2442.385	69.81414	0.8971141	1.427593	2.429846
