Iteration	Posterior	Likelihood	Prior	rate01	rate_log_sd	tree_length
0	-2378.395	-2449.409	71.01348	0.9655995	1.926629	1.185845
6	-2378.263	-2449.656	71.39371	0.5817314	2.016607	1.185845
12	-2385.045	-2453.235	68.18963	0.7420788	1.390522	3.538628
18	-2379.686	-2449.174	69.48793	0.8446201	1.253368	2.775703
24	-2367.745	-2437.67	69.92576	0.721946	1.474016	2.459636
30	-2370.902	-2439.91	69.00732	0.7644781	1.466846	2.994292
36	-2380.901	-2451.28	70.37984	0.6211402	1.529913	2.221358
42	-2376.77	-2446.705	69.9354	0.6211402	1.490901	2.527673
48	-2384.116	-2452.24	68.12469	0.8956722	1.404788	3.46406
54	-2366.964	-2436.55	69.58642	0.7889599	1.483327	2.613782
60	-2373.425	-2444.462	71.03706	0.7328892	1.942991	1.369957
66	-2364.247	-2435.504	71.25695	0.6682402	1.862416	1.326074
72	-2373.363	-2444.541	71.17739	0.7356837	1.854351	1.326074
78	-2367.914	-2439.188	71.27395	0.7248677	1.719797	1.367149
84	-2369.528	-2440.122	70.59452	0.8952825	1.699269	1.736963
90	-2376.603	-2446.597	69.99422	0.6678291	1.647308	2.351732
96	-2365.539	-2435.599	70.05979	0.787323	1.538964	2.282487
102	-2372.077	-2442.566	70.4886	0.5788094	1.538964	2.184969
108	-2366.825	-2436.924	70.09899	0.7519399	1.57201	2.263722
114	-2376.921	-2447.25	70.32871	0.8016491	1.613465	2.048107
120	-2374.618	-2444.501	69.88341	0.8293728	1.722768	2.246114
126	-2371.417	-2440.473	69.05605	0.8793316	1.303129	2.983462
132	-2366.419	-2435.864	69.44496	0.6318367	1.459349	2.839251
138	-2371.298	-2441.394	70.09578	0.7600762	1.52004	2.292659
144	-2374.562	-2443.756	69.19327	0.8868322	1.581804	2.726336
150	-2370.035	-2439.611	69.57606	0.9436631	1.707764	2.371981
156	-2364.782	-2435.772	70.99071	0.7370829	1.722584	1.568314
162	-2369.906	-2441.648	71.74231	0.544101	2.14387	0.7423535
168	-2373.633	-2444.688	71.05464	0.8373173	2.141176	1.081164
174	-2374.783	-2446.056	71.27359	0.7836086	1.985023	1.081164
180	-2367.376	-2438.44	71.06422	0.7635129	1.893787	1.357386
186	-2377.103	-2446.885	69.7811	0.7534352	1.616133	2.436446
192	-2376.002	-2446.152	70.14966	0.7661507	1.706779	2.132404
198	-2368.751	-2438.285	69.53404	0.6966979	1.464327	2.728473
204	-2372.15	-2441.183	69.03363	0.9478047	1.405913	2.89088
210	-2381.389	-2450.66	69.27096	1.177128	1.439138	2.591025
216	-2371.447	-2441.556	70.10963	0.8319172	1.577751	2.191819
222	-2378.748	-2448.624	69.87582	0.9678802	1.664279	2.191819
228	-2365.874	-2436.029	70.15492	0.8690243	1.664279	2.078409
234	-2370.757	-2441.551	70.79385	0.6249502	1.78326	1.771969
240	-2372.919	-2442.569	69.64962	0.950028	1.639592	2.364359
246	-2373.91	-2444.481	70.5713	0.7151678	1.923896	1.744466
252	-2376.683	-2446.578	69.89506	0.6746586	1.871674	2.265979
258	-2372.269	-2441.631	69.36208	0.6746586	1.566128	2.789096
264	-2371.344	-2441.002	69.65756	0.7980537	1.512232	2.54503
270	-2369.761	-2439.567	69.80636	0.7876947	1.51164	2.460115
276	-2382.417	-2451.807	69.38989	0.5909456	1.313659	2.9958
282	-2368.201	-2439.848	71.64644	0.5629583	1.911742	1.078653
288	-2373.044	-2444.32	71.2759	0.791464	1.914174	1.135075
294	-2378.693	-2449.674	70.98111	0.8703495	1.914413	1.307933
300	-2376.887	-2448.049	71.1618	0.8055991	1.943554	1.19467
306	-2371.949	-2443.337	71.38811	0.4990421	1.812299	1.45939
312	-2376.782	-2448.023	71.24069	0.6108797	1.7979	1.451497
318	-2374.103	-2444.414	70.31014	0.7948817	1.660431	2.034594
324	-2371.3	-2440.588	69.28749	0.8979367	1.673234	2.604631
330	-2382.805	-2452.324	69.51851	0.8021032	1.268364	2.77787
336	-2376.407	-2445.728	69.32039	0.6551948	1.448454	2.901711
342	-2373.782	-2442.55	68.76836	0.69988	1.338424	3.2614
348	-2377.971	-2446.982	69.01039	0.8966117	1.561833	2.843471
354	-2368.15	-2439.029	70.87941	0.7243276	1.632612	1.724445
360	-2365.198	-2436.148	70.95008	0.8515955	1.605708	1.584056
366	-2356.959	-2427.39	70.43113	0.5769472	1.612079	2.176624
372	-2360.471	-2430.394	69.92364	0.7196024	1.583844	2.393684
378	-2361.574	-2431.639	70.06413	0.6538795	1.530106	2.393684
384	-2374.948	-2445.233	70.28499	0.6349408	1.675154	2.176175
390	-2368.198	-2439.48	71.282	0.5684367	1.889966	1.396869
396	-2364.526	-2435.262	70.7363	0.6092635	1.887732	1.754819
402	-2364.158	-2434.934	70.77624	0.8241994	1.992408	1.448532
408	-2367.232	-2438.568	71.33668	0.7128659	2.056081	1.037203
414	-2371.242	-2442.823	71.58065	0.4733992	2.090519	1.107816
420	-2363.911	-2434.631	70.71983	0.7567814	1.773069	1.709337
426	-2368.911	-2440.386	71.47586	0.4578184	1.773069	1.475911
432	-2364.56	-2434.951	70.39101	0.9124332	1.757606	1.825034
438	-2372.722	-2442.499	69.77729	0.8674242	1.500938	2.427387
444	-2379.019	-2448.033	69.0138	0.8674242	1.194586	3.081634
450	-2367.806	-2438.218	70.41213	0.8931304	1.561494	1.958148
456	-2375.166	-2445.859	70.69341	0.5382422	1.752711	1.949786
462	-2378.551	-2449.617	71.0657	0.5382422	1.487592	1.877242
468	-2369.179	-2439.826	70.64734	0.6521707	1.406544	2.099449
474	-2370.096	-2440.954	70.85816	0.5731508	1.420592	2.025788
480	-2366.787	-2437.579	70.7917	0.7625436	1.642207	1.745876
486	-2358.661	-2429.351	70.68948	0.8430695	1.649583	1.745876
492	-2368.914	-2440.116	71.20156	0.6251802	1.772698	1.48484
498	-2369.778	-2440.827	71.04903	0.6274771	1.921988	1.48484
504	-2364.744	-2435.165	70.42099	0.8482528	1.710368	1.885174
510	-2364.964	-2435.396	70.43229	0.8382965	1.710368	1.885174
516	-2372.243	-2442.95	70.70776	0.8880308	1.754512	1.622629
522	-2369.577	-2440.371	70.79461	0.8142203	1.69925	1.659781
528	-2362.577	-2432.828	70.25077	0.7740972	1.69925	2.064647
534	-2374.183	-2443.387	69.20371	0.7595803	1.56946	2.817321
540	-2387.986	-2457.209	69.22232	0.5989673	1.462213	3.000171
546	-2372.597	-2442.988	70.39023	0.5745666	1.677813	2.162804
552	-2369.987	-2441.218	71.23098	0.6409353	1.874098	1.367103
558	-2373.29	-2443.31	70.01998	0.916836	1.635804	2.151345
564	-2366.839	-2437.133	70.29414	0.8615964	1.682942	1.979134
570	-2372.36	-2443.267	70.90622	0.6799142	1.598868	1.769703
576	-2362.451	-2433.664	71.21352	0.5271525	1.798013	1.566375
582	-2365.679	-2436.72	71.04093	0.6379757	1.805779	1.566375
588	-2370.755	-2441.463	70.70839	0.6379757	1.699786	1.875767
594	-2380.132	-2451.087	70.95548	0.5358371	1.65536	1.84047
600	-2378.735	-2449.415	70.67979	0.4966906	1.753975	2.002968
606	-2370.589	-2440.671	70.08229	0.6104514	1.472435	2.456887
612	-2365.583	-2435.285	69.70188	0.7403037	1.592265	2.511262
618	-2374.538	-2444.868	70.33087	0.6191212	1.655531	2.1736
624	-2377.399	-2447.198	69.799	0.762231	1.593042	2.432914
630	-2381.013	-2451.872	70.85962	0.6411401	1.816475	1.686399
636	-2370.239	-2440.083	69.84374	0.7500648	1.510422	2.466114
642	-2375.591	-2445.662	70.07058	0.8424105	1.46218	2.283664
648	-2373.004	-2442.852	69.84798	0.6186508	1.352951	2.669403
654	-2371.241	-2441.387	70.14615	0.865144	1.806587	1.992752
660	-2367.415	-2438.846	71.43039	0.7174259	1.979644	1.014655
666	-2369.198	-2440.91	71.71217	0.5483807	1.995647	0.95321
672	-2373.894	-2445.206	71.31253	0.9100291	1.728938	1.148188
678	-2373.34	-2444.893	71.55299	0.5610762	1.929942	1.149532
684	-2371.194	-2442.195	71.00104	0.6893597	1.649975	1.657849
690	-2364.769	-2435.901	71.13283	0.7062366	1.809032	1.426144
696	-2366.413	-2438.126	71.71299	0.5125547	1.809032	1.182163
702	-2367.035	-2438.315	71.27997	0.7324102	1.786219	1.301589
708	-2370.187	-2441.029	70.84207	0.7240532	1.799066	1.632735
714	-2372.356	-2443.126	70.77036	0.5675272	1.796015	1.837421
720	-2373.518	-2443.844	70.32576	1.024519	1.657595	1.859604
726	-2367.957	-2438.376	70.41869	0.8906003	1.567031	1.951869
732	-2372.109	-2442.758	70.64874	0.8569143	1.594723	1.801557
738	-2374.979	-2445.03	70.0508	0.9351901	1.360105	2.296766
744	-2365.429	-2435.382	69.95373	0.8468074	1.656083	2.23097
750	-2359.806	-2430.755	70.94935	0.6353626	1.718963	1.697628
756	-2369.784	-2440.704	70.9198	0.6698138	1.865528	1.579463
762	-2367.423	-2438.501	71.07774	0.5676587	1.747193	1.656085
768	-2374.626	-2444.262	69.63512	0.6491395	1.611739	2.614795
774	-2369.56	-2437.294	67.73398	0.9937001	1.185218	3.758863
780	-2370.984	-2439.693	68.70932	0.5776932	1.197847	3.478504
786	-2366.745	-2433.88	67.13571	0.8710109	1.239064	4.144626
792	-2364.852	-2434.806	69.95442	0.6618419	1.403549	2.535094
798	-2372.62	-2441.117	68.49682	0.7891688	1.183685	3.446567
804	-2365.307	-2434.99	69.68243	0.7891688	1.398045	2.60699
810	-2366.744	-2436.926	70.18193	0.68501	1.382141	2.386301
816	-2362.034	-2433.339	71.30484	0.644506	1.859062	1.316275
822	-2365.107	-2435.206	70.09966	0.7515818	1.578444	2.259445
828	-2369.907	-2438.877	68.96969	0.7591125	1.478803	3.013626
834	-2368.078	-2437.519	69.44155	0.7193528	1.403266	2.804345
840	-2365.333	-2435.472	70.13877	0.7884317	1.610656	2.184563
846	-2368.427	-2438.858	70.43107	0.5390856	1.657872	2.184563
852	-2368.334	-2438.067	69.73342	0.707572	1.75781	2.41369
858	-2365.524	-2434.668	69.1432	0.9403527	1.553438	2.739289
864	-2372.053	-2441.212	69.15877	0.9255728	1.553438	2.739289
870	-2363.975	-2434.664	70.6882	0.6610966	1.626261	1.91784
876	-2372.3	-2443.622	71.32257	0.6227353	1.6345	1.500359
882	-2367.336	-2437.309	69.97379	0.739486	1.548309	2.36854
888	-2373.783	-2443.498	69.71515	0.7099785	1.593405	2.526269
894	-2367.626	-2437.476	69.85005	0.6968643	1.475509	2.526269
900	-2360.226	-2430.247	70.02162	0.8003258	1.590423	2.264075
906	-2369.314	-2439.5	70.186	0.7319114	1.521377	2.256403
912	-2369.952	-2439.908	69.95605	0.6653644	1.52688	2.453974
918	-2370.274	-2440.855	70.58135	0.8737012	1.701445	1.761226
924	-2373.026	-2444.312	71.28547	0.6128239	1.822175	1.39613
930	-2375.363	-2446.913	71.55029	0.7170982	1.860263	1.014553
936	-2377.332	-2448.859	71.5274	0.6504131	2.110597	0.8655794
942	-2374.807	-2446.115	71.30728	0.8257314	2.110597	0.8655794
948	-2377.597	-2448.989	71.39191	0.8133972	2.0691	0.8304539
954	-2370.364	-2441.865	71.50167	0.6919048	2.113354	0.825565
960	-2371.197	-2442.714	71.51747	0.6902907	2.141414	0.7695929
966	-2370.636	-2442.191	71.55405	0.6389803	2.215456	0.7054033
972	-2376.365	-2447.685	71.31979	0.7903561	2.247331	0.7187185
978	-2365.441	-2436.687	71.24583	0.8385296	2.204545	0.8068879
984	-2365.673	-2437.013	71.33993	0.7676203	1.881444	1.132741
990	-2385.481	-2456.325	70.84405	0.7851062	1.68063	1.662328
996	-2367.797	-2437.977	70.18009	0.543294	1.651569	2.345439
1002	-2372.558	-2442.942	70.38363	0.451441	1.399802	2.472213
1008	-2368.546	-2436.778	68.23148	0.7151219	1.297454	3.588234
1014	-2361.986	-2430.717	68.73092	0.8015885	1.313638	3.223764
1020	-2369.257	-2438.464	69.20777	0.6274249	1.629065	2.883887
1026	-2372.217	-2442.303	70.08539	0.6274249	1.344827	2.519695
1032	-2380.524	-2448.183	67.65952	0.7668728	1.086877	4.001722
1038	-2380.15	-2448.523	68.37312	0.9064968	1.390032	3.320159
1044	-2367.209	-2435.571	68.36177	0.6754126	1.30992	3.535409
1050	-2372.562	-2442.106	69.54388	0.5801843	1.553592	2.767091
1056	-2366.142	-2436.388	70.24575	0.6841203	1.51791	2.259876
1062	-2375.573	-2444.483	68.90925	0.5019648	1.418659	3.301385
1068	-2367.01	-2436.393	69.38315	0.558976	1.406084	2.973112
1074	-2369.562	-2438.693	69.13155	0.7644552	1.377903	2.973112
1080	-2369.176	-2438.119	68.94263	0.7658247	1.56515	2.973112
1086	-2374.208	-2443.35	69.14146	0.9425803	1.343318	2.866805
1092	-2368.512	-2437.932	69.41984	0.9402246	1.487946	2.609517
1098	-2360.624	-2431.011	70.38735	0.7243316	1.511527	2.138646
1104	-2365.032	-2433.769	68.73728	0.8081316	1.487849	3.111994
1110	-2375.106	-2444.291	69.18509	0.6132066	1.233123	3.146931
1116	-2374.646	-2443.699	69.05309	0.6557458	1.336183	3.128798
1122	-2367.322	-2436.918	69.59574	0.8137017	1.44525	2.613525
1128	-2371.024	-2440.32	69.29563	0.9442843	1.601435	2.613525
1134	-2371.442	-2441.476	70.03364	0.8084048	1.717656	2.168024
1140	-2372.042	-2442.652	70.61033	0.6447264	1.692851	1.940571
1146	-2368.831	-2439.397	70.5665	0.6902498	1.675359	1.940571
1152	-2368.734	-2439.514	70.78013	0.6895603	1.763708	1.73366
1158	-2376.605	-2447.366	70.76091	0.5654402	1.763708	1.868175
1164	-2370.283	-2439.322	69.03894	0.4682901	1.493133	3.214387
1170	-2364.961	-2435.23	70.26905	0.6938525	1.426608	2.295237
1176	-2371.391	-2441.223	69.8317	0.6399813	1.497237	2.571785
1182	-2375.16	-2444.934	69.7741	0.7487969	1.412249	2.571785
1188	-2372.259	-2442.4	70.14065	0.5975818	1.403635	2.475108
1194	-2384.653	-2454.596	69.94267	0.5630342	1.389494	2.638937
1200	-2372.372	-2442.131	69.75928	0.5537632	1.421232	2.740793
1206	-2370.123	-2440.227	70.10414	0.7945292	1.569557	2.228837
1212	-2377.284	-2447.774	70.49021	0.5407647	1.560921	2.207339
1218	-2374.894	-2445.7	70.80626	0.5407647	1.471707	2.059184
1224	-2370.697	-2440.098	69.40071	1.084517	1.405423	2.583839
1230	-2371.17	-2441.076	69.90615	1.05347	1.612849	2.150348
1236	-2365.605	-2435.961	70.35674	0.6890558	1.485267	2.205198
1242	-2361.694	-2432.746	71.05166	0.58718	1.516254	1.816145
1248	-2374.32	-2443.978	69.65801	0.7468286	1.473099	2.607528
1254	-2360.627	-2430.553	69.92619	0.6740248	1.676245	2.371257
1260	-2359.954	-2430.351	70.39728	0.6845361	1.546249	2.143147
1266	-2365.307	-2435.343	70.03686	0.6918043	1.641929	2.307725
1272	-2359.74	-2430.447	70.70673	0.600802	1.450186	2.079336
1278	-2364.6	-2433.869	69.26879	0.6731888	1.287272	3.015114
1284	-2361.859	-2432.822	70.96241	0.4470775	1.427849	2.0883
1290	-2373.338	-2444.314	70.97647	0.5836547	1.554062	1.84544
1296	-2372.198	-2442.688	70.49002	0.5773866	1.76744	2.035706
1302	-2376.457	-2447.756	71.29873	0.5579681	1.865096	1.415542
1308	-2374.123	-2444.934	70.81083	0.591895	1.665507	1.874188
1314	-2368.675	-2439.649	70.97428	0.6478394	1.850451	1.57249
1320	-2369.899	-2440.868	70.96954	0.6478394	1.817397	1.600085
1326	-2365.336	-2436.065	70.72905	0.6570843	1.696783	1.845712
1332	-2365.16	-2436.308	71.1472	0.6570843	1.718745	1.532755
1338	-2363.839	-2434.79	70.9508	0.5858104	1.569884	1.850004
1344	-2384.75	-2455.414	70.66365	0.7186927	1.674702	1.850004
1350	-2370.602	-2441.062	70.45978	0.6719046	1.274871	2.288894
1356	-2365.933	-2436.003	70.0692	0.6661755	1.461021	2.423537
1362	-2372.242	-2442.515	70.27295	0.8716295	1.638211	2.015654
1368	-2370.006	-2441.052	71.04563	0.7659448	1.763264	1.470466
1374	-2380.384	-2450.963	70.57932	0.7659448	1.817966	1.768568
1380	-2371.434	-2442.106	70.67181	0.8740959	1.675874	1.715372
1386	-2369.366	-2440.056	70.68992	0.8060271	1.675874	1.757094
1392	-2363.377	-2433.514	70.13632	0.8060271	1.558485	2.206452
1398	-2367.071	-2437.534	70.46328	0.6641213	1.727642	1.998044
1404	-2364.552	-2434.941	70.38905	0.6306223	1.499362	2.226494
1410	-2374.123	-2444.832	70.70876	0.9006333	1.63769	1.69572
1416	-2371.132	-2441.274	70.14254	0.682787	1.684306	2.220339
1422	-2376.575	-2446.5	69.92446	0.8672106	1.441559	2.37209
1428	-2369.995	-2439.039	69.04369	0.4553599	1.347333	3.311022
1434	-2362.733	-2433.348	70.61467	0.4835159	1.496473	2.228723
1440	-2365.699	-2436.201	70.50192	0.5140037	1.558719	2.228723
1446	-2358.402	-2427.711	69.30864	0.7209845	1.532936	2.80505
1452	-2360.427	-2430.856	70.42916	0.5720768	1.714377	2.115987
1458	-2364.713	-2435.005	70.29105	0.7916933	1.559817	2.115943
1464	-2362.917	-2433.214	70.29674	0.7916933	1.664596	2.043221
1470	-2362.133	-2432.555	70.42199	0.5187226	1.642304	2.221442
1476	-2359.407	-2429.686	70.27876	0.6219733	1.481535	2.316455
1482	-2367.94	-2439.256	71.31646	0.5002354	1.677268	1.611234
1488	-2366.487	-2437.299	70.81225	0.5557208	1.52726	2.002982
1494	-2374.66	-2445.5	70.83992	0.6138811	1.52726	1.926642
1500	-2372.287	-2442.866	70.57866	0.7904543	1.640918	1.870747
1506	-2372.009	-2442.701	70.69269	0.7443441	1.666059	1.813748
1512	-2366.138	-2437.173	71.03542	0.7433357	1.567058	1.643109
1518	-2361.718	-2432.064	70.34627	0.7336403	1.519472	2.15258
1524	-2372.775	-2442.618	69.84275	0.5416694	1.452414	2.682002
1530	-2366.88	-2436.419	69.53925	0.7492715	1.341606	2.759457
1536	-2368.886	-2438.405	69.51893	0.6142299	1.314451	2.897289
1542	-2368.799	-2436.621	67.822	0.7439425	1.290422	3.808015
1548	-2363.675	-2433.393	69.71828	0.8292042	1.257117	2.642947
1554	-2359.255	-2430.095	70.84	0.5921812	1.570106	1.918875
1560	-2364.006	-2434.345	70.33947	0.6385824	1.570106	2.205649
1566	-2370.551	-2441.448	70.8967	0.5674207	1.742933	1.78694
1572	-2369.224	-2439.65	70.42621	0.5674207	1.69429	2.135635
1578	-2365.92	-2436.208	70.28738	0.904019	1.752709	1.905352
1584	-2368.091	-2439.056	70.9652	0.6959435	1.672844	1.660955
1590	-2367.365	-2437.705	70.34018	0.8127095	1.749729	1.940862
1596	-2372.185	-2442.494	70.30852	0.9899439	1.710176	1.85895
1602	-2363.126	-2433.937	70.81098	0.8602617	1.723173	1.592742
1608	-2363.762	-2434.463	70.70167	0.8334555	1.661441	1.736697
1614	-2370.604	-2441.408	70.80405	0.8440188	1.684583	1.63895
1620	-2361.347	-2432.422	71.07489	0.7400129	1.616905	1.581375
1626	-2366.387	-2435.733	69.34534	1.325031	1.548913	2.397706
1632	-2367.255	-2437.094	69.83832	0.8596389	1.61732	2.320513
1638	-2369.276	-2439.588	70.31183	0.5396329	1.48618	2.370425
1644	-2376.147	-2443.779	67.63234	0.9274177	1.39159	3.73786
1650	-2367.352	-2435.4	68.04777	0.776429	1.146557	3.73786
1656	-2368.546	-2435.667	67.12151	0.776429	1.269608	4.197448
1662	-2370.749	-2437.475	66.72691	0.6540896	1.197289	4.549667
1668	-2371.858	-2438.867	67.00881	0.7487255	1.332895	4.244683
1674	-2370.379	-2439.261	68.8815	0.9026833	1.493382	2.958722
1680	-2369.034	-2439.955	70.92112	0.5906522	1.709107	1.769389
1686	-2369.75	-2439.954	70.20454	0.9375234	1.484338	2.115435
1692	-2367.059	-2437.659	70.60015	0.7893307	1.573799	1.902697
1698	-2365.766	-2436.282	70.51554	0.7408107	1.525482	2.031505
1704	-2366.761	-2437.139	70.37838	0.7408107	1.671289	2.025763
1710	-2370.036	-2440.381	70.34534	0.8355659	1.619522	2.006923
1716	-2367.885	-2438.612	70.72667	0.7079895	1.659212	1.826801
1722	-2378.928	-2449.592	70.66434	0.7079895	1.705688	1.837701
1728	-2369.595	-2438.826	69.2311	0.7212041	1.326123	2.976801
1734	-2382.312	-2451.015	68.70281	0.8600652	1.411448	3.142595
1740	-2371.511	-2441.561	70.05024	0.6490468	1.489281	2.432365
1746	-2372.416	-2442.495	70.07944	0.6426098	1.468961	2.432365
1752	-2366.755	-2436.533	69.77868	0.9133197	1.625147	2.316095
1758	-2368.152	-2438.368	70.21591	1.062579	1.713086	1.871557
1764	-2367.711	-2438.189	70.47838	0.7073049	1.541562	2.07356
1770	-2368.491	-2439.166	70.67513	0.5454721	1.796714	1.924836
1776	-2370.001	-2440.801	70.79984	0.5655386	1.905811	1.74287
1782	-2369.298	-2440.105	70.80683	0.9594349	1.772945	1.479963
1788	-2365.039	-2435.923	70.88431	0.6951193	1.621915	1.754913
1794	-2364.857	-2435.132	70.27489	0.7345555	1.503093	2.208772
1800	-2367.267	-2436.727	69.46046	0.6564337	1.503093	2.782546
1806	-2374.896	-2442.684	67.78833	0.7358744	1.140598	3.919196
1812	-2368.243	-2437.253	69.01002	0.682078	1.237754	3.191809
1818	-2364.519	-2433.411	68.89217	0.6805579	1.419237	3.155239
1824	-2368.088	-2436.714	68.62522	0.6805579	1.419237	3.313129
1830	-2373.482	-2443.124	69.64207	0.6805579	1.314759	2.766851
1836	-2366.363	-2435.694	69.33112	0.8399917	1.419486	2.773234
1842	-2370.794	-2439.56	68.76529	0.8399917	1.250798	3.214285
1848	-2368.066	-2437.421	69.35526	0.8015177	1.315879	2.848666
1854	-2374.391	-2443.739	69.34768	0.6691062	1.489966	2.848666
1860	-2374.244	-2444.236	69.99144	0.6626178	1.63377	2.366549
1866	-2377.499	-2447.609	70.1104	0.664438	1.377734	2.45149
1872	-2376.24	-2444.41	68.17018	0.7133948	1.281436	3.634394
1878	-2371.856	-2440.059	68.20344	0.6288881	1.298973	3.670683
1884	-2372.858	-2442.666	69.80776	0.5179848	1.472383	2.7143
1890	-2371.515	-2441.49	69.97509	0.6290781	1.659254	2.390055
1896	-2364.902	-2434.999	70.09735	0.6290781	1.537001	2.390055
1902	-2372.418	-2442.405	69.98714	0.4540494	1.42824	2.697539
1908	-2367.584	-2438.207	70.62338	0.8756738	1.673804	1.749641
1914	-2362.991	-2433.665	70.67463	0.6672194	1.887082	1.741991
1920	-2364.112	-2434.422	70.31027	1.03984	1.828009	1.741991
1926	-2366.358	-2437.49	71.1315	0.7345448	1.790244	1.413833
1932	-2362.605	-2433.768	71.16291	0.7345448	1.810134	1.373833
1938	-2364.363	-2435.67	71.30752	0.8251807	1.880088	1.101589
1944	-2364.844	-2434.803	69.95953	0.7972355	1.716173	2.225472
1950	-2357.896	-2427.711	69.81545	0.6944848	1.582811	2.482793
1956	-2360.157	-2431.023	70.86604	0.5734981	1.759798	1.790156
1962	-2368.405	-2438.677	70.27255	0.9365352	1.630388	1.974435
1968	-2378.339	-2448.787	70.44769	0.5021628	1.696463	2.187252
1974	-2376.336	-2446.339	70.00229	0.9391383	1.740625	2.078847
1980	-2373.754	-2444.05	70.29593	0.8264058	1.937435	1.832455
1986	-2371.335	-2442.246	70.9116	0.6305065	1.758605	1.701104
1992	-2362.45	-2432.464	70.01427	0.9039161	1.424525	2.300227
1998	-2359.06	-2429.237	70.1762	0.617541	1.581935	2.321846
2004	-2361.763	-2432.059	70.29628	0.7348813	1.593781	2.135708
2010	-2362.012	-2432.34	70.32787	0.8209745	1.678942	1.990145
2016	-2368.666	-2439.53	70.86407	0.8700323	1.705945	1.558506
2022	-2364.643	-2435.572	70.92834	0.6610716	1.581802	1.783786
2028	-2372.901	-2443.676	70.77523	0.7016251	1.643906	1.809546
2034	-2372.602	-2443.781	71.17901	0.5401472	1.658131	1.677607
2040	-2378.262	-2449.645	71.38359	0.6158939	1.780833	1.34801
2046	-2373.72	-2444.353	70.6334	0.8184306	1.733101	1.746469
2052	-2377.084	-2447.879	70.79465	0.7544532	1.937374	1.538585
2058	-2377.839	-2448.321	70.48141	0.8009842	1.773936	1.837712
2064	-2378.183	-2447.251	69.06743	0.6203775	1.477017	3.065613
2070	-2375.119	-2446.177	71.05766	0.5447127	1.545209	1.836399
2076	-2375.138	-2446.211	71.07233	0.7005259	1.577151	1.648473
2082	-2378.838	-2448.972	70.13389	0.8017762	1.629119	2.165473
2088	-2372.855	-2442.869	70.0139	0.7978194	1.435739	2.369516
2094	-2362.914	-2432.981	70.06622	0.6747327	1.615457	2.320299
2100	-2379.157	-2448.402	69.24516	0.5285857	1.404059	3.085336
2106	-2377.486	-2446.757	69.27072	0.5943502	1.278213	3.085336
2112	-2370.696	-2440.117	69.42064	0.5144749	1.246476	3.088177
2118	-2365.55	-2435.194	69.64398	0.7928184	1.529892	2.546354
2124	-2368.135	-2437.252	69.11749	0.584483	1.261126	3.195259
2130	-2366.406	-2435.162	68.75558	0.7651011	1.380853	3.195259
2136	-2374.542	-2444.001	69.45943	0.7548408	1.380853	2.780015
2142	-2375.58	-2445.124	69.54311	0.9374769	1.414686	2.580331
2148	-2367.024	-2437.006	69.98159	0.9142757	1.483745	2.276128
2154	-2362.947	-2433.85	70.90289	0.6154533	1.533051	1.878479
2160	-2361.203	-2431.509	70.30601	0.671507	1.596107	2.181366
2166	-2368.394	-2439.134	70.74072	0.5828501	1.534652	2.018419
2172	-2373.004	-2443.395	70.39041	0.5728271	1.550988	2.246396
2178	-2367.677	-2437.924	70.24678	0.7678229	1.44001	2.241061
2184	-2370.016	-2440.44	70.42451	0.5512164	1.455836	2.3066
2190	-2379.828	-2450.93	71.10167	0.7985243	1.891183	1.295664
2196	-2374.653	-2445.547	70.89352	0.8398712	1.787579	1.501171
2202	-2372.983	-2442.976	69.99312	0.781484	1.390068	2.4238
2208	-2368.23	-2437.026	68.79686	0.8307212	1.361109	3.136376
2214	-2367.685	-2436.727	69.04176	0.9210736	1.570561	2.80314
2220	-2370.024	-2440.59	70.56593	0.569529	1.546725	2.13868
2226	-2377.571	-2447.511	69.94001	0.569529	1.57375	2.520204
2232	-2377.573	-2447.354	69.78101	0.6045454	1.681031	2.520204
2238	-2363.448	-2433.061	69.61352	0.6895214	1.461958	2.686952
2244	-2357.239	-2427.525	70.28633	0.6763424	1.541588	2.225179
2250	-2363.016	-2433.155	70.13898	0.7421651	1.338008	2.394975
2256	-2370.537	-2439.537	69.00047	0.7421651	1.520523	2.982701
2262	-2379.802	-2450.4	70.59771	0.6634976	1.82783	1.839937
2268	-2364.339	-2435.403	71.06427	0.6656511	1.655467	1.631172
2274	-2367.574	-2438.187	70.61321	1.010993	1.719192	1.624022
2280	-2375.218	-2445.504	70.2852	1.184077	1.719192	1.742425
2286	-2367.469	-2438.304	70.8352	0.8539319	1.594676	1.673016
2292	-2362.019	-2432.427	70.40769	0.7190825	1.756643	1.967572
2298	-2361.576	-2432.509	70.93337	0.7530816	1.790182	1.546101
2304	-2362.229	-2432.985	70.75631	0.5262145	1.623897	2.006633
2310	-2369.81	-2440.676	70.86579	0.5262145	1.638648	1.923314
2316	-2373.285	-2443.789	70.50429	0.8437181	1.575954	1.923314
2322	-2370.098	-2441.016	70.9181	0.593908	1.603192	1.841419
2328	-2374.838	-2445.561	70.72262	0.5483141	1.45773	2.115634
2334	-2362.916	-2432.46	69.54398	0.7129553	1.371677	2.766164
2340	-2371.262	-2441.265	70.00284	0.6720386	1.479943	2.448422
2346	-2368.71	-2438.869	70.15886	0.8487775	1.693472	2.071522
2352	-2376.079	-2445.925	69.84583	0.6154	1.589908	2.526882
2358	-2369.348	-2438.29	68.94139	0.5689103	1.455228	3.198397
2364	-2371.277	-2440.819	69.54158	0.5689103	1.455228	2.838637
2370	-2368.883	-2438.325	69.44206	0.575916	1.544213	2.838637
2376	-2376.607	-2443.556	66.949	0.8574375	1.496896	4.112771
2382	-2368.906	-2436.231	67.32553	0.7293547	1.363495	4.061026
2388	-2376.267	-2443.798	67.53034	0.6282716	1.454124	3.969185
2394	-2367.254	-2438.182	70.92814	0.6234793	1.671976	1.757369
2400	-2367.458	-2437.666	70.20727	0.6581904	1.602467	2.252622
2406	-2371.921	-2442.125	70.20388	0.8829117	1.402239	2.207388
2412	-2371.031	-2440.066	69.03508	0.622549	1.221535	3.234858
2418	-2375.834	-2444.778	68.94467	0.8564343	1.444584	2.980683
2424	-2371.645	-2442.208	70.56249	0.6852542	1.5362	2.040567
2430	-2372.029	-2441.504	69.47445	0.7415583	1.359153	2.794118
2436	-2370.517	-2440.145	69.62872	0.7040617	1.44826	2.67436
2442	-2375.444	-2445.221	69.77707	0.7590648	1.531257	2.487883
2448	-2368.004	-2438.665	70.66167	0.8008348	1.529899	1.881453
2454	-2368.459	-2439.623	71.16445	0.7317927	1.751941	1.420642
2460	-2376.708	-2447.551	70.84301	0.7371769	1.608095	1.755813
2466	-2380.742	-2452.048	71.30576	0.7371769	1.681312	1.36017
2472	-2369.49	-2440.598	71.10761	0.6274405	1.591545	1.683616
2478	-2372.267	-2442.859	70.59153	0.888416	1.591545	1.81919
2484	-2375.778	-2446.987	71.20906	0.5684015	1.666984	1.618492
2490	-2382.749	-2453.651	70.90177	0.8632106	1.746457	1.506084
2496	-2381.374	-2452.416	71.04178	0.7203402	1.776643	1.506084
2502	-2376.015	-2446.874	70.85941	0.9954245	1.639011	1.51356
2508	-2375.678	-2446.3	70.62146	0.907288	1.715713	1.69721
2514	-2368.48	-2438.656	70.17653	0.6642246	1.621617	2.254812
2520	-2361.649	-2432.416	70.7667	0.6100603	1.686456	1.87201
2526	-2372.447	-2443.086	70.63924	0.5549983	1.791929	1.942335
2532	-2372.672	-2442.26	69.58817	0.6613242	1.423778	2.748951
2538	-2366.417	-2435.098	68.68127	0.8353295	1.528445	3.102421
2544	-2366.963	-2435.671	68.70763	0.6804015	1.327596	3.318688
2550	-2364.846	-2434.237	69.39027	0.6804015	1.427025	2.851851
2556	-2362.918	-2432.848	69.92986	0.6247947	1.476464	2.536897
2562	-2368.927	-2438.895	69.96836	1.112459	1.668795	2.036221
2568	-2368.741	-2439.646	70.90426	1.112459	1.679582	1.361691
2574	-2372.044	-2443.122	71.07855	0.7523776	1.887685	1.361691
2580	-2369.873	-2441.051	71.17841	0.6560378	2.057637	1.244089
2586	-2362.832	-2433.999	71.16666	0.7304297	2.060257	1.168576
2592	-2358.497	-2429.72	71.22334	0.8127676	1.952934	1.124945
2598	-2365.373	-2436.862	71.48838	0.6193254	1.936387	1.124945
2604	-2357.378	-2429.002	71.62474	0.5914695	1.969747	1.002671
2610	-2357.472	-2429.095	71.62205	0.5914695	2.005813	0.9688103
2616	-2366.202	-2437.918	71.71511	0.5914695	2.019783	0.8496986
2622	-2362.611	-2433.74	71.12885	0.7873583	1.997369	1.195297
2628	-2363.31	-2434.777	71.46654	0.6454121	2.096486	0.9563928
2634	-2367.441	-2439.163	71.72216	0.4996635	2.291023	0.6415276
2640	-2370.667	-2442.033	71.36538	0.716432	2.333723	0.6415276
2646	-2369.752	-2441.115	71.36332	0.716432	2.333723	0.646137
2652	-2368.308	-2439.62	71.31211	0.7029872	2.333723	0.7645299
2658	-2366.834	-2438.38	71.54655	0.6787357	2.160716	0.7191335
2664	-2361.286	-2432.601	71.31505	0.8141178	2.21727	0.7297297
2670	-2364.127	-2435.236	71.10935	0.7972792	1.973641	1.22211
2676	-2360.326	-2431.79	71.46351	0.6258333	1.950536	1.126297
2682	-2366.977	-2438.387	71.41059	0.6528021	1.962284	1.12963
2688	-2367.564	-2439.186	71.62216	0.612863	1.962284	0.9815245
2694	-2364.9	-2436.493	71.59294	0.6533107	2.121622	0.7608
2700	-2359.448	-2430.744	71.29596	0.7563308	2.305395	0.7299328
2706	-2362.314	-2433.698	71.38374	0.7426435	2.305395	0.5766935
2712	-2370.696	-2442.318	71.6229	0.5330752	2.367739	0.534918
2718	-2362.036	-2433.613	71.57674	0.5330752	2.413897	0.534918
2724	-2371.698	-2443.184	71.48605	0.7186677	2.23442	0.5724915
2730	-2370.034	-2441.784	71.75049	0.5201972	2.175729	0.7389524
2736	-2364.259	-2435.775	71.51538	0.584149	2.040176	1.051142
2742	-2366.133	-2437.652	71.51947	0.6448455	1.944606	1.055605
2748	-2369.044	-2440.083	71.03885	0.860394	1.980504	1.214505
2754	-2368.924	-2440.129	71.20555	0.8241129	1.980504	1.104138
2760	-2363.06	-2434.527	71.46708	0.69487	1.980504	1.006358
2766	-2360.93	-2431.985	71.05577	0.6954491	1.692031	1.582063
2772	-2368.943	-2439.446	70.50343	0.7457477	1.88173	1.794271
2778	-2370.985	-2441.47	70.48502	0.9085019	1.723032	1.786856
2784	-2374.916	-2445.513	70.59706	0.7971614	1.765706	1.766503
2790	-2376.618	-2447.493	70.87517	0.9030068	1.746721	1.493083
2796	-2371.981	-2443.373	71.39129	0.6591241	1.724051	1.339158
2802	-2384.637	-2455.846	71.20881	0.8865505	1.767127	1.226777
2808	-2373.638	-2445.12	71.48209	0.62289	1.820616	1.226777
2814	-2366.386	-2437.156	70.76965	1.042889	1.804957	1.420251
2820	-2378.735	-2448.012	69.27744	1.022469	1.644632	2.548901
2826	-2383.241	-2453.521	70.28028	0.7289073	1.464066	2.235063
2832	-2378.782	-2447.499	68.71718	0.5061551	1.275588	3.493845
2838	-2364.251	-2432.852	68.60039	0.6837388	1.406418	3.332807
2844	-2367.807	-2437.471	69.6637	0.6327793	1.483928	2.689915
2850	-2361.98	-2431.731	69.75067	0.8979526	1.553245	2.39004
2856	-2366.695	-2436.7	70.00526	0.5148261	1.405866	2.636896
2862	-2376.623	-2444.548	67.92475	0.5227376	1.086213	4.04448
2868	-2374.769	-2443.845	69.07623	0.8738357	1.159715	3.06093
2874	-2371.796	-2441.107	69.31077	0.5130215	1.204419	3.179965
2880	-2375.882	-2445.632	69.75023	0.6117588	1.309315	2.762082
2886	-2366.403	-2435.426	69.02315	0.9279155	1.373332	2.929472
2892	-2370.81	-2439.727	68.9174	0.6287957	1.430491	3.175563
2898	-2374.312	-2443.569	69.25742	0.9085995	1.436806	2.761342
2904	-2371.921	-2441.15	69.22907	0.9085995	1.465157	2.761342
2910	-2377.146	-2446.911	69.76476	0.9142218	1.572166	2.358037
2916	-2375.636	-2445.83	70.19352	0.9142218	1.423762	2.178189
2922	-2371.378	-2442.028	70.64999	0.6657878	1.676849	1.905159
2928	-2368.26	-2438.561	70.30129	0.6772067	1.627691	2.158963
2934	-2366.833	-2437.165	70.33171	0.6136415	1.822949	2.068628
2940	-2371.102	-2440.872	69.77002	0.8148589	1.768602	2.30018
2946	-2371.516	-2441.477	69.96101	0.7665149	1.628163	2.304655
2952	-2377.824	-2447.478	69.65486	0.8140128	1.57879	2.493512
2958	-2377.507	-2447.754	70.24684	0.6761368	1.874518	2.03357
2964	-2374.731	-2444.061	69.32973	0.7783352	1.383087	2.84014
2970	-2372.819	-2442.366	69.54682	0.6066658	1.424085	2.820538
2976	-2372.926	-2443.078	70.15278	0.6646786	1.620325	2.27049
2982	-2371.23	-2441.415	70.18497	0.7684859	1.622753	2.162307
2988	-2368.192	-2438.759	70.56697	0.5829088	1.739158	1.99788
2994	-2372.648	-2443.087	70.4392	0.594146	1.705916	2.093477
3000	-2383.199	-2454.126	70.92664	0.5933625	1.598007	1.839661
3006	-2369.459	-2439.466	70.00712	0.8213183	1.460957	2.340363
3012	-2364.741	-2434.806	70.06518	0.7367602	1.600052	2.279531
3018	-2363.954	-2434.075	70.12162	0.7367602	1.543612	2.279531
3024	-2365.749	-2435.659	69.90988	0.7507834	1.608879	2.361752
3030	-2373.428	-2443.633	70.20489	0.54083	1.269028	2.572426
3036	-2378.196	-2446.8	68.60455	0.6375543	1.22723	3.472137
3042	-2370.961	-2440.121	69.16007	0.6322156	1.281837	3.116823
3048	-2373.401	-2442.36	68.95882	0.6586058	1.44667	3.116823
3054	-2365.241	-2435.02	69.77991	0.7117938	1.571302	2.49818
3060	-2369.603	-2439.634	70.03022	0.630307	1.561338	2.415979
3066	-2367.85	-2437.268	69.41782	0.630307	1.410575	2.886539
3072	-2358.573	-2428.606	70.03252	0.7608982	1.439195	2.38367
3078	-2362.192	-2431.451	69.25886	0.530247	1.279136	3.15
3084	-2363.492	-2433.023	69.53109	0.3513691	1.250551	3.198328
3090	-2366.435	-2435.816	69.38098	0.7188774	1.268118	2.923275
3096	-2369.378	-2438.781	69.40334	0.6530019	1.332784	2.923275
3102	-2358.912	-2428.175	69.26339	0.6844616	1.394511	2.944915
3108	-2357.762	-2427.551	69.78892	0.6240144	1.316134	2.723588
3114	-2362.096	-2431.922	69.82665	0.5053765	1.458848	2.723588
3120	-2363.75	-2433.439	69.68965	0.5910651	1.302443	2.821463
3126	-2360.239	-2429.754	69.51482	0.7163578	1.5013	2.702022
3132	-2369.25	-2437.676	68.42652	0.9037691	1.347866	3.315276
3138	-2371.136	-2442.616	71.4796	0.6414315	1.93021	1.110408
3144	-2380.877	-2452.104	71.22745	0.710181	2.019363	1.173729
3150	-2370.47	-2441.954	71.48446	0.710181	2.072175	0.8678677
3156	-2375.828	-2447.181	71.35297	0.710181	2.068199	1.012835
3162	-2379.727	-2451.08	71.353	0.6325629	2.068199	1.111283
3168	-2373.116	-2444.582	71.46655	0.6325629	1.92247	1.140231
3174	-2370.487	-2441.369	70.88245	0.8287309	1.901874	1.432529
3180	-2366.571	-2437.841	71.26996	0.8177876	1.988168	1.043538
3186	-2365.405	-2436.624	71.21931	0.5518493	1.866242	1.482483
3192	-2371.769	-2442.468	70.69982	0.929838	1.421459	1.831113
3198	-2373.681	-2444.375	70.69392	1.004	1.779743	1.525615
3204	-2378.803	-2449.893	71.08933	0.8742359	1.823841	1.290091
3210	-2377.412	-2448.29	70.87843	0.8204439	1.729792	1.571732
3216	-2366.934	-2437.89	70.95578	0.7625584	1.818779	1.49947
3222	-2382.012	-2453.04	71.02857	0.8853645	2.267184	0.927908
3228	-2378.434	-2449.62	71.18576	0.8853645	2.092828	0.9463107
3234	-2374.755	-2446.132	71.3765	0.708564	2.169931	0.8822102
3240	-2373.783	-2445.194	71.41007	0.7627671	2.178299	0.7379215
3246	-2380.296	-2451.595	71.29883	0.7837947	2.264089	0.7379215
3252	-2376.041	-2447.078	71.03724	0.6279922	1.85558	1.542688
3258	-2381.202	-2452.16	70.95817	0.6653335	1.933018	1.505607
3264	-2365.696	-2436.123	70.42726	0.7735709	1.964487	1.765977
3270	-2363.693	-2434.394	70.70101	0.7313203	1.838324	1.698903
3276	-2362.662	-2433.409	70.74721	0.9670278	2.042191	1.310409
3282	-2375.194	-2445.643	70.4489	0.9159849	1.772174	1.772221
3288	-2375.311	-2446.637	71.32575	0.6981327	1.771621	1.311899
3294	-2370.061	-2440.949	70.88773	0.7675552	1.869651	1.507773
3300	-2375.663	-2446.526	70.86291	0.6602952	1.791217	1.683342
3306	-2370.486	-2441.408	70.92229	0.7037062	1.790596	1.599688
3312	-2373.309	-2444.239	70.92941	0.667548	1.831248	1.599688
3318	-2376.248	-2446.905	70.65705	0.6294177	1.669528	1.939175
3324	-2367.88	-2438.251	70.37131	0.6733934	1.896846	1.937916
3330	-2374.613	-2446.152	71.53876	0.6160075	1.821959	1.185582
3336	-2366.287	-2437.785	71.49764	0.6160075	1.83348	1.21098
3342	-2367.567	-2438.042	70.47478	0.9076829	1.780923	1.754261
3348	-2381.89	-2451.248	69.35874	1.348202	1.714377	2.272067
3354	-2375.055	-2444.628	69.57253	0.8443688	1.676034	2.462307
3360	-2375.614	-2443.608	67.99353	0.7220544	1.368174	3.68006
3366	-2381.225	-2451.14	69.915	0.4150753	1.621934	2.666484
3372	-2378.456	-2448.685	70.22952	0.4003901	1.763643	2.399616
3378	-2371.898	-2441.791	69.89289	0.7552428	1.860238	2.208204
3384	-2375.328	-2446.041	70.71335	0.7552428	1.914563	1.614119
3390	-2373.686	-2444.127	70.44041	0.8223542	1.914563	1.751358
3396	-2376.358	-2446.08	69.72215	0.5786692	1.594168	2.634185
3402	-2369.72	-2440.47	70.75036	0.5727297	1.574159	1.995753
3408	-2375.543	-2445.478	69.93499	0.8323946	1.480998	2.365331
3414	-2365.866	-2435.067	69.20157	1.099838	1.411903	2.69385
3420	-2361.214	-2431.248	70.0344	0.8198597	1.486661	2.307682
3426	-2365.763	-2435.274	69.51128	0.7777397	1.652427	2.563891
3432	-2360.36	-2430.047	69.6863	0.6779317	1.491542	2.633366
3438	-2360.269	-2430.399	70.13027	0.6779317	1.422052	2.399662
3444	-2361.191	-2430.799	69.60804	0.9594206	1.615666	2.399662
3450	-2364.479	-2433.035	68.55591	0.6724625	1.526087	3.297374
3456	-2365.75	-2436.701	70.95064	0.6158795	1.806257	1.654093
3462	-2363.645	-2434.607	70.96239	0.6972872	1.683482	1.654093
3468	-2365.562	-2436.269	70.70649	0.8367325	1.749423	1.668349
3474	-2370.35	-2441.053	70.70321	0.9291849	1.846664	1.526033
3480	-2366.36	-2436.231	69.87114	0.8794741	1.539047	2.33544
3486	-2363.558	-2433.563	70.00486	0.7308708	1.667765	2.279539
3492	-2367.078	-2437.444	70.36612	0.7207516	1.797898	1.966359
3498	-2364.845	-2435.461	70.61559	0.8482537	1.754501	1.71994
3504	-2365.152	-2435.896	70.74458	0.6823953	1.613055	1.869102
3510	-2365.194	-2436.209	71.01516	0.4242456	1.694083	1.90315
3516	-2368.695	-2439.441	70.74619	0.7185805	1.586404	1.854051
3522	-2371.963	-2442.083	70.12019	0.6339424	1.60362	2.328965
3528	-2375.27	-2445.676	70.4057	0.8743915	1.560371	1.976988
3534	-2379.702	-2450.577	70.87528	0.6552709	1.589487	1.820644
3540	-2368.318	-2439.033	70.71423	0.7116224	1.732125	1.781732
3546	-2361.892	-2432.182	70.29048	0.6669576	1.723915	2.11217
3552	-2378.85	-2449.705	70.85473	0.739715	1.708415	1.674494
3558	-2387.632	-2458.448	70.81595	0.7889458	1.842525	1.562013
3564	-2368.901	-2440.032	71.13107	0.6543341	2.001687	1.330451
3570	-2362.772	-2433.949	71.17728	0.5471761	1.833533	1.5437
3576	-2373.046	-2442.739	69.69232	0.9566812	1.737569	2.270269
3582	-2360.597	-2429.704	69.107	0.7229966	1.580932	2.896658
3588	-2369.479	-2439.275	69.79582	0.6320807	1.592551	2.541694
3594	-2367.553	-2435.424	67.87083	0.6965596	1.428409	3.735151
3600	-2367.152	-2436.956	69.80442	0.6965596	1.596135	2.479657
3606	-2373.542	-2443.688	70.14599	0.6659354	1.479041	2.363821
3612	-2371.959	-2442.082	70.12277	0.8853685	1.556784	2.158011
3618	-2376.542	-2446.521	69.97907	0.6644609	1.463878	2.479809
3624	-2364.803	-2435.741	70.93857	0.6644609	1.691363	1.696515
3630	-2366.841	-2437.788	70.94795	0.6644609	1.681976	1.696515
3636	-2364.365	-2434.988	70.62286	0.9144532	1.707606	1.696515
3642	-2368.088	-2439.309	71.2209	0.6901881	1.735998	1.430673
3648	-2368.723	-2440.269	71.54612	0.7428471	2.015801	0.8100911
3654	-2365.622	-2437.43	71.80797	0.4978278	2.073792	0.8486607
3660	-2375.666	-2447.102	71.43592	0.731108	1.997886	0.9732517
3666	-2366.311	-2437.937	71.6263	0.5901807	1.904071	1.066569
3672	-2367.936	-2439.191	71.25469	0.9314314	1.88252	1.038944
3678	-2375.615	-2446.831	71.21651	0.589073	1.684022	1.578235
3684	-2371.512	-2442.178	70.66658	0.7848826	1.763703	1.729448
3690	-2369.866	-2440.185	70.31879	0.7901234	1.570183	2.092181
3696	-2378.372	-2448.282	69.90965	0.8233837	1.389026	2.445927
3702	-2368.008	-2438.454	70.44658	0.7773208	1.688294	1.938838
3708	-2369.214	-2439.223	70.00909	0.7422586	1.670293	2.26605
3714	-2377.48	-2448.033	70.55245	0.7447985	1.648648	1.921018
3720	-2370.237	-2440.199	69.96174	0.7214863	1.584767	2.367462
3726	-2371.733	-2441.644	69.911	0.8197492	1.516202	2.367462
3732	-2372.256	-2442.592	70.33543	0.5519664	1.44808	2.367462
3738	-2378.595	-2448.679	70.08387	0.8096923	1.515815	2.264947
3744	-2368.689	-2438.505	69.81604	0.8068309	1.664436	2.343211
3750	-2369.524	-2440.742	71.21823	0.5256171	1.7134	1.626332
3756	-2364.616	-2434.573	69.9567	0.8665244	1.661329	2.211391
3762	-2373.127	-2443.743	70.61664	0.7803383	1.793401	1.747482
3768	-2362.264	-2431.77	69.50661	0.742117	1.472681	2.704651
3774	-2368.279	-2438.048	69.76917	0.6474746	1.595616	2.543071
3780	-2371.422	-2441.482	70.05984	0.5675422	1.463744	2.515949
3786	-2375.281	-2444.076	68.79458	0.8312613	1.362129	3.136758
3792	-2383.288	-2452.137	68.84908	0.7881856	1.477602	3.065477
3798	-2371.193	-2441.375	70.18131	0.81377	1.528823	2.190665
3804	-2369.219	-2439.101	69.88196	0.5314887	1.46205	2.661811
3810	-2365.104	-2434.919	69.81513	0.8977917	1.467141	2.403822
3816	-2366.515	-2436.147	69.63186	0.6241789	1.393841	2.771946
3822	-2371.25	-2440.907	69.65781	0.6279066	1.438374	2.725657
3828	-2371.724	-2441.28	69.55657	1.041681	1.603122	2.388137
3834	-2372.829	-2443.171	70.34236	0.8374466	1.639462	1.994184
3840	-2377.784	-2448.904	71.11943	0.5620101	1.583308	1.748669
3846	-2367.823	-2438.769	70.94525	0.5906986	1.582622	1.840132
3852	-2369.066	-2438.934	69.86816	0.6992084	1.613808	2.42636
3858	-2369.302	-2439.981	70.67975	0.7380251	1.60494	1.869991
3864	-2360.796	-2431.433	70.63691	0.7376888	1.648196	1.869991
3870	-2364.366	-2434.797	70.43168	0.7954599	1.683204	1.937698
3876	-2367.349	-2438.181	70.83171	0.8411276	1.682281	1.623038
3882	-2365.942	-2437.362	71.41996	0.5599706	1.695017	1.450702
3888	-2367.132	-2437.802	70.66922	0.5599706	1.868027	1.865238
3894	-2365.687	-2436.292	70.60471	0.7538846	1.594953	1.914384
3900	-2376.099	-2447.179	71.0805	0.7343438	1.988946	1.296969
3906	-2375.291	-2446.274	70.98302	0.8323743	1.882679	1.365958
3912	-2364.437	-2435.591	71.15435	0.7031323	1.997183	1.262298
3918	-2370.221	-2439.752	69.53039	0.5726032	1.738801	2.668821
3924	-2364.377	-2434.707	70.32967	0.6270653	1.59338	2.207359
3930	-2371.113	-2439.547	68.43424	0.7689108	1.551226	3.281782
3936	-2360.54	-2429.501	68.96093	0.75259	1.383348	3.080766
3942	-2360.745	-2429.407	68.66212	0.7889545	1.467252	3.182386
3948	-2363.481	-2432.997	69.51629	0.7922611	1.52706	2.627661
3954	-2362.741	-2432.64	69.89846	0.8726363	1.687959	2.227419
3960	-2377.258	-2446.601	69.34321	0.7890457	1.34385	2.84798
3966	-2374.136	-2443.982	69.84646	0.7042657	1.475485	2.522518
3972	-2383.925	-2453.939	70.01372	0.6435863	1.495289	2.456278
3978	-2377.584	-2446.288	68.7039	0.7050486	1.423211	3.245424
3984	-2373.083	-2443.875	70.79143	0.6254157	1.719134	1.817635
3990	-2368.516	-2439.388	70.87197	0.6607375	1.770518	1.691186
3996	-2368.352	-2439.898	71.54572	0.7537069	2.019183	0.7881293
4002	-2370.386	-2441.561	71.17495	0.7537069	1.791741	1.360033
4008	-2373.237	-2445.003	71.76633	0.5779059	1.660534	1.17644
4014	-2365.564	-2435.212	69.64783	0.6738801	1.664234	2.553574
4020	-2366.46	-2437.193	70.7331	0.6060588	1.592431	1.962239
4026	-2374.598	-2444.973	70.37449	0.8001822	1.698313	1.962239
4032	-2380.432	-2451.646	71.21371	0.6400977	1.836198	1.411104
4038	-2374.901	-2445.509	70.60841	0.8610806	1.936559	1.584181
4044	-2378.115	-2448.198	70.08287	1.375286	1.615073	1.844776
4050	-2368.889	-2440.285	71.39607	0.6974475	1.953799	1.096355
4056	-2373.006	-2444.119	71.1138	0.9496906	1.943255	1.096355
4062	-2371.669	-2442.799	71.13054	0.9232414	2.040973	1.013953
4068	-2372.638	-2443.729	71.09092	0.9067392	1.861241	1.228357
4074	-2369.562	-2440.299	70.73681	0.8515495	1.830788	1.575456
4080	-2375.324	-2446.191	70.86795	0.8792583	1.798198	1.479244
4086	-2365.939	-2436.911	70.97258	0.7110043	1.893493	1.479244
4092	-2363.513	-2434.94	71.42722	0.6473336	1.996876	1.089838
4098	-2370.925	-2442.398	71.47298	0.6383267	1.882899	1.162413
4104	-2381.156	-2451.37	70.21449	0.7057567	1.543448	2.245361
4110	-2380.082	-2451.437	71.3556	0.7809259	1.94554	1.044039
4116	-2368.579	-2440.179	71.59968	0.5438234	1.868807	1.185432
4122	-2377.698	-2448.263	70.56506	0.8492317	1.959813	1.608505
4128	-2379.153	-2450.618	71.46518	0.678368	2.129365	0.8722628
4134	-2379.409	-2451.056	71.64655	0.5615669	2.039457	0.9548408
4140	-2379.577	-2451.216	71.63937	0.5615669	1.976995	1.025221
4146	-2362.654	-2434.132	71.47825	0.5749102	1.954722	1.175022
4152	-2361.978	-2432.935	70.95718	0.5210193	1.791165	1.761603
4158	-2365.247	-2436.121	70.87374	0.658589	1.839257	1.64291
4164	-2361.038	-2431.349	70.31089	0.7827118	1.547879	2.117794
4170	-2360.052	-2430.805	70.75297	0.5511926	1.602071	1.997275
4176	-2362.119	-2432.949	70.83024	1.050175	1.88466	1.303812
4182	-2360.182	-2430.709	70.52672	0.7191418	1.74923	1.892192
4188	-2363.88	-2434.184	70.30444	0.6963751	1.669034	2.11341
4194	-2368.859	-2439.364	70.5049	0.6963751	1.68301	1.971418
4200	-2360.951	-2431.689	70.73826	0.6139444	1.562257	1.971418
4206	-2366.11	-2436.202	70.0924	0.8645271	1.58359	2.175299
4212	-2364.184	-2433.506	69.32188	0.9020188	1.584682	2.635372
4218	-2368.91	-2438.03	69.11986	0.8830467	1.470612	2.841379
4224	-2361.675	-2430.58	68.9053	0.8794124	1.379083	3.02827
4230	-2365.768	-2434.959	69.1908	0.6300919	1.197603	3.150424
4236	-2363.975	-2432.973	68.99757	0.6516987	1.36087	3.150424
4242	-2363.626	-2433.178	69.55118	0.9979993	1.529391	2.465075
4248	-2364.539	-2433.989	69.44944	0.6064695	1.328373	2.937547
4254	-2365.991	-2436.688	70.69745	0.8502824	1.521689	1.823505
4260	-2374.784	-2444.735	69.95092	0.8888077	1.61967	2.22616
4266	-2373.682	-2443.992	70.3099	0.5982034	1.402712	2.368477
4272	-2369.689	-2438.515	68.82529	0.7716716	1.318818	3.185968
4278	-2364.159	-2434.299	70.14009	0.5755357	1.479842	2.448082
4284	-2371.94	-2440.395	68.45524	0.7539282	1.532883	3.291027
4290	-2365.172	-2434.181	69.00914	0.7170007	1.487417	3.016428
4296	-2373.209	-2442.139	68.92914	0.7170007	1.567413	3.016428
4302	-2370.918	-2440.795	69.87699	0.9225161	1.641985	2.236031
4308	-2372.908	-2442.909	70.00017	0.8018709	1.533647	2.312959
4314	-2383.285	-2453.324	70.0388	0.754433	1.617277	2.271321
4320	-2365.36	-2435.65	70.29004	0.7655238	1.681545	2.05728
4326	-2368.761	-2438.655	69.89412	0.6983834	1.63739	2.395788
4332	-2363.966	-2432.975	69.00928	0.6904286	1.603758	2.967179
4338	-2367.668	-2437.833	70.16496	0.7891989	1.938178	1.950618
4344	-2372.4	-2442.451	70.0512	0.8879297	1.541874	2.212264
4350	-2364.928	-2435.035	70.10637	0.815212	1.568697	2.212264
4356	-2367.747	-2437.805	70.05816	0.6398598	1.398239	2.492482
4362	-2363.922	-2433.525	69.60358	0.7828505	1.603921	2.532824
4368	-2363.288	-2433.84	70.55182	0.7900556	1.65217	1.881692
4374	-2368.07	-2439.412	71.34183	0.717963	2.05622	1.025731
4380	-2368.617	-2439.864	71.24763	0.707673	2.003723	1.172597
4386	-2364.988	-2436.295	71.30615	0.6975862	1.905737	1.217775
4392	-2365.637	-2435.568	69.93014	0.6975862	1.668532	2.353906
4398	-2379.424	-2449.911	70.48708	0.5428641	1.456776	2.274274
4404	-2374.753	-2444.728	69.97572	0.6829369	1.443923	2.478926
4410	-2374.904	-2443.753	68.84891	0.6100725	1.244944	3.34133
4416	-2367.199	-2435.649	68.45006	0.7698518	1.396987	3.362578
4422	-2369.629	-2439.84	70.21097	0.6272949	1.552827	2.309423
4428	-2373.47	-2443.092	69.62205	0.5665039	1.51097	2.757929
4434	-2373.375	-2443.179	69.80354	0.5926255	1.290549	2.757929
4440	-2362.748	-2432.082	69.33432	0.7752199	1.499705	2.76867
4446	-2360.718	-2430.138	69.4201	0.7752199	1.317256	2.827524
4452	-2361.397	-2430.893	69.49616	0.6611303	1.545115	2.731173
4458	-2362.438	-2433.489	71.05084	0.6611303	1.544194	1.72436
4464	-2361.858	-2432.599	70.74086	0.5091127	1.652108	2.016507
4470	-2358.828	-2429.755	70.92704	0.6229029	1.678973	1.753811
4476	-2368.215	-2439.001	70.78566	0.8787696	1.685088	1.623839
4482	-2365.576	-2435.808	70.23164	1.014972	1.693543	1.905615
4488	-2382.599	-2453.29	70.69088	0.7597758	1.711287	1.770421
4494	-2364.833	-2434.701	69.86768	0.8178029	1.508394	2.401243
4500	-2369.142	-2439.153	70.01128	0.8355994	1.538933	2.277456
4506	-2372.468	-2442.73	70.26182	0.8367402	1.624373	2.058203
4512	-2366.252	-2436.139	69.88673	1.13864	1.525681	2.167966
4518	-2369.036	-2439.404	70.36839	0.7722365	1.75845	1.948384
4524	-2370.933	-2440.412	69.47984	0.9930672	1.55085	2.499403
4530	-2373.253	-2442.816	69.56267	0.6822039	1.491463	2.705989
4536	-2385.217	-2456.283	71.06527	0.8894718	1.814752	1.303448
4542	-2376.396	-2447.618	71.22234	0.6502569	1.949504	1.303448
4548	-2376.743	-2447.945	71.202	0.543767	1.818594	1.540387
4554	-2374.537	-2445.211	70.67387	0.6511014	1.744719	1.856278
4560	-2373.188	-2444.059	70.87132	0.9441832	2.03411	1.234288
4566	-2371.042	-2442.498	71.4565	0.661175	2.264198	0.7353983
4572	-2362.985	-2434.43	71.44514	0.6651001	2.262787	0.7468599
4578	-2366.82	-2438.646	71.82574	0.4901237	2.151594	0.7362676
4584	-2365.731	-2436.611	70.88028	0.6949428	1.962328	1.512517
4590	-2365.968	-2436.849	70.88092	0.7814518	1.912391	1.468065
4596	-2371.047	-2442.164	71.1176	0.8047262	1.877163	1.288142
4602	-2372.663	-2443.726	71.06279	0.7856332	1.840815	1.379182
4608	-2376.59	-2447.332	70.74212	0.9019576	1.872495	1.4994
4614	-2374.473	-2445.476	71.00272	0.9492146	1.813285	1.303758
4620	-2368.462	-2439.247	70.78456	0.8206662	1.713034	1.651744
4626	-2376.475	-2447.222	70.74739	1.084302	1.815915	1.398367
4632	-2364.812	-2435.862	71.05023	0.7365171	1.777371	1.483826
4638	-2368.038	-2438.379	70.34111	0.9672764	1.635649	1.903204
4644	-2367.965	-2438.393	70.42873	0.9250633	1.510225	1.958401
4650	-2378.046	-2446.321	68.2752	0.7619477	1.408831	3.463723
4656	-2373.787	-2444.746	70.95835	0.6670565	1.594588	1.748295
4662	-2370.891	-2442.007	71.11509	0.5364127	1.655506	1.728857
4668	-2375.961	-2446.909	70.94739	0.9486951	1.713747	1.426425
4674	-2366.688	-2437.37	70.68155	0.6847895	1.713747	1.84116
4680	-2369.778	-2440.894	71.1157	0.4602632	1.61956	1.84116
4686	-2367.204	-2437.673	70.46902	0.9131781	1.650973	1.844159
4692	-2364.507	-2435.261	70.75455	0.5759705	1.771586	1.8563
4698	-2372.62	-2443.478	70.85807	0.7558815	1.948681	1.481407
4704	-2363.949	-2434.806	70.85699	0.6341264	1.753023	1.739953
4710	-2367.021	-2436.891	69.86963	0.6443445	1.506712	2.538559
4716	-2364.087	-2434.144	70.05688	0.7753657	1.5324	2.297732
4722	-2362.969	-2432.96	69.99138	0.8276936	1.536217	2.297732
4728	-2370.393	-2440.248	69.85492	0.6231075	1.500511	2.570023
4734	-2378.105	-2445.487	67.38232	0.6902286	1.223378	4.137184
4740	-2371.301	-2440.81	69.50874	0.8077214	1.428328	2.681891
4746	-2362.991	-2433.213	70.22152	0.7055485	1.483116	2.279749
4752	-2360.736	-2430.686	69.95054	0.6487386	1.552322	2.455676
4758	-2363.644	-2433.511	69.86761	0.6386565	1.415435	2.601375
4764	-2369.084	-2440.108	71.02357	0.7652487	1.728916	1.513527
4770	-2367.742	-2438.784	71.04232	0.7021098	1.725262	1.5612
4776	-2365.553	-2436.789	71.23605	0.6966215	1.761894	1.392362
4782	-2375.017	-2446.588	71.57161	0.5987242	1.890403	1.118081
4788	-2368.792	-2439.943	71.15071	1.003542	1.861468	1.087183
4794	-2374.58	-2445.392	70.81257	0.9670265	1.854709	1.407047
4800	-2366.03	-2437.014	70.9835	0.7303243	1.702668	1.594359
4806	-2368.871	-2439.733	70.86191	0.6743641	1.645922	1.772939
4812	-2370.397	-2440.801	70.40432	1.098603	1.784387	1.666765
4818	-2369.489	-2438.771	69.28177	0.8940581	1.43157	2.759268
4824	-2362.777	-2432.994	70.21722	0.7662634	1.636119	2.134344
4830	-2372.98	-2441.239	68.25868	0.7939953	1.237865	3.550537
4836	-2360.502	-2428.841	68.33858	0.9143317	1.401166	3.328985
4842	-2372.14	-2440.313	68.17318	0.6956112	1.203802	3.690946
4848	-2379.403	-2446.895	67.49161	0.8165489	1.142239	4.032252
4854	-2369.019	-2439.932	70.91273	0.7332164	1.903466	1.49553
4860	-2369.103	-2438.481	69.37829	0.6744462	1.344884	2.91359
4866	-2370.97	-2440.918	69.94716	0.6486281	1.45266	2.52025
4872	-2378.204	-2447.401	69.19672	0.7870285	1.340008	2.940299
4878	-2372.027	-2442.042	70.01499	0.7870285	1.480006	2.348877
4884	-2366.67	-2436.347	69.67662	0.7552293	1.469078	2.592068
4890	-2371.755	-2442.746	70.9908	0.8566217	1.805025	1.399146
4896	-2374.798	-2445.744	70.94594	0.7707504	1.740014	1.557898
4902	-2366.988	-2435.314	68.32617	0.7751371	1.344215	3.46233
4908	-2373.712	-2442.917	69.20547	0.7751371	1.291427	2.972861
4914	-2361.944	-2432.095	70.1513	0.8822241	1.534069	2.156475
4920	-2361.479	-2432.7	71.22166	0.5775436	1.700003	1.57528
4926	-2366.954	-2436.741	69.78749	0.6200462	1.706906	2.486108
4932	-2374.669	-2445.375	70.70586	0.7188629	1.62354	1.855985
4938	-2383.878	-2453.658	69.78012	0.7577553	1.7027	2.379084
4944	-2368.773	-2438.746	69.97337	0.7533567	1.502726	2.386763
4950	-2370.925	-2441.587	70.66223	0.5954031	1.613925	2.005593
4956	-2364.996	-2435.223	70.22657	0.8601772	1.62466	2.063798
4962	-2363.097	-2433.276	70.17894	0.6063789	1.469094	2.40183
4968	-2363.904	-2433.329	69.42443	0.6977082	1.51234	2.76532
4974	-2364.54	-2435.45	70.9105	0.5895351	1.656673	1.814256
4980	-2365.987	-2435.661	69.67438	0.8122064	1.6183	2.457848
4986	-2368.081	-2438.614	70.53282	0.586283	1.473145	2.191775
4992	-2366.362	-2436.799	70.43737	0.7016093	1.542722	2.104602
4998	-2366.424	-2436.43	70.00571	0.6307525	1.657432	2.370341
5004	-2367.665	-2437.855	70.19037	0.7059657	1.573864	2.241142
5010	-2364.376	-2435.136	70.76019	0.5902333	1.46692	2.043196
5016	-2368.807	-2438.033	69.2253	1.049256	1.330845	2.758297
5022	-2362.886	-2432.817	69.93095	0.7690224	1.49583	2.405807
5028	-2366.387	-2436.207	69.81951	0.883255	1.47547	2.405807
5034	-2357.317	-2427.355	70.03889	0.6135661	1.592519	2.405807
5040	-2376.415	-2446.719	70.30372	0.667676	1.470464	2.267203
5046	-2367.941	-2438.034	70.09213	0.5344381	1.433984	2.546231
5052	-2367.765	-2438.19	70.42475	0.6087949	1.62564	2.141561
5058	-2364.833	-2434.971	70.13828	0.6225391	1.686952	2.274434
5064	-2369.148	-2439.186	70.03813	0.8719856	1.819065	2.051176
5070	-2370.12	-2440.055	69.93505	0.5687442	1.461814	2.593594
5076	-2368.943	-2439.523	70.57989	0.7484563	1.790442	1.802209
5082	-2388.45	-2459.549	71.09882	0.910605	2.337976	0.7095871
5088	-2385.597	-2456.998	71.40121	0.697742	2.329531	0.623643
5094	-2379.383	-2450.73	71.34677	0.7437029	2.319024	0.6390005
5100	-2372.267	-2440.583	68.31609	0.7552117	1.308492	3.503253
5106	-2369.786	-2438.382	68.59573	0.8285242	1.458463	3.199487
5112	-2367.697	-2436.435	68.7373	0.8473286	1.295444	3.199487
5118	-2372.97	-2441.792	68.82131	0.8944708	1.347414	3.087557
5124	-2371.105	-2440.679	69.57396	0.6593605	1.319925	2.822518
5130	-2372.615	-2441.538	68.92217	0.9126483	1.336561	3.022026
5136	-2362.301	-2432.376	70.07494	0.6746555	1.501311	2.387302
5142	-2365.181	-2435.251	70.07069	0.5881431	1.372049	2.54715
5148	-2372.019	-2440.534	68.51525	0.5900212	1.349852	3.492389
5154	-2361.786	-2431.203	69.41657	0.7943489	1.494431	2.707576
5160	-2369.726	-2438.922	69.19597	0.828471	1.460317	2.83864
5166	-2384.673	-2453.981	69.30751	0.5854981	1.382864	3.008524
5172	-2379.701	-2450.826	71.12551	0.8973863	1.771533	1.282552
5178	-2374.356	-2444.906	70.54991	0.912808	1.554784	1.854914
5184	-2372.84	-2442.956	70.11629	1.074607	1.618587	1.994774
5190	-2370.903	-2441.224	70.32092	0.8472312	1.774165	1.910583
5196	-2372.445	-2442.979	70.53404	0.6806576	1.618178	2.009073
5202	-2372.558	-2443.223	70.66466	0.6967708	1.932583	1.689261
5208	-2371.814	-2442.973	71.15968	0.7445176	1.729476	1.429346
5214	-2370.828	-2441.534	70.70531	0.8865288	1.688149	1.6732
5220	-2374.617	-2444.662	70.04469	0.815167	1.664253	2.190385
5226	-2374.047	-2443.105	69.05805	0.962537	1.400168	2.870357
5232	-2374.401	-2443.485	69.08408	0.6481748	1.538415	2.995622
5238	-2376.101	-2446.461	70.36037	0.756561	1.647118	2.040795
5244	-2367.318	-2437.536	70.21804	0.8439836	1.668938	2.052237
5250	-2371.827	-2442.669	70.84201	0.8963395	1.780008	1.498407
5256	-2369.9	-2440.835	70.93544	0.4405917	1.456727	2.0947
5262	-2371.32	-2440.682	69.3614	0.6751249	1.412822	2.882194
5268	-2368.124	-2437.066	68.94251	0.6206575	1.461076	3.149314
5274	-2364.626	-2434.493	69.86644	0.6295	1.489048	2.56439
5280	-2370.477	-2441.013	70.53636	0.6430513	1.653779	2.017752
5286	-2372.575	-2443.123	70.54875	0.6977884	1.611836	1.988462
5292	-2369.556	-2439.349	69.79298	0.7494617	1.67369	2.395763
5298	-2372.147	-2440.945	68.79826	0.9702189	1.566248	2.922224
5304	-2374.823	-2443.789	68.96623	0.9733533	1.472519	2.875434
5310	-2370.702	-2439.556	68.85452	0.6899339	1.386641	3.189581
5316	-2368.344	-2437.967	69.62245	0.6759565	1.498261	2.670194
5322	-2373.055	-2442.428	69.3726	0.6887531	1.371292	2.889605
5328	-2363.429	-2433.782	70.3531	0.6336707	1.481666	2.258268
5334	-2363.877	-2434.672	70.79428	0.6199275	1.62546	1.885175
5340	-2366.295	-2436.528	70.23273	0.6043501	1.512097	2.342361
5346	-2365.585	-2436.179	70.59324	0.5953961	1.549792	2.093644
5352	-2368.155	-2437.024	68.86889	0.7644115	1.300187	3.176395
5358	-2374.649	-2444.598	69.94973	0.7644115	1.507326	2.390225
5364	-2377.533	-2447.661	70.12818	0.5199744	1.371539	2.576946
5370	-2371.929	-2440.685	68.75626	0.9995769	1.460973	2.992977
5376	-2363.022	-2432.187	69.16501	0.6021783	1.279629	3.140669
5382	-2369.236	-2439.111	69.87485	0.8085185	1.463557	2.431816
5388	-2370.826	-2439.626	68.79976	0.8105635	1.530433	3.047581
5394	-2372.021	-2439.459	67.43843	0.6657188	1.353213	4.049866
5400	-2373.155	-2440.963	67.80746	0.6004995	1.360075	3.887043
5406	-2371.416	-2439.167	67.75175	0.6366236	1.364398	3.887043
5412	-2368.254	-2438.586	70.33145	0.7522317	1.457011	2.187739
5418	-2380.734	-2450.254	69.52023	0.8571115	1.52295	2.58144
5424	-2365.741	-2434.647	68.90552	0.8025585	1.327458	3.111216
5430	-2378.456	-2447.033	68.57678	0.6949177	1.249947	3.429844
5436	-2369.667	-2438.654	68.98708	0.8694462	1.374314	2.988693
5442	-2370.756	-2440.974	70.21755	0.5166872	1.556807	2.408471
5448	-2367.322	-2437.497	70.17516	0.7648882	1.749118	2.088962
5454	-2368.765	-2440.08	71.31518	0.5740228	2.016121	1.262379
5460	-2374.861	-2446.255	71.39418	0.5740228	1.966933	1.237534
5466	-2375.268	-2446.714	71.4462	0.7459736	2.070145	0.8619679
5472	-2366.989	-2438.223	71.23403	0.7814572	2.094869	1.016453
5478	-2360.524	-2431.865	71.34027	0.7951659	2.147975	0.8231149
5484	-2363.67	-2434.948	71.27831	0.7818385	2.069087	0.9976249
5490	-2374.328	-2445.942	71.61428	0.6872892	2.112607	0.6630979
5496	-2376.166	-2447.972	71.80606	0.5537799	2.110737	0.6630979
5502	-2373.334	-2443.426	70.09191	0.6801755	1.458457	2.399011
5508	-2374.606	-2444.597	69.99093	0.769975	1.726246	2.219796
5514	-2373.645	-2444.464	70.81912	0.7913264	1.745245	1.628492
5520	-2370.498	-2441.386	70.88782	0.6720338	1.827041	1.628492
5526	-2372.513	-2443.259	70.74536	0.7742726	1.785834	1.666981
5532	-2378.568	-2449.646	71.07859	0.4840687	1.815398	1.702024
5538	-2359.923	-2430.161	70.23836	0.8623333	1.800272	1.93725
5544	-2362.887	-2432.806	69.91875	0.7037836	1.594303	2.403011
5550	-2362.439	-2431.821	69.38156	0.7554434	1.473482	2.770558
5556	-2366.833	-2436.489	69.65554	0.50188	1.264685	2.948832
5562	-2366.123	-2436.42	70.29744	0.5514875	1.368527	2.442131
5568	-2367.314	-2438.095	70.78018	0.5514875	1.361325	2.137821
5574	-2363.766	-2433.458	69.69207	0.7351297	1.588816	2.523576
5580	-2361.03	-2431.645	70.61488	0.7351297	1.705668	1.847949
5586	-2365.661	-2436.842	71.18071	0.700546	1.872232	1.34501
5592	-2376.832	-2447.021	70.18913	0.6997034	1.729591	2.146351
5598	-2369.841	-2440.788	70.9464	0.6535434	1.786184	1.633761
5604	-2366.095	-2436.752	70.65713	0.8228519	1.801201	1.677997
5610	-2371.602	-2442.145	70.5429	0.9145664	1.768194	1.710144
5616	-2374.998	-2445.843	70.84487	0.6729181	1.552503	1.850565
5622	-2377.728	-2449.006	71.27803	0.4883421	1.688351	1.645268
5628	-2380.49	-2451.724	71.23427	0.4872963	1.755175	1.62994
5634	-2378.097	-2449.181	71.08383	0.6264089	1.620177	1.681199
5640	-2368.419	-2439.466	71.04778	0.6605914	1.790892	1.549418
5646	-2372.969	-2444.242	71.27306	0.6649465	1.790892	1.373608
5652	-2365.168	-2436.482	71.314	0.686713	1.761508	1.341465
5658	-2367.554	-2438.866	71.31139	0.7381568	1.767709	1.285187
5664	-2379.391	-2450.246	70.85441	0.7496307	1.593003	1.747544
5670	-2383.957	-2455.057	71.1001	0.9856105	2.061648	0.9583246
5676	-2372.936	-2444.292	71.35565	0.7842758	1.906238	1.077369
5682	-2369.54	-2440.731	71.19035	0.9410811	1.923737	1.051397
5688	-2362.015	-2433.215	71.20044	0.5987145	1.767983	1.517661
5694	-2373.204	-2444.152	70.94835	0.8313676	1.749426	1.495946
5700	-2366.102	-2437.224	71.12182	0.6824154	1.749426	1.503432
5706	-2367.764	-2439.427	71.66355	0.4933613	1.758332	1.292754
5712	-2364.85	-2436.027	71.17694	0.629193	1.820499	1.46302
5718	-2364.623	-2435.73	71.10744	0.8065233	1.881172	1.291442
5724	-2370.15	-2441.336	71.18606	0.7644383	1.724617	1.393681
5730	-2361.205	-2431.894	70.68919	0.8772298	1.72746	1.663937
5736	-2364.448	-2435.754	71.3067	0.6519367	1.954539	1.227641
5742	-2365.964	-2436.939	70.97578	0.8610903	2.027284	1.227641
5748	-2363.751	-2435.29	71.53952	0.6388985	1.775247	1.1974
5754	-2358.752	-2430.091	71.339	0.5467215	1.726302	1.503674
5760	-2352.363	-2423.467	71.10381	0.5578884	1.463769	1.846659
5766	-2361.956	-2433.046	71.09035	0.6257945	1.802256	1.545131
5772	-2362.086	-2433.102	71.01578	0.8428277	1.877728	1.334406
5778	-2367.401	-2438.233	70.83154	0.8361745	2.069541	1.334406
5784	-2360.633	-2430.221	69.58835	0.6225738	1.616543	2.663537
5790	-2374.552	-2442.625	68.07329	0.6225738	1.319646	3.739116
5796	-2364.747	-2435.269	70.52197	0.5742789	1.576921	2.142996
5802	-2370.735	-2440.601	69.86558	0.8476845	1.642941	2.295341
5808	-2371.191	-2440.659	69.46872	0.9510269	1.537378	2.541532
5814	-2371.795	-2440.474	68.67876	0.6466319	1.468502	3.279583
5820	-2363.943	-2433.855	69.91217	0.6100416	1.42411	2.593451
5826	-2366.107	-2435.759	69.65243	0.6780184	1.431105	2.691357
5832	-2367.911	-2438.049	70.13759	0.6815362	1.71349	2.205755
5838	-2378.237	-2448.079	69.8417	0.8952762	1.885876	2.119623
5844	-2378.165	-2448.194	70.02935	0.8314047	1.500877	2.293325
5850	-2376.722	-2447.381	70.65879	0.8349866	2.083001	1.459552
5856	-2379.298	-2450.104	70.80606	0.8457607	1.831512	1.528665
5862	-2376.14	-2445.918	69.77803	0.8621965	1.6225	2.353746
5868	-2375.235	-2445.13	69.8951	0.794783	1.468671	2.426036
5874	-2373.619	-2443.614	69.99474	0.6644021	1.533907	2.426036
5880	-2373.559	-2443.472	69.91305	0.8533133	1.45545	2.380367
5886	-2371.361	-2441.171	69.81044	0.6307823	1.542808	2.564661
5892	-2373.569	-2443.458	69.88845	0.626546	1.613286	2.475755
5898	-2375.72	-2446.033	70.31225	0.5685391	1.533904	2.311538
5904	-2366.492	-2437.055	70.56236	0.6339576	1.481507	2.122521
5910	-2373.225	-2442.651	69.42585	0.906182	1.212143	2.797211
5916	-2366.743	-2437.321	70.57857	0.9207644	1.520241	1.853127
5922	-2370.382	-2440.833	70.45122	0.7223495	1.504049	2.103401
5928	-2369.926	-2439.623	69.69735	0.8988199	1.425863	2.503012
5934	-2373.099	-2443.209	70.11033	0.6291273	1.47354	2.42187
5940	-2377.556	-2447.923	70.36684	0.6162069	1.554847	2.21818
5946	-2377.078	-2446.08	69.00237	0.6162069	1.299863	3.213199
5952	-2386.521	-2456.377	69.85627	0.9094319	1.523228	2.334244
5958	-2372.593	-2442.889	70.29663	0.9094319	1.482768	2.075569
5964	-2372.626	-2443.436	70.80995	0.6862275	1.590529	1.836293
5970	-2369.298	-2439.477	70.17921	0.5070173	1.484789	2.487701
5976	-2374.108	-2444.175	70.06741	0.7356977	1.629278	2.260212
5982	-2371.474	-2441.882	70.40847	0.5370401	1.566432	2.260212
5988	-2375.292	-2445.363	70.07096	0.8509844	1.488679	2.260212
5994	-2373.517	-2442.274	68.75678	0.827595	1.490104	3.085546
6000	-2364.184	-2432.991	68.80702	0.7274295	1.395291	3.18394
6006	-2372.131	-2441.23	69.09966	0.7033572	1.495741	2.967633
6012	-2367.167	-2438.173	71.00567	0.8252955	1.858983	1.373191
6018	-2377.544	-2448.976	71.4322	0.487168	1.865802	1.399579
6024	-2380.405	-2451.391	70.98614	0.7451354	1.662055	1.608482
6030	-2373.44	-2444.59	71.15064	0.5068451	1.662946	1.732008
6036	-2374.033	-2444.844	70.81144	0.6437481	1.772001	1.749207
6042	-2372.854	-2442.835	69.98106	0.6205871	1.401713	2.555253
6048	-2370.138	-2438.169	68.03079	0.7569201	1.386854	3.622393
6054	-2373.023	-2442.658	69.63463	0.4978637	1.268922	2.962865
6060	-2366.926	-2437.714	70.78752	0.4978637	1.518033	2.086535
6066	-2368.441	-2437.698	69.25702	0.6919752	1.579863	2.830693
6072	-2367.216	-2436.431	69.21477	0.825289	1.433835	2.845522
6078	-2371.301	-2441.311	70.01023	0.8186441	1.393182	2.383342
6084	-2368.664	-2438.281	69.61689	0.8154615	1.450858	2.595704
6090	-2381.01	-2450.877	69.86696	0.8274884	1.501441	2.399015
6096	-2372.494	-2442.836	70.34148	0.5419681	1.40769	2.399015
6102	-2373.777	-2443.72	69.94299	0.7486971	1.519481	2.399015
6108	-2372.199	-2441.956	69.75654	0.5000758	1.408929	2.802196
6114	-2370.553	-2441.534	70.98099	0.9197128	1.714339	1.423581
6120	-2370.37	-2441.23	70.85982	0.7497728	1.701455	1.666901
6126	-2360.382	-2431.218	70.83602	0.8233575	1.745873	1.588524
6132	-2363.228	-2434.356	71.12774	0.6925084	1.738559	1.497166
6138	-2364.417	-2435.681	71.26328	0.6925084	1.603016	1.497166
6144	-2368.064	-2439.259	71.19557	0.652459	1.848884	1.402119
6150	-2362.657	-2434.053	71.39577	0.515675	1.601705	1.590152
6156	-2359.814	-2430.5	70.68669	0.4585648	1.650896	2.109518
6162	-2360.593	-2431.16	70.56717	0.6206077	1.692859	1.992144
6168	-2369.134	-2439.119	69.98489	0.5489984	1.408707	2.6143
6174	-2376.524	-2446.546	70.02271	1.046784	1.434267	2.194813
6180	-2366.912	-2436.835	69.92312	0.9321048	1.474056	2.307609
6186	-2371.964	-2442.268	70.30409	0.9321048	1.600539	1.976422
6192	-2364.497	-2435.109	70.6118	0.7168154	1.765573	1.824853
6198	-2372.093	-2442.001	69.90754	1.082963	1.614112	2.130308
6204	-2378.112	-2448.389	70.27745	1.252305	1.67548	1.737286
6210	-2367.011	-2438.038	71.0272	0.5829483	1.585658	1.789378
6216	-2372.048	-2442.912	70.86412	0.5970963	1.906334	1.663785
6222	-2368.6	-2439.573	70.97236	0.7790503	1.687038	1.570045
6228	-2363.77	-2434.732	70.96269	0.7790503	1.696703	1.570045
6234	-2373.801	-2444.158	70.35714	1.022934	1.685917	1.819678
6240	-2371.152	-2441.663	70.51047	0.5783105	1.801881	1.998294
6246	-2361.539	-2432.186	70.64742	0.8937608	1.937851	1.527939
6252	-2365.013	-2435.818	70.80427	0.9633058	1.912923	1.371038
6258	-2366.78	-2437.689	70.90852	0.5626224	1.666725	1.836435
6264	-2362.986	-2433.684	70.69854	0.7160625	1.896502	1.673079
6270	-2375.409	-2446.498	71.0891	0.8541564	1.896502	1.248808
6276	-2366.071	-2436.982	70.9112	0.7479658	1.9931	1.414366
6282	-2355.605	-2425.716	70.11039	0.8420287	1.749308	2.071705
6288	-2364.392	-2433.59	69.19793	1.026957	1.596641	2.625194
6294	-2367.544	-2436.192	68.64762	0.9483597	1.328817	3.1679
6300	-2363.79	-2433.854	70.06304	0.7291138	1.457105	2.378036
6306	-2364.451	-2435.116	70.66567	0.7154364	1.546393	1.938629
6312	-2370.997	-2440.977	69.97905	0.5489233	1.30945	2.67916
6318	-2372.19	-2441.456	69.26588	0.6378621	1.51343	2.909817
6324	-2369.364	-2438.307	68.94287	0.8596108	1.366739	3.026321
6330	-2368.498	-2437.831	69.33354	0.5632775	1.360456	3.026321
6336	-2363.686	-2432.518	68.83195	0.7412126	1.414676	3.147339
6342	-2370.457	-2439.599	69.1425	0.5702667	1.404745	3.107672
6348	-2368.888	-2438.082	69.19344	0.6952207	1.374036	2.990777
6354	-2377.617	-2445.749	68.13221	0.7627065	1.414354	3.543357
6360	-2373.364	-2443.326	69.96171	0.7351518	1.912028	2.146135
6366	-2378.451	-2449.489	71.03776	0.7085363	1.639428	1.621046
6372	-2378.306	-2449.082	70.77638	0.6199419	1.598977	1.915279
6378	-2371.572	-2442.587	71.01459	0.6199419	1.545424	1.788782
6384	-2366.704	-2436.835	70.13101	0.7477073	1.53169	2.272407
6390	-2373.311	-2444.042	70.73103	0.3333703	1.387447	2.407039
6396	-2364.44	-2434.583	70.14302	0.5473744	1.585016	2.407039
6402	-2360.716	-2431.048	70.33247	0.6539723	1.408258	2.300524
6408	-2369.884	-2439.319	69.43565	0.9306035	1.566589	2.557228
6414	-2370.801	-2441.81	71.00916	0.8776153	1.767277	1.396063
6420	-2371.492	-2442.412	70.92004	0.8776153	1.935311	1.333789
6426	-2362.463	-2433.854	71.39094	0.7078203	1.896792	1.140381
6432	-2378.473	-2449.505	71.03226	0.5837188	1.797249	1.635529
6438	-2372.114	-2443.465	71.3509	0.7801004	1.86096	1.127738
6444	-2367.673	-2439.419	71.74623	0.468881	1.805154	1.219708
6450	-2368.494	-2439.883	71.38954	0.6005251	1.825875	1.324949
6456	-2361.351	-2432.397	71.04525	0.5479241	1.576079	1.820257
6462	-2366.175	-2435.398	69.22309	0.6242777	1.59157	2.899972
6468	-2367.032	-2438.23	71.19833	0.5052625	1.663673	1.699677
6474	-2368.373	-2438.729	70.35602	0.5482449	1.620335	2.24804
6480	-2370.229	-2440.354	70.12484	0.6694709	1.676777	2.24804
6486	-2374.345	-2445.571	71.22648	0.7514004	1.775126	1.334543
6492	-2362.952	-2434.224	71.27253	0.5818456	1.740626	1.50277
6498	-2358.95	-2430.324	71.37418	0.5562728	1.903345	1.328111
6504	-2363.842	-2435.405	71.56225	0.5562728	1.956981	1.123688
6510	-2359.292	-2429.365	70.07296	0.7082579	1.587402	2.305823
6516	-2367.149	-2436.314	69.16446	0.6353911	1.529053	2.963597
6522	-2370.305	-2438.949	68.64362	0.8198607	1.506181	3.148683
6528	-2371.256	-2441.58	70.32394	0.9751813	1.832152	1.774482
6534	-2372.523	-2442.924	70.40117	0.8477045	1.661213	1.932319
6540	-2364.055	-2434.442	70.38668	0.8477045	1.678646	1.930335
6546	-2363.137	-2432.862	69.72437	0.65545	1.72079	2.486083
6552	-2370.506	-2439.747	69.24017	0.988674	1.584829	2.629912
6558	-2365.669	-2436.013	70.34359	0.710583	1.726987	2.037315
6564	-2368.026	-2438.769	70.74273	0.7626683	1.653507	1.772084
6570	-2369.357	-2440.292	70.93535	0.665087	1.673405	1.710904
6576	-2368.883	-2438.98	70.09758	0.8346795	1.525226	2.23149
6582	-2367.884	-2438.505	70.62117	0.7512015	1.733755	1.810514
6588	-2370.105	-2440.393	70.2878	0.6198587	1.796345	2.109152
6594	-2376.159	-2446.362	70.2034	0.7944304	1.648703	2.113004
6600	-2372.46	-2442.292	69.83238	0.7944304	1.620236	2.370177
6606	-2374.234	-2444.921	70.6867	0.8300431	1.777431	1.66795
6612	-2375.902	-2446.853	70.95052	0.9619814	1.777431	1.363637
6618	-2369.277	-2440.069	70.79187	0.5279084	1.5742	2.01424
6624	-2367.716	-2438.061	70.34438	0.8668589	1.5742	2.01424
6630	-2362.413	-2432.663	70.24968	0.7581181	1.63159	2.122597
6636	-2365.79	-2436.883	71.09236	0.6495708	1.718388	1.580982
6642	-2369.326	-2440.478	71.15198	0.7712899	1.718388	1.418492
6648	-2367.751	-2438.938	71.18684	0.6554369	1.832411	1.418492
6654	-2360.125	-2431.177	71.0514	0.8024071	1.851686	1.363929
6660	-2367.665	-2438.946	71.28096	0.6198284	1.938032	1.299656
6666	-2376.92	-2447.872	70.95188	0.7772738	1.759481	1.533284
6672	-2367.956	-2438.845	70.88899	0.5521338	1.657603	1.86707
6678	-2370.326	-2441.078	70.75134	0.6235751	2.010279	1.642859
6684	-2364.959	-2435.65	70.69113	0.5557568	1.962483	1.789574
6690	-2362.192	-2432.388	70.1959	0.7766436	1.773547	2.049786
6696	-2376.257	-2447.239	70.98234	0.6021878	1.831037	1.627641
6702	-2361.441	-2432.947	71.50639	0.6002099	1.953083	1.118424
6708	-2366.317	-2437.586	71.26933	0.6967766	2.111997	1.067934
6714	-2366.391	-2437.926	71.53455	0.6330213	1.974161	1.028495
6720	-2368.538	-2439.729	71.19045	0.7073738	1.958324	1.260042
6726	-2366.248	-2437.487	71.23879	0.7073738	2.00412	1.180269
6732	-2382.493	-2454.11	71.61693	0.6226214	2.130141	0.7753958
6738	-2373.136	-2444.408	71.27184	0.7395562	2.20662	0.9144791
6744	-2371.857	-2443.59	71.73288	0.5804672	1.944392	0.9338744
6750	-2365.603	-2436.628	71.02433	0.6716831	1.720079	1.607455
6756	-2369.455	-2440.046	70.59094	0.7920215	1.724498	1.803608
6762	-2368.128	-2437.913	69.78546	0.7374682	1.363319	2.603817
6768	-2369.581	-2439.332	69.75051	0.6641903	1.493586	2.603817
6774	-2368.533	-2437.691	69.1581	0.7914961	1.464839	2.885043
6780	-2372.463	-2442.249	69.78597	0.7571312	1.341156	2.602118
6786	-2375.591	-2444.884	69.29366	0.9533099	1.612447	2.602118
6792	-2374.452	-2444.609	70.15737	0.581621	1.642306	2.328668
6798	-2375.829	-2445.629	69.80043	0.5696888	1.70608	2.524575
6804	-2383.048	-2453.929	70.88149	0.4257688	1.497274	2.121226
6810	-2375.578	-2446.218	70.63972	0.5977505	1.584783	2.037629
6816	-2374.492	-2445.4	70.90801	0.5983184	1.69447	1.780892
6822	-2372.362	-2443.107	70.74494	0.6290008	1.81364	1.780892
6828	-2372.371	-2443.309	70.93734	0.8095423	1.833992	1.459471
6834	-2372.665	-2443.482	70.81693	0.9106057	1.756652	1.523109
6840	-2370.095	-2441.004	70.90931	1.086622	1.794683	1.284443
6846	-2366.533	-2437.378	70.84554	0.8545379	1.828251	1.494202
6852	-2371.712	-2442.382	70.67012	0.7908455	1.911985	1.616082
6858	-2374.009	-2445.106	71.09695	0.7215008	1.89211	1.374205
6864	-2372.903	-2443.609	70.70592	1.035652	1.75836	1.509356
6870	-2367.645	-2438.591	70.94642	0.7949528	1.742295	1.534409
6876	-2367.935	-2438.414	70.47854	0.7949528	1.951489	1.721186
6882	-2373.312	-2444.2	70.88821	0.795825	1.88669	1.469024
6888	-2376.549	-2447.864	71.31447	0.7472852	1.889149	1.170507
6894	-2376.982	-2446.716	69.73453	0.5962301	1.604132	2.604363
6900	-2377.249	-2447.807	70.55781	0.8340306	1.69149	1.815449
6906	-2378.509	-2449.291	70.7819	0.6708015	1.669378	1.815449
6912	-2374.255	-2443.992	69.73747	0.7236449	1.66096	2.459124
6918	-2377.444	-2448.405	70.96101	0.6736416	1.62814	1.716629
6924	-2374.668	-2444.574	69.9056	0.7262191	1.542977	2.425544
6930	-2367.031	-2437.181	70.15029	0.9896736	1.607921	2.034432
6936	-2367.841	-2437.027	69.18552	0.7334906	1.277991	3.0237
6942	-2377.566	-2446.721	69.15513	0.8172084	1.391113	2.913122
6948	-2376.062	-2446.243	70.18057	0.8172084	1.72008	2.063513
6954	-2385.129	-2453.634	68.50447	0.7285334	1.353062	3.386467
6960	-2370.922	-2440.075	69.15226	0.761084	1.484051	2.899145
6966	-2371.486	-2441.369	69.8829	0.4551074	1.308983	2.83282
6972	-2367.774	-2436.626	68.85186	0.6845034	1.331284	3.228187
6978	-2367.7	-2437.451	69.75119	0.7735843	1.448685	2.544524
6984	-2360.464	-2430.915	70.45032	0.6428156	1.576891	2.125358
6990	-2382.633	-2453.225	70.59243	0.7339619	1.552462	1.967975
6996	-2367.424	-2437.89	70.4658	0.7912957	1.608978	1.967975
7002	-2378.237	-2449.277	71.03976	0.7150346	1.602833	1.639968
7008	-2369.748	-2440.446	70.69796	0.7825393	1.671583	1.773915
7014	-2366.031	-2437.028	70.9972	0.5296332	1.668704	1.809303
7020	-2366.818	-2437.605	70.78738	0.6060849	1.589526	1.927641
7026	-2370.713	-2440.925	70.21244	0.6427683	1.5821	2.27595
7032	-2370.949	-2441.002	70.05293	0.8295725	1.506541	2.27595
7038	-2370.754	-2441.502	70.74864	0.6738778	1.75561	1.775886
7044	-2370.374	-2440.23	69.85634	0.5101685	1.598419	2.614626
7050	-2364.515	-2435.493	70.97892	0.4131254	1.563659	2.028853
7056	-2360.876	-2431.114	70.2381	0.6122198	1.389706	2.409299
7062	-2365.013	-2434.98	69.9671	0.6030412	1.32774	2.625327
7068	-2371.958	-2441.869	69.91054	0.6030412	1.384299	2.625327
7074	-2367.001	-2436.418	69.41703	0.5305941	1.40305	2.981137
7080	-2375.36	-2445.479	70.11888	0.5051324	1.554247	2.483917
7086	-2364.589	-2435.25	70.66021	0.6080389	1.649527	1.970914
7092	-2380.384	-2451.184	70.79965	0.5710408	1.665366	1.902975
7098	-2371.895	-2442.333	70.4376	0.7127186	1.639855	2.030934
7104	-2375.568	-2446.16	70.59249	0.7127186	1.700411	1.886259
7110	-2369.919	-2440.558	70.63909	0.7179388	1.647129	1.886259
7116	-2379.405	-2449.67	70.26506	0.686783	1.467277	2.277705
7122	-2381.249	-2451.058	69.80806	0.686783	1.728653	2.40211
7128	-2370.9	-2440.937	70.03715	0.686783	1.481575	2.413461
7134	-2368.145	-2438.498	70.35292	0.731305	1.442942	2.199851
7140	-2369.437	-2439.71	70.27345	0.8827732	1.643554	2.003588
7146	-2367.564	-2438.42	70.85635	0.6625987	1.722126	1.734606
7152	-2369.435	-2440.786	71.35029	0.5076565	1.58646	1.64355
7158	-2366.454	-2436.473	70.01895	0.8479144	1.601169	2.223519
7164	-2363.895	-2435.25	71.35464	0.4882132	1.770613	1.529444
7170	-2369.662	-2439.264	69.60236	0.7321694	1.439129	2.674108
7176	-2383.345	-2453.214	69.86955	0.5868262	1.335646	2.695127
7182	-2375.616	-2445.238	69.6223	0.8056345	1.590735	2.512515
7188	-2365.292	-2434.542	69.25077	0.8768578	1.436103	2.786903
7194	-2374.28	-2445.112	70.83175	0.4650526	1.642722	2.011658
7200	-2367.363	-2437.977	70.61399	0.7908575	1.728656	1.785712
7206	-2369.229	-2440.065	70.83587	0.7296588	1.581777	1.785712
7212	-2374.447	-2444.745	70.29754	0.7163813	1.605379	2.142617
7218	-2380.618	-2450.994	70.37602	0.7432179	1.797915	1.940678
7224	-2377.085	-2448.117	71.03206	0.5912126	1.827903	1.605513
7230	-2371.446	-2441.927	70.48054	0.7287057	1.806803	1.876174
7236	-2373.556	-2444.885	71.32948	0.7219774	2.205892	0.8751045
7242	-2374.669	-2446.012	71.34268	0.8061876	1.619322	1.313355
7248	-2370.247	-2441.454	71.20719	0.6038338	1.635085	1.604996
7254	-2373.106	-2444.499	71.393	0.7584136	1.887931	1.088802
7260	-2377.641	-2448.587	70.9462	0.7899334	1.895641	1.423216
7266	-2372.68	-2443.367	70.68676	0.8342183	1.809066	1.641812
7272	-2372.484	-2443.356	70.87196	0.7412658	1.539354	1.779986
7278	-2366.111	-2436.956	70.8452	0.5406682	1.480606	2.027611
7284	-2371.125	-2442.289	71.16419	0.5991322	1.676816	1.610866
7290	-2367.719	-2438.377	70.65828	1.05578	1.763079	1.526843
7296	-2379.118	-2449.889	70.77143	0.8317587	1.747579	1.627136
7302	-2376.211	-2446.31	70.09848	0.4972347	1.328927	2.64465
7308	-2384.026	-2453.685	69.65889	0.6445652	1.397286	2.735929
7314	-2382.37	-2453.206	70.83597	0.6484086	1.707213	1.77283
7320	-2381.522	-2451.634	70.11222	0.6369468	1.590277	2.339865
7326	-2376.191	-2446.632	70.44171	0.3911498	1.548067	2.413071
7332	-2378.734	-2450.192	71.45834	0.6055232	1.977223	1.133001
7338	-2370.755	-2442.321	71.56537	0.6055232	1.798259	1.196041
7344	-2372.939	-2444.371	71.43281	0.6938361	2.012907	1.00955
7350	-2370.248	-2441.488	71.24032	0.821486	1.89519	1.152255
7356	-2375.988	-2446.979	70.99106	0.821486	1.74239	1.477652
7362	-2365.434	-2436.381	70.94694	0.7720227	1.766748	1.536269
7368	-2372.242	-2443.118	70.87631	1.057943	1.853017	1.285984
7374	-2372.581	-2443.449	70.86808	1.041083	1.819394	1.33299
7380	-2370.2	-2441.275	71.07511	0.8558122	1.919385	1.239819
7386	-2368.385	-2439.732	71.34735	0.8558122	2.024835	0.8790119
7392	-2362.678	-2433.98	71.30117	0.835033	1.842566	1.131069
7398	-2366.19	-2437.167	70.97715	0.4920466	1.597485	1.913574
7404	-2373.426	-2443.219	69.79331	0.745455	1.55698	2.472128
7410	-2370.218	-2440.281	70.06229	0.5510118	1.58798	2.452457
7416	-2375.078	-2444.713	69.63492	0.8777527	1.687975	2.391996
7422	-2362.99	-2433.224	70.23319	0.7125951	1.550653	2.223001
7428	-2375.693	-2446.194	70.50016	0.4935862	1.630364	2.205283
7434	-2372.612	-2442.994	70.38207	0.6979815	1.448117	2.205283
7440	-2363.66	-2433.551	69.89086	0.8357781	1.350998	2.472644
7446	-2362.007	-2431.906	69.89916	0.5714513	1.532857	2.569266
7452	-2370.176	-2440.888	70.71238	0.6453438	1.503984	1.998179
7458	-2378.891	-2447.864	68.97286	0.7697446	1.307049	3.106632
7464	-2380.38	-2449.503	69.12252	0.692468	1.517995	2.949032
7470	-2375.065	-2445.143	70.07822	0.8951376	1.601098	2.151232
7476	-2372.807	-2442.918	70.11082	0.8654887	1.601098	2.151232
7482	-2374.117	-2444.028	69.91094	1.112627	1.550977	2.151232
7488	-2368.574	-2438.221	69.64759	0.570393	1.556607	2.710781
7494	-2377.39	-2445.701	68.31093	1.022678	1.276213	3.35342
7500	-2380.25	-2450.507	70.25728	0.7451495	1.46496	2.236191
7506	-2377.348	-2447.445	70.09677	0.7451495	1.577222	2.267198
7512	-2369.674	-2439.835	70.16132	0.6741699	1.632148	2.249224
7518	-2373.88	-2444.54	70.66011	0.6914884	1.68909	1.866677
7524	-2368.195	-2438.888	70.69242	0.720541	1.85873	1.700207
7530	-2366.335	-2437.266	70.93121	0.720541	1.619948	1.700207
7536	-2367.746	-2438.432	70.68627	0.9035513	1.650697	1.700207
7542	-2379.723	-2448.43	68.70718	0.7840725	1.367247	3.218402
7548	-2370.556	-2440.665	70.10885	0.5676323	1.482789	2.473302
7554	-2368.701	-2438.84	70.13812	0.5671008	1.483695	2.454879
7560	-2376.888	-2444.608	67.72006	0.8839907	1.437207	3.687839
7566	-2363.879	-2432.795	68.91672	0.6910845	1.450988	3.113476
7572	-2363.401	-2433.722	70.32038	0.478053	1.543136	2.392668
7578	-2365.338	-2435.213	69.87502	0.8691526	1.535912	2.34222
7584	-2364.635	-2434.874	70.23905	0.6613693	1.426183	2.34222
7590	-2383.867	-2454.404	70.53669	0.4952076	1.35415	2.357055
7596	-2377.497	-2448.06	70.56213	0.6960343	1.578977	2.002981
7602	-2373.707	-2444.38	70.67291	0.6641012	1.565689	1.966183
7608	-2373.813	-2444.057	70.24355	0.6005287	1.553679	2.31252
7614	-2381.932	-2451.33	69.39828	0.837734	1.520858	2.671581
7620	-2371.524	-2440.868	69.34383	0.9038486	1.501989	2.671581
7626	-2371.164	-2440.812	69.64807	0.8649744	1.612951	2.439933
7632	-2361.32	-2431.263	69.94242	0.5014449	1.512242	2.623529
7638	-2364.782	-2434.458	69.67577	0.888409	1.48498	2.486618
7644	-2368.805	-2440.432	71.62772	0.6120444	1.769449	1.158742
7650	-2370.316	-2441.161	70.84508	0.7916465	1.697791	1.643696
7656	-2375.328	-2446.423	71.09516	0.7838831	1.787606	1.397108
7662	-2371.626	-2442.394	70.76764	0.5687783	1.586094	1.980214
7668	-2366.935	-2437.56	70.62488	0.5823458	1.672019	2.004589
7674	-2369.106	-2440.668	71.56218	0.5823458	1.911453	1.129303
7680	-2371.297	-2442.652	71.35525	0.6788282	2.04727	1.070247
7686	-2370.836	-2441.271	70.43584	0.7678612	1.597016	2.014785
7692	-2377.68	-2448.023	70.34229	0.6139655	1.700411	2.14174
7698	-2369.164	-2439.406	70.24243	0.8040183	1.548781	2.145394
7704	-2374.239	-2444.347	70.10754	0.7128098	1.673921	2.22436
7710	-2380.782	-2451.247	70.4647	0.8444572	1.701923	1.864056
7716	-2383.429	-2453.902	70.47322	0.645607	1.793829	1.96404
7722	-2377.984	-2448.225	70.24134	0.9661439	1.595929	1.99778
7728	-2378.888	-2449.816	70.92775	0.6024082	1.763724	1.714397
7734	-2369.487	-2440.356	70.86876	0.7853764	1.67664	1.647249
7740	-2369.233	-2440.659	71.42549	0.7034209	1.796688	1.202539
7746	-2376.773	-2446.948	70.17506	0.8477402	1.796982	1.992906
7752	-2382.884	-2451.905	69.02071	0.8324303	1.515251	2.908722
7758	-2373.981	-2442.968	68.98754	0.8357846	1.544589	2.908722
7764	-2366.929	-2436.653	69.72361	0.7610249	1.508181	2.534169
7770	-2363.83	-2434.187	70.35656	0.7563012	1.579604	2.088065
7776	-2373.333	-2443.716	70.3831	0.7426427	1.514216	2.124622
7782	-2368.125	-2438.804	70.679	0.7084698	1.434682	2.010496
7788	-2369.012	-2439.004	69.99272	0.8198275	1.678682	2.211173
7794	-2366.817	-2437.396	70.57886	0.5603016	1.693467	2.04295
7800	-2368.78	-2439.774	70.99363	0.6938122	1.544434	1.733799
7806	-2367.092	-2435.98	68.88805	0.7194134	1.47277	3.095728
7812	-2365.949	-2436.558	70.60888	0.6110907	1.686281	1.977735
7818	-2372.992	-2443.586	70.59463	0.6373361	1.728066	1.934328
7824	-2368.91	-2439.825	70.91573	0.6763332	1.51876	1.821927
7830	-2366.391	-2436.646	70.2545	0.8059184	1.578201	2.116833
7836	-2375.375	-2446.178	70.80331	0.8059184	1.531549	1.778746
7842	-2369.712	-2440.269	70.55713	0.8430875	1.506235	1.935185
7848	-2368.769	-2437.944	69.17457	0.928192	1.581534	2.71071
7854	-2376.472	-2447.083	70.61074	0.7848682	1.834883	1.71866
7860	-2374.437	-2444.63	70.19358	0.5837731	1.747167	2.236299
7866	-2372.085	-2442.978	70.89236	0.5241368	1.747167	1.833519
7872	-2379.754	-2449.11	69.3563	0.8884967	1.65139	2.581902
7878	-2365.706	-2435.998	70.29211	0.6552362	1.645942	2.172329
7884	-2368.383	-2438.911	70.52733	0.7457305	1.460151	2.062868
7890	-2363.34	-2433.874	70.53375	0.5605662	1.578118	2.148058
7896	-2371.267	-2442.051	70.78477	0.5077919	1.60039	2.023127
7902	-2372.146	-2441.636	69.49032	1.010525	1.376887	2.590288
7908	-2372.163	-2441.994	69.8315	0.5766555	1.559192	2.590055
7914	-2368.626	-2440.181	71.55483	0.4628037	1.758984	1.419684
7920	-2368.947	-2440.317	71.37028	0.4582227	1.758984	1.564549
7926	-2373.441	-2444.563	71.12222	0.6279633	1.709542	1.587575
7932	-2370.639	-2441.42	70.78115	0.8863577	1.731213	1.587575
7938	-2368.927	-2440.379	71.45223	0.5359962	1.990998	1.217567
7944	-2367.13	-2438.389	71.25968	0.7468652	1.895497	1.212686
7950	-2366.247	-2437.711	71.4643	0.6632277	1.961053	1.068458
7956	-2366.185	-2437.472	71.28681	0.6547312	1.983042	1.217113
7962	-2373.349	-2443.201	69.85159	0.6000182	1.504373	2.590227
7968	-2366.371	-2435.999	69.62733	0.7482466	1.491197	2.614221
7974	-2362.785	-2432.33	69.54554	1.011249	1.450055	2.509988
7980	-2369.017	-2438.561	69.54457	0.9246807	1.539767	2.509988
7986	-2368.741	-2438.595	69.8537	0.6702372	1.501823	2.529567
7992	-2376.556	-2448.065	71.50923	0.6102733	2.100675	0.9590955
7998	-2379.085	-2450.462	71.37737	0.6609502	2.219875	0.8960864
8004	-2363.803	-2434.088	70.28539	0.7485535	1.514304	2.183404
8010	-2361.367	-2431.781	70.41407	0.6954608	1.613281	2.078816
8016	-2379.651	-2450.116	70.46551	0.6241304	1.483365	2.193328
8022	-2376.348	-2446.575	70.22641	0.6833697	1.641447	2.193328
8028	-2377.499	-2447.098	69.59881	0.7498034	1.44776	2.657434
8034	-2370.818	-2442.172	71.35404	0.7434794	1.896861	1.132907
8040	-2363.431	-2433.342	69.91074	0.7461084	1.777507	2.257287
8046	-2366.272	-2437.199	70.92657	0.815592	1.6327	1.611525
8052	-2372.191	-2442.475	70.28394	0.687009	1.475162	2.260355
8058	-2369.569	-2439.564	69.9943	0.7214263	1.543563	2.372992
8064	-2364.739	-2434.624	69.8845	0.816371	1.537905	2.372992
8070	-2365.242	-2434.048	68.80621	0.6812759	1.365337	3.237572
8076	-2377.742	-2446.458	68.71527	0.6075124	1.179514	3.46018
8082	-2367.146	-2435.848	68.70208	0.7373103	1.566157	3.137392
8088	-2368.156	-2437.021	68.86523	0.887888	1.379392	3.046505
8094	-2381.885	-2451.73	69.84506	0.6490133	1.682681	2.439803
8100	-2376.193	-2446.23	70.03653	0.608013	1.548893	2.439803
8106	-2371.948	-2441.688	69.73926	0.6293574	1.458656	2.661944
8112	-2374.958	-2445.079	70.12098	0.8359915	1.685492	2.111201
8118	-2372.108	-2442.929	70.82137	0.816417	1.784951	1.576549
8124	-2377.203	-2448.199	70.99581	0.5086419	1.725767	1.794178
8130	-2370.634	-2441.425	70.79115	0.5926367	1.73454	1.839677
8136	-2371.974	-2443.16	71.18599	0.5926367	1.938286	1.405943
8142	-2369.215	-2440.281	71.06572	0.5748074	1.858856	1.576147
8148	-2371.517	-2442.305	70.78853	0.7444265	1.855518	1.612128
8154	-2366.836	-2438.3	71.46426	0.7198619	1.770267	1.173631
8160	-2365.492	-2437.054	71.562	0.6267618	1.805819	1.166139
8166	-2367.121	-2437.851	70.73016	0.6108575	1.860954	1.776185
8172	-2368.887	-2438.25	69.36263	0.7435512	1.507112	2.770576
8178	-2372.247	-2441.784	69.53701	0.7883206	1.459605	2.659373
8184	-2363.555	-2433.844	70.28888	0.6570145	1.405565	2.327399
8190	-2368.812	-2438.169	69.3568	0.9105101	1.401119	2.721139
8196	-2368.252	-2439.236	70.98337	0.5558255	1.42327	1.957972
8202	-2368.953	-2439.219	70.26598	0.585375	1.470054	2.365569
8208	-2365.618	-2434.554	68.93582	0.6532161	1.433963	3.142448
8214	-2373.493	-2441.267	67.77361	0.73951	1.225598	3.876273
8220	-2378.772	-2445.644	66.87185	0.7509621	1.237313	4.374655
8226	-2378.237	-2445.538	67.30009	0.714313	1.184163	4.188423
8232	-2364.159	-2433.494	69.3354	0.6861577	1.371034	2.914303
8238	-2362.308	-2431.538	69.22937	0.7084297	1.424589	2.928424
8244	-2367.322	-2437.272	69.95024	0.7088746	1.639868	2.350053
8250	-2368.813	-2439.443	70.62942	0.6693164	1.592164	1.972876
8256	-2378.584	-2448.807	70.22326	0.6456675	1.65338	2.220587
8262	-2373.379	-2441.891	68.51231	0.6618688	1.638128	3.265421
8268	-2379.209	-2448.425	69.21634	0.8898289	1.505493	2.756892
8274	-2367.586	-2437.563	69.97721	0.7835952	1.551655	2.32995
8280	-2373.676	-2444.016	70.34015	0.8271877	1.512257	2.087683
8286	-2366.76	-2436.762	70.00191	0.7946784	1.439376	2.377168
8292	-2368.103	-2438.978	70.87452	0.5706674	1.630522	1.876143
8298	-2371.244	-2441.789	70.54571	0.6709018	1.694238	1.959131
8304	-2371.968	-2442.768	70.79911	0.9231789	1.715909	1.556535
8310	-2364.573	-2435.345	70.77245	0.514958	1.53313	2.068071
8316	-2372.288	-2441.169	68.8805	0.7294952	1.336272	3.173809
8322	-2366.866	-2435.794	68.92822	0.7070046	1.397428	3.126176
8328	-2363.882	-2433.576	69.69464	0.7595437	1.602348	2.494612
8334	-2379.743	-2450.273	70.53047	0.612589	1.552358	2.116807
8340	-2371.502	-2440.833	69.33025	0.924113	1.604186	2.603537
8346	-2367.319	-2437.23	69.9115	0.8978696	1.681808	2.205124
8352	-2377.431	-2448.046	70.61553	0.7215085	1.614294	1.921414
8358	-2385.547	-2454.939	69.39214	0.7215085	1.606935	2.708445
8364	-2367.431	-2436.057	68.62567	0.6835407	1.353873	3.348994
8370	-2367.204	-2437.071	69.8674	0.5261396	1.338415	2.751784
8376	-2372.573	-2442.181	69.60718	0.7638389	1.268317	2.751784
8382	-2378.557	-2448.365	69.80709	0.5647515	1.291841	2.780348
8388	-2369.439	-2438.732	69.29336	0.5419254	1.2828	3.116354
8394	-2387.022	-2457.602	70.57971	0.7084411	1.623453	1.950671
8400	-2369.767	-2440.642	70.87467	0.7084411	1.828945	1.601975
8406	-2361.322	-2432.4	71.07756	0.7084411	1.726931	1.527852
8412	-2367.026	-2437.927	70.90111	0.853116	1.771599	1.496213
8418	-2376.255	-2447.107	70.85211	0.7156622	1.857146	1.591114
8424	-2374.108	-2444.784	70.67558	0.8346832	1.827742	1.636031
8430	-2366.861	-2437.918	71.05724	0.841202	1.834309	1.337442
8436	-2365.158	-2436.753	71.59449	0.5580818	1.912845	1.131884
8442	-2369.989	-2441.16	71.17102	0.7658807	1.912845	1.253004
8448	-2380.386	-2451.382	70.99572	0.8310548	1.684224	1.50958
8454	-2372.542	-2443.904	71.36262	0.5337377	1.637002	1.567446
8460	-2370.517	-2441.95	71.43328	0.6629669	1.835016	1.208919
8466	-2375.361	-2447.139	71.77832	0.4006159	1.90535	1.213065
8472	-2369.343	-2440.359	71.01532	0.6889983	1.864513	1.490456
8478	-2369.781	-2440.545	70.76443	1.050988	1.666117	1.523437
8484	-2377.525	-2448.285	70.75966	0.7354654	1.626805	1.80226
8490	-2371.291	-2441.047	69.75579	0.9251786	1.546111	2.372847
8496	-2374.178	-2444.724	70.54526	0.6943368	1.537443	2.043246
8502	-2382.84	-2450.969	68.12955	0.8299694	1.112158	3.67405
8508	-2373.833	-2441.636	67.80327	0.9620028	1.2392	3.706304
8514	-2363.483	-2431.506	68.02241	0.7660006	1.2392	3.706304
8520	-2374.044	-2443.596	69.55144	0.7502821	1.365425	2.736682
8526	-2378.131	-2448.1	69.96966	0.7221938	1.57238	2.369725
8532	-2381.532	-2452.476	70.94369	0.8682085	1.972663	1.292942
8538	-2383.731	-2452.394	68.66288	0.947985	1.395085	3.119655
8544	-2376.496	-2445.685	69.18898	0.793562	1.244033	2.997979
8550	-2377.531	-2447.102	69.57109	0.7783366	1.344133	2.716719
8556	-2367.575	-2436.796	69.22116	0.6100263	1.364879	3.049587
8562	-2378.305	-2447.373	69.06759	0.8620182	1.515318	2.860079
8568	-2390.9	-2455.371	64.47097	0.6375633	1.057017	5.888112
8574	-2390.515	-2457.405	66.88952	0.8972109	1.304185	4.231124
8580	-2374.519	-2442.981	68.46146	0.8069381	1.45513	3.295628
8586	-2377.105	-2446.909	69.80308	0.7485036	1.551389	2.467139
8592	-2374.501	-2443.968	69.46706	0.8783281	1.443018	2.649139
8598	-2367.158	-2437.815	70.65674	0.7946454	1.641149	1.813582
8604	-2368.334	-2439.267	70.93341	0.5193994	1.540524	1.951228
8610	-2373.115	-2443.878	70.76259	0.7750672	1.832427	1.620428
8616	-2377.149	-2448.082	70.93267	0.6708804	1.675388	1.705886
8622	-2374.273	-2444.013	69.73917	0.5247449	1.585275	2.680448
8628	-2372.451	-2443.265	70.81378	0.8038165	1.667309	1.677594
8634	-2371.325	-2441.966	70.64109	0.6472239	1.498878	2.047199
8640	-2377.996	-2448.202	70.20539	0.5820244	1.449372	2.420075
8646	-2366.876	-2436.646	69.77015	0.7208504	1.497721	2.542937
8652	-2367.952	-2437.684	69.73204	0.7095072	1.509564	2.568295
8658	-2368.901	-2439.392	70.49031	0.7605704	1.548976	2.016431
8664	-2375.257	-2444.189	68.93199	0.8350009	1.37598	3.043972
8670	-2362.855	-2432.374	69.51847	0.7284789	1.577445	2.643462
8676	-2363.028	-2433.52	70.49261	0.7284789	1.617829	1.995631
8682	-2368.043	-2438.404	70.36018	0.753409	1.730316	1.988168
8688	-2369.672	-2440.037	70.36448	0.753409	1.625558	2.054907
8694	-2368.708	-2440.042	71.33441	0.5328378	1.767767	1.492322
8700	-2364.988	-2435.47	70.482	0.7574417	1.782626	1.867247
8706	-2367.862	-2438.291	70.42885	0.8650357	1.709971	1.867247
8712	-2361.171	-2431.969	70.7981	0.6235933	1.701264	1.827129
8718	-2359.73	-2431	71.27052	0.5269745	1.69717	1.598624
8724	-2371.776	-2442.852	71.07683	0.7726945	1.661577	1.517282
8730	-2367.096	-2437.265	70.16875	0.6269293	1.579219	2.31985
8736	-2369.341	-2440.061	70.71954	0.5553445	1.576513	2.032255
8742	-2368.084	-2438.645	70.56038	0.6838758	1.552677	2.032255
8748	-2376.313	-2445.175	68.86256	0.834153	1.430142	3.053686
8754	-2370.459	-2441.294	70.83432	0.5990024	1.609176	1.889481
8760	-2377.891	-2448.913	71.02196	0.6195137	1.767901	1.626664
8766	-2382.519	-2453.402	70.88364	0.547977	1.603346	1.911965
8772	-2367.483	-2437.926	70.44318	0.6722101	1.554771	2.118311
8778	-2363.933	-2434.618	70.68529	0.726261	1.605285	1.876078
8784	-2373.575	-2443.882	70.30713	0.8028836	1.703733	2.001535
8790	-2371.79	-2442.235	70.44505	0.7000109	1.670543	2.016513
8796	-2383.436	-2453.445	70.00899	0.6083832	1.615718	2.414724
8802	-2383.061	-2452.66	69.59881	0.6183687	1.476776	2.746512
8808	-2376.933	-2446.933	69.99997	0.776334	1.416996	2.406411
8814	-2382.402	-2452.388	69.98633	0.7273714	1.548633	2.370045
8820	-2375.548	-2444.103	68.55561	0.8225442	1.387916	3.269019
8826	-2366.398	-2436.009	69.61069	0.5490885	1.408553	2.843412
8832	-2378.861	-2448.605	69.74372	0.5180306	1.324605	2.843412
8838	-2368.81	-2438.492	69.68169	0.5070133	1.404534	2.843412
8844	-2370.447	-2440.148	69.70106	0.5476154	1.262053	2.878807
8850	-2366.243	-2436.276	70.03299	0.5754696	1.493859	2.506462
8856	-2371.18	-2440.247	69.0669	0.705152	1.374902	3.058323
8862	-2367.268	-2436.439	69.17095	0.709738	1.680594	2.807748
8868	-2362.759	-2433.727	70.96782	0.6642417	1.556771	1.770746
8874	-2356.371	-2427.006	70.63492	0.5569083	1.580135	2.084168
8880	-2361.789	-2430.456	68.66666	0.7737875	1.18558	3.356729
8886	-2362.391	-2431.497	69.10609	0.7737875	1.309383	3.022705
8892	-2370.416	-2439.303	68.88745	0.979959	1.299977	3.022705
8898	-2363.442	-2432.925	69.48285	0.5131743	1.295891	3.022705
8904	-2363.522	-2432.759	69.23706	0.8730173	1.44551	2.792109
8910	-2375.796	-2444.798	69.0026	1.043474	1.405548	2.851746
8916	-2373.318	-2442.335	69.01749	0.7182707	1.42475	3.047974
8922	-2370.093	-2441.273	71.18034	0.7644648	1.855914	1.293622
8928	-2367.641	-2439.168	71.52707	0.5467467	1.89946	1.217467
8934	-2370.761	-2441.62	70.85951	1.032364	1.860752	1.313463
8940	-2364.711	-2435.278	70.56736	0.6672167	1.555228	2.040682
8946	-2362.006	-2432.273	70.26688	0.6672167	1.472977	2.289592
8952	-2368.976	-2439.027	70.05151	0.6917389	1.369469	2.470814
8958	-2366.54	-2437.006	70.46568	0.7848961	1.499649	2.045949
8964	-2365.5	-2436.109	70.60886	0.5829996	1.624771	2.045949
8970	-2363.01	-2433.057	70.04676	0.9067386	1.598304	2.165358
8976	-2362.771	-2433.36	70.58942	0.5315768	1.540941	2.165358
8982	-2365.901	-2437.033	71.13153	0.7726251	1.691809	1.453324
8988	-2370.244	-2440.131	69.88661	0.7726251	1.609497	2.359168
8994	-2375.857	-2445.975	70.11716	0.5668561	1.363574	2.543294
9000	-2366.877	-2436.358	69.48116	0.5668561	1.442381	2.88491
9006	-2365.406	-2434.823	69.41723	0.7942066	1.397493	2.766581
9012	-2378.272	-2447.722	69.44974	0.5923203	1.348947	2.937371
9018	-2378.958	-2448.856	69.89779	0.8509986	1.429635	2.40797
9024	-2365.035	-2433.891	68.85642	0.6315026	1.524818	3.153506
9030	-2372.547	-2442.287	69.73994	0.5682035	1.296262	2.815358
9036	-2371.126	-2440.463	69.33742	0.6578697	1.533917	2.837443
9042	-2368.675	-2438.155	69.48029	0.5996108	1.472993	2.837443
9048	-2367.977	-2437.227	69.25033	0.5941043	1.426655	3.008958
9054	-2364.212	-2433.498	69.28521	0.7410456	1.42678	2.868356
9060	-2374.149	-2442.742	68.59294	0.7410456	1.540252	3.214763
9066	-2370.532	-2441.792	71.26009	0.5891661	1.815559	1.447305
9072	-2362.223	-2433.17	70.94664	0.6005691	1.766149	1.701214
9078	-2364.432	-2435.307	70.87488	0.7518506	1.766149	1.607639
9084	-2364.821	-2435.581	70.75918	0.7560488	1.707789	1.728253
9090	-2365.198	-2436.196	70.99816	0.5736773	1.716025	1.728253
9096	-2364.752	-2435.858	71.10615	0.7893046	1.84567	1.337567
9102	-2361.517	-2431.73	70.21279	0.6088238	1.550467	2.326532
9108	-2365.036	-2435.582	70.5462	0.6255347	1.728687	1.977548
9114	-2374.553	-2444.704	70.15145	0.760213	1.608513	2.199838
9120	-2373.868	-2444.678	70.80937	0.5840296	1.850679	1.75539
9126	-2367.892	-2438.843	70.95146	0.5999788	1.711734	1.736789
9132	-2372.397	-2440.64	68.24359	0.6677885	1.406773	3.55377
9138	-2362.892	-2431.073	68.18125	0.6597668	1.140145	3.750636
9144	-2365.751	-2433.891	68.14007	0.9723648	1.463253	3.373528
9150	-2366.012	-2434.24	68.22865	0.7955511	1.618298	3.344528
9156	-2368.535	-2438.613	70.078	0.5331438	1.48236	2.526175
9162	-2377.182	-2446.922	69.73962	0.7242399	1.550855	2.526175
9168	-2379.109	-2448.505	69.39559	0.8736777	1.434699	2.70136
9174	-2368.498	-2438.369	69.87148	0.5348061	1.402933	2.70136
9180	-2372.932	-2442.373	69.44038	0.7608602	1.521121	2.70136
9186	-2356.532	-2427.568	71.03623	0.6256361	1.705448	1.655075
9192	-2366.452	-2437.433	70.98155	0.7175168	1.813263	1.526384
9198	-2373.727	-2444.649	70.92194	0.4998089	1.68665	1.881759
9204	-2369.477	-2439.743	70.26644	0.8331686	1.702586	2.005978
9210	-2375.016	-2445.985	70.96989	0.5589971	1.581632	1.856495
9216	-2364.209	-2435.297	71.08747	0.7072358	1.734171	1.516243
9222	-2365.777	-2437.052	71.27551	0.6378438	1.78102	1.408401
9228	-2369.462	-2439.667	70.20449	0.8682257	1.554179	2.11872
9234	-2371.508	-2440.954	69.44611	0.5698749	1.504777	2.865594
9240	-2366.423	-2437.159	70.73604	0.5969649	1.611782	1.956138
9246	-2363.872	-2434.547	70.6751	0.6662379	1.575578	1.956138
9252	-2360.988	-2431.585	70.59749	0.5605281	1.539282	2.131849
9258	-2370.269	-2440.124	69.85469	0.7027157	1.431867	2.545813
9264	-2364.791	-2434.3	69.50892	0.8351258	1.616513	2.545813
9270	-2363.241	-2433.422	70.18073	0.6289258	1.702854	2.23114
9276	-2373.892	-2444.374	70.4819	0.6779095	1.662944	2.016411
9282	-2367.022	-2438.209	71.18667	0.7875019	1.747709	1.353152
9288	-2373.538	-2444.54	71.00167	0.7875019	1.932711	1.353152
9294	-2365.811	-2437.198	71.38678	0.7065389	1.796929	1.231761
9300	-2370.437	-2442.222	71.78435	0.6138974	1.882624	0.8913212
9306	-2368.778	-2439.89	71.1128	0.7204154	1.95847	1.309788
9312	-2366.856	-2437.415	70.55931	0.5955288	1.516685	2.137407
9318	-2373.412	-2443.849	70.43744	0.5371854	1.6056	2.216191
9324	-2376.931	-2447.361	70.42981	0.5561645	1.451994	2.300807
9330	-2374.441	-2444.305	69.86436	0.8660332	1.423074	2.422566
9336	-2372.258	-2442.906	70.64826	0.8879114	1.644942	1.743012
9342	-2372.832	-2442.535	69.7024	0.937006	1.56786	2.384983
9348	-2369.273	-2439.659	70.38672	0.6142639	1.527079	2.225062
9354	-2368.79	-2439.269	70.47855	0.7807846	1.618965	1.961155
9360	-2368.324	-2438.766	70.44136	0.7525205	1.700137	1.954734
9366	-2358.299	-2428.862	70.56218	0.7609418	1.568967	1.954734
9372	-2363.29	-2433.821	70.53099	0.7612019	1.599838	1.954734
9378	-2376.078	-2447.377	71.29863	0.7644911	1.635104	1.375581
9384	-2375.07	-2445.535	70.46408	0.8735388	1.853061	1.737302
9390	-2371.52	-2442.363	70.84339	0.6284829	1.758744	1.751018
9396	-2359.317	-2430.454	71.13627	0.5881883	1.542659	1.737863
9402	-2365.503	-2436.731	71.22837	0.6664678	1.82712	1.378643
9408	-2366.348	-2437.422	71.0742	0.7327496	1.668265	1.550849
9414	-2362.812	-2433.882	71.07009	0.7217504	1.736923	1.513269
9420	-2360.684	-2431.885	71.20174	0.693725	1.804114	1.389146
9426	-2372.878	-2443.534	70.65585	0.9392225	1.800269	1.587312
9432	-2371.539	-2442.732	71.1932	0.5651171	1.730718	1.587312
9438	-2361.767	-2432.591	70.82367	0.6839925	1.730718	1.73141
9444	-2360.835	-2431.158	70.32301	0.6994106	1.598324	2.144892
9450	-2366.503	-2437.044	70.54127	0.7636227	1.567173	1.967771
9456	-2363.096	-2433.692	70.59629	0.9166714	1.620497	1.774702
9462	-2369.861	-2440.797	70.93629	0.6823501	1.485986	1.824826
9468	-2367.53	-2438.502	70.9719	0.6417642	1.491028	1.834692
9474	-2368.396	-2438.523	70.12672	0.8374187	1.556302	2.190563
9480	-2368.167	-2438.362	70.19443	0.7819941	1.52364	2.209845
9486	-2365.711	-2435.529	69.81803	0.9510646	1.52364	2.330351
9492	-2369.031	-2439.846	70.81459	0.7922395	1.531263	1.782341
9498	-2369.461	-2439.565	70.10365	0.859378	1.472231	2.24371
9504	-2374.126	-2445.087	70.9615	0.7855845	1.71742	1.549909
9510	-2371.37	-2441.423	70.05233	0.9088606	1.501961	2.222667
9516	-2366.264	-2436.355	70.09138	0.7865942	1.627523	2.205749
9522	-2365.349	-2434.06	68.71179	0.6168332	1.442057	3.30032
9528	-2362.148	-2431.416	69.26792	0.888655	1.461797	2.752863
9534	-2373.883	-2442.733	68.85039	0.8299402	1.781055	2.852681
9540	-2363.813	-2433.7	69.88793	0.7111215	1.431307	2.518689
9546	-2361.7	-2431.34	69.63968	0.7111215	1.703695	2.503622
9552	-2363.855	-2433.745	69.88973	0.7817091	1.574759	2.37227
9558	-2361.947	-2431.634	69.68753	0.8548958	1.486056	2.501811
9564	-2365.603	-2435.54	69.93646	0.8270463	1.540872	2.330266
9570	-2365.048	-2435.147	70.09883	0.8270463	1.537409	2.228484
9576	-2369.232	-2438.828	69.5957	0.7881914	1.5222	2.584537
9582	-2361.129	-2430.764	69.63581	0.9286209	1.518139	2.463813
9588	-2362.552	-2432.145	69.59282	0.7288472	1.323243	2.753555
9594	-2357.517	-2426.98	69.46267	0.7288472	1.323592	2.83261
9600	-2361.76	-2432.029	70.26872	0.7494317	1.39436	2.270788
9606	-2366.004	-2435.895	69.8906	0.5918934	1.402466	2.636457
9612	-2373.037	-2442.761	69.72362	0.5918934	1.56945	2.636457
9618	-2372.408	-2442.331	69.92267	0.6055586	1.350494	2.636457
9624	-2372.891	-2442.644	69.75338	0.7386649	1.393184	2.604262
9630	-2377.022	-2444.555	67.53208	0.6847911	1.137241	4.105055
9636	-2367.816	-2435.411	67.59491	0.6847911	1.074417	4.105055
9642	-2370.808	-2438.538	67.73046	0.7732601	1.115026	3.940608
9648	-2366.295	-2434.828	68.53318	0.6904199	1.343204	3.40421
9654	-2370.453	-2440.347	69.89385	0.6535673	1.523974	2.504787
9660	-2375.706	-2446.637	70.93103	0.5331237	1.62604	1.880166
9666	-2369.665	-2440.731	71.06598	0.7351174	1.659348	1.56128
9672	-2365.093	-2435.29	70.19675	0.7351174	1.569308	2.216018
9678	-2377.858	-2447.681	69.82327	0.7351174	1.378037	2.57309
9684	-2370.784	-2439.796	69.01235	0.9787175	1.423925	2.873621
9690	-2374.52	-2444.535	70.01586	0.6515615	1.423925	2.492774
9696	-2365.219	-2434.301	69.08209	0.6488915	1.316753	3.128688
9702	-2380.032	-2448.339	68.30683	0.8826108	1.338334	3.404702
9708	-2369.412	-2438.92	69.50795	0.6639576	1.327143	2.85442
9714	-2368.694	-2438.17	69.47529	0.8642171	1.348606	2.711726
9720	-2359.734	-2429.207	69.47364	0.791832	1.433581	2.711726
9726	-2358.676	-2428.179	69.50292	0.791832	1.404302	2.711726
9732	-2373.305	-2443.537	70.23216	0.4856526	1.419095	2.517851
9738	-2375.396	-2445.186	69.79033	0.7677466	1.459434	2.517851
9744	-2374.467	-2443.587	69.11977	0.746332	1.506039	2.916474
9750	-2373.071	-2442.959	69.88782	0.7352348	1.36431	2.541414
9756	-2372.667	-2442.615	69.94778	0.7352348	1.499954	2.418905
9762	-2370.797	-2441.931	71.13358	0.6910597	1.952681	1.328295
9768	-2369.26	-2440.793	71.53314	0.6395841	1.952681	1.041787
9774	-2369.837	-2440.985	71.14801	0.8063723	1.947865	1.202025
9780	-2376.053	-2447.181	71.12785	0.8690601	1.788966	1.291795
9786	-2374.663	-2445.681	71.01766	0.7862594	1.74714	1.485261
9792	-2373.626	-2445.032	71.40661	0.6636637	1.938841	1.140926
9798	-2366.935	-2438.298	71.36309	0.6338805	2.008603	1.153955
9804	-2367.376	-2438.639	71.26309	0.7579093	1.94628	1.153955
9810	-2370.369	-2441.784	71.41485	0.5838024	1.840291	1.312717
9816	-2371.246	-2442.306	71.05975	0.7772278	1.937492	1.312717
9822	-2373.643	-2443.758	70.11542	0.9256521	1.516506	2.160772
9828	-2361.569	-2431.867	70.29834	0.688001	1.559573	2.195804
9834	-2371.757	-2442.143	70.38635	0.6260646	1.555973	2.195804
9840	-2369.351	-2439.968	70.6168	0.68041	1.554499	1.996577
9846	-2372.631	-2443.433	70.80205	0.6556442	1.622095	1.848214
9852	-2372.37	-2441.82	69.45092	0.5564464	1.482237	2.888685
9858	-2374.511	-2443.391	68.88033	0.8866055	1.354953	3.052926
9864	-2367.743	-2436.765	69.02207	0.7811099	1.334081	3.052926
9870	-2369.093	-2438.425	69.33159	0.7811099	1.467123	2.785879
9876	-2366.161	-2435.484	69.32242	0.902569	1.558642	2.650733
9882	-2365.212	-2435.416	70.20405	0.982513	1.654119	1.972654
9888	-2372.49	-2443.696	71.20644	0.7141056	1.811206	1.359117
9894	-2374.964	-2445.604	70.63976	0.5801933	1.604191	2.041881
9900	-2364.582	-2435.356	70.77335	0.6289634	1.645552	1.877052
9906	-2378.358	-2447.923	69.56515	0.6133968	1.567324	2.716038
9912	-2370.339	-2441.086	70.74622	0.7864848	1.875324	1.591206
9918	-2361.493	-2432.063	70.56998	0.777744	1.610861	1.907436
9924	-2362.755	-2432.756	70.00118	0.7958697	1.726731	2.192777
9930	-2367.649	-2436.272	68.62301	0.9147421	1.563113	3.064126
9936	-2374.992	-2443.729	68.73691	0.9003161	1.46472	3.064126
9942	-2377.968	-2447.986	70.01826	0.8156524	1.697475	2.185615
9948	-2370.92	-2441.212	70.29237	0.666018	1.610583	2.185615
9954	-2375.459	-2445.65	70.19091	0.7608139	1.590274	2.185615
9960	-2365.227	-2435.943	70.71597	0.6173108	1.66977	1.910778
9966	-2357.611	-2428.08	70.469	0.76125	1.667733	1.950726
9972	-2359.082	-2430.128	71.04609	0.6916424	1.743779	1.554847
9978	-2364.922	-2435.454	70.53235	0.7151684	1.626658	1.974492
9984	-2365.47	-2435.561	70.09108	0.5538318	1.628564	2.406042
9990	-2361.144	-2430.345	69.20073	0.7281076	1.566785	2.844552
9996	-2369.07	-2438.42	69.34969	0.7333832	1.411173	2.844552
10002	-2366.186	-2436.179	69.99316	0.7118947	1.341726	2.508304
10008	-2367.262	-2437.8	70.53777	0.5706222	1.567445	2.14246
10014	-2369.299	-2439.633	70.33451	0.6992368	1.59078	2.14246
10020	-2367.41	-2438.277	70.86613	0.6380016	1.601619	1.834972
10026	-2359.551	-2430.172	70.62116	0.5320589	1.62006	2.092411
10032	-2360.146	-2430.86	70.7147	0.5160536	1.542483	2.098742
10038	-2360.118	-2430.849	70.73151	0.5398268	1.48783	2.098742
10044	-2363.652	-2435.036	71.38395	0.6399959	1.680429	1.399984
10050	-2366.801	-2437.964	71.16298	0.8008802	1.822739	1.299204
10056	-2363.908	-2435.338	71.43061	0.6517621	1.790269	1.261573
10062	-2375.157	-2445.401	70.24417	0.8267031	1.602494	2.091824
10068	-2367.541	-2438.388	70.84672	0.6144658	1.504336	1.936955
10074	-2362.838	-2432.38	69.54236	0.7251264	1.499962	2.679071
10080	-2367.157	-2436.942	69.78493	0.5238682	1.352903	2.795464
10086	-2367.454	-2435.992	68.53821	0.6781349	1.275839	3.450219
10092	-2374.298	-2441.977	67.67978	0.717954	1.139427	3.994977
10098	-2368.515	-2439.162	70.64603	0.4837079	1.671668	2.094137
10104	-2367.75	-2438.154	70.40359	0.6600799	1.726951	2.041808
10110	-2376.211	-2447.337	71.12634	0.5807051	1.91863	1.480111
10116	-2370.847	-2441.459	70.61205	0.6729241	1.696767	1.910875
10122	-2374.57	-2445.124	70.5544	0.7736958	1.555691	1.958453
10128	-2374.139	-2444.856	70.71692	0.639427	1.831733	1.777663
10134	-2370.54	-2441.224	70.68391	0.8014942	1.594613	1.821357
10140	-2378.044	-2449.251	71.20745	0.817055	1.733183	1.320353
10146	-2379.676	-2450.786	71.10994	0.817055	1.83069	1.320353
10152	-2372.878	-2444.076	71.19851	0.5684646	1.811212	1.520313
10158	-2368.388	-2439.262	70.87342	0.888329	1.663042	1.568365
10164	-2366.825	-2437.599	70.77382	0.5956376	1.547038	1.975515
10170	-2379.901	-2450.114	70.2131	0.6769968	1.488524	2.305648
10176	-2367.729	-2438.301	70.57182	0.6533063	1.714424	1.944036
10182	-2369.114	-2439.901	70.78679	0.6722915	1.889454	1.656005
10188	-2371.814	-2442.123	70.30909	0.876685	1.713722	1.937176
10194	-2370.274	-2440.713	70.43878	0.8183944	1.54097	2.010176
10200	-2371.828	-2441.839	70.01159	0.8439776	1.429878	2.340766
10206	-2363.205	-2433.18	69.97513	0.8719607	1.571055	2.253793
10212	-2365.262	-2435.478	70.21602	0.9236871	1.517	2.096067
10218	-2363.012	-2434.094	71.08171	0.6370739	1.674071	1.633428
10224	-2379.92	-2450.877	70.95792	0.7996485	1.770062	1.500984
10230	-2375.695	-2445.28	69.58429	1.14585	1.832878	2.160631
10236	-2370.427	-2440.092	69.66513	0.8828998	1.80951	2.291927
10242	-2371.38	-2441.682	70.30153	0.6088878	1.515854	2.291927
10248	-2366.807	-2436.902	70.09561	0.7168911	1.575403	2.291927
10254	-2364.309	-2434.489	70.17979	0.7168911	1.633598	2.200357
10260	-2357.829	-2428.741	70.91163	0.4986049	1.622019	1.933888
10266	-2367.318	-2436.896	69.5787	0.8448057	1.477591	2.581911
10272	-2365.584	-2435.232	69.64737	0.5219604	1.453974	2.819519
10278	-2367.366	-2436.716	69.35044	0.6608328	1.453974	2.875564
10284	-2373.807	-2443.429	69.62202	0.8249183	1.463067	2.57816
10290	-2373.699	-2443.75	70.05052	0.6389379	1.410395	2.490456
10296	-2370.119	-2439.262	69.14278	0.6825118	1.305344	3.072258
10302	-2372.061	-2441.386	69.32509	0.5694552	1.282741	3.072258
10308	-2372.622	-2441.7	69.07818	0.7764846	1.354033	3.01072
10314	-2384.368	-2452.603	68.23558	0.7764846	1.286401	3.547927
10320	-2378.897	-2448.004	69.10609	0.8291534	1.620646	2.795337
10326	-2379.582	-2448.971	69.3892	0.7798971	1.395443	2.795337
10332	-2368.16	-2438.762	70.60233	0.7337168	1.578224	1.944228
10338	-2373.029	-2443.433	70.40394	0.9352239	1.6566	1.868842
10344	-2376.775	-2446.979	70.20404	1.003153	1.786942	1.868842
10350	-2367.866	-2438.946	71.08058	0.5658914	1.774018	1.636708
10356	-2372.983	-2443.822	70.83903	0.6263712	1.76252	1.753513
10362	-2370.236	-2441.006	70.77009	0.7551929	1.661927	1.753513
10368	-2366.9	-2437.27	70.36957	0.6954855	1.595754	2.119509
10374	-2374.221	-2444.871	70.6507	0.7713078	1.556566	1.894783
10380	-2358.428	-2428.66	70.23174	0.6237048	1.518593	2.321239
10386	-2363.358	-2433.55	70.19182	0.6374394	1.464714	2.368607
10392	-2371.288	-2442.373	71.08468	0.7146327	1.916435	1.371624
10398	-2381.924	-2452.803	70.87843	1.338371	2.099549	0.8043772
10404	-2381.669	-2452.33	70.66069	0.6252135	1.791985	1.857596
10410	-2372.825	-2442.051	69.22592	0.624541	1.465393	2.974078
10416	-2368.796	-2438.449	69.65305	0.6565185	1.555208	2.632398
10422	-2376.295	-2446.278	69.98305	1.001338	1.447743	2.24054
10428	-2371.407	-2440.934	69.5271	0.7811598	1.437058	2.68461
10434	-2363.293	-2432.998	69.70528	0.6207291	1.467969	2.68461
10440	-2378.073	-2448.057	69.98413	0.443045	1.464428	2.689215
10446	-2370.397	-2440.097	69.70001	0.6994418	1.358806	2.689215
10452	-2372.682	-2442.468	69.78625	0.573405	1.448565	2.689215
10458	-2363.481	-2434.13	70.6491	0.573405	1.486142	2.120107
10464	-2364.893	-2435.363	70.46917	0.4816554	1.611553	2.250333
10470	-2365.901	-2434.87	68.96854	0.9780019	1.41405	2.906519
10476	-2363.701	-2433.308	69.60708	0.7566209	1.365136	2.697972
10482	-2368.234	-2435.4	67.16597	1.110324	1.23814	3.990088
10488	-2365.579	-2433.732	68.15278	0.8570801	1.385831	3.483598
10494	-2362.808	-2431.423	68.61525	0.8666605	1.660455	3.041909
10500	-2366.667	-2436.395	69.72828	0.8112529	1.523197	2.484372
10506	-2370.256	-2439.45	69.19422	1.24909	1.513594	2.553842
10512	-2366.66	-2435.982	69.32195	0.5846504	1.370846	3.007822
10518	-2371.368	-2440.999	69.6315	0.5846504	1.383646	2.8132
10524	-2372.79	-2442.116	69.32619	0.7834832	1.424789	2.8132
10530	-2385.307	-2452.833	67.52605	1.276411	1.328965	3.646936
10536	-2383.388	-2451.763	68.37482	0.5958399	1.21596	3.646936
10542	-2371.805	-2441.744	69.93878	0.7632514	1.505307	2.399315
10548	-2366.786	-2436.824	70.03731	0.5958125	1.517482	2.470147
10554	-2374.507	-2444.764	70.2569	0.7073534	1.393045	2.313215
10560	-2378.971	-2449.014	70.04286	0.4910413	1.45664	2.606496
10566	-2376.416	-2446.038	69.62131	0.7394432	1.523894	2.6045
10572	-2360.616	-2430.126	69.5106	0.8701562	1.480802	2.6045
10578	-2362.753	-2433.083	70.33009	0.8162754	1.494142	2.114458
10584	-2365.541	-2435.527	69.9859	0.8323443	1.460156	2.346283
10590	-2359.022	-2429.308	70.28588	0.6000273	1.459045	2.346283
10596	-2364.276	-2434.298	70.02229	0.7047079	1.406085	2.45557
10602	-2362.158	-2432.696	70.53828	0.5693231	1.626712	2.104643
10608	-2352.717	-2422.217	69.50041	0.6538447	1.44536	2.795532
10614	-2365.244	-2433.692	68.44827	0.9544839	1.444238	3.21389
10620	-2372.577	-2441.585	69.00802	0.6222202	1.418204	3.134538
10626	-2371.035	-2439.884	68.84955	0.9947508	1.367198	2.99617
10632	-2372.687	-2443.81	71.12259	0.607957	1.710156	1.607588
10638	-2376.315	-2446.827	70.51206	0.8798753	1.639858	1.847044
10644	-2374.959	-2445.11	70.15137	0.7699515	1.540687	2.236005
10650	-2374.822	-2445.135	70.31368	0.6471033	1.532654	2.238847
10656	-2373.014	-2441.652	68.63814	0.7959666	1.367891	3.250478
10662	-2368.081	-2438.149	70.0683	0.7215872	1.401267	2.41602
10668	-2371.188	-2441.222	70.03333	0.7110826	1.676633	2.271761
10674	-2366.812	-2437.357	70.54498	0.5602446	1.668987	2.081526
10680	-2366.252	-2436.979	70.72618	0.8202826	1.705686	1.698905
10686	-2369.548	-2440.097	70.54875	0.5741196	1.694296	2.048485
10692	-2377.456	-2448.144	70.68779	0.6065349	1.861956	1.809185
10698	-2379.195	-2449.66	70.46504	0.7590426	1.799964	1.865645
10704	-2378.445	-2449.455	71.01056	0.6395685	1.673474	1.682309
10710	-2381.726	-2451.795	70.06987	0.8550798	1.77541	2.071491
10716	-2382.262	-2452.201	69.93957	0.7370323	1.704725	2.292707
10722	-2370.481	-2440.092	69.61161	0.8658919	1.650379	2.438684
10728	-2380.181	-2450.597	70.41563	0.6320046	1.571643	2.161214
10734	-2374.695	-2443.991	69.2964	0.8391286	1.226223	2.912156
10740	-2373.454	-2441.034	67.5801	0.6514737	1.14464	4.099037
10746	-2371.319	-2439.412	68.09222	0.8048129	1.285142	3.612373
10752	-2370.358	-2439.184	68.82538	0.5282624	1.502353	3.276375
10758	-2356.969	-2427.034	70.06515	0.7765673	1.421208	2.362333
10764	-2366.931	-2437.484	70.55362	0.7132988	1.606006	1.975682
10770	-2370.478	-2441.413	70.93495	0.836639	1.676694	1.555527
10776	-2372.805	-2442.984	70.17876	0.7199145	1.698145	2.156629
10782	-2366.646	-2436.24	69.59395	0.6857446	1.508307	2.673553
10788	-2370.708	-2440.47	69.76224	0.7610419	1.508307	2.509987
10794	-2378.958	-2448.47	69.51181	0.8576259	1.523071	2.586224
10800	-2373.914	-2443.742	69.82807	0.9047624	1.446012	2.404238
10806	-2368.431	-2437.754	69.32277	0.5899321	1.412649	2.977558
10812	-2372.601	-2441.974	69.37371	0.578786	1.277884	3.037729
10818	-2368.61	-2437.371	68.76101	0.6616318	1.613273	3.132956
10824	-2366.881	-2435.599	68.71761	0.6616318	1.273591	3.359383
10830	-2364.735	-2433.735	69.00032	0.8479306	1.376273	2.99404
10836	-2366.631	-2435.797	69.16644	0.5608032	1.585161	2.99404
10842	-2374.85	-2445.65	70.79978	0.6134747	1.575987	1.921235
10848	-2373.399	-2444.554	71.15528	0.6194768	1.851741	1.466171
10854	-2376.485	-2447.59	71.10531	0.5150731	1.673515	1.746999
10860	-2368.305	-2436.247	67.94211	0.9856426	1.500854	3.459551
10866	-2369.963	-2438.569	68.60538	0.917495	1.417774	3.159458
10872	-2368.9	-2438.074	69.17403	0.7785472	1.344884	2.957146
10878	-2367.814	-2436.946	69.13108	0.731662	1.445143	2.957406
10884	-2373.744	-2444.169	70.42558	0.6281084	1.545858	2.175058
10890	-2373.554	-2444.391	70.83717	0.6311325	1.622778	1.846913
10896	-2382.035	-2452.531	70.49569	0.7171246	1.768164	1.902154
10902	-2377.122	-2446.159	69.03647	0.6416592	1.394455	3.115529
10908	-2366.685	-2436.811	70.12508	0.7373917	1.495572	2.307529
10914	-2365.455	-2434.08	68.62506	0.7169767	1.219691	3.402576
10920	-2371.521	-2441.805	70.28391	0.6257859	1.42415	2.346274
10926	-2371.685	-2441.393	69.70847	0.9085099	1.459495	2.468462
10932	-2370.154	-2439.744	69.59021	0.8414316	1.458743	2.588835
10938	-2375.654	-2444.965	69.31059	0.6314921	1.323573	3.002517
10944	-2378.499	-2446.89	68.39058	0.8990429	1.317426	3.357322
10950	-2372.182	-2441.62	69.43842	0.7321798	1.404415	2.795651
10956	-2368.759	-2437.818	69.05951	0.6188113	1.388182	3.124643
10962	-2365.07	-2433.426	68.35607	0.6934585	1.352955	3.499734
10968	-2371.342	-2439.715	68.37323	0.5723413	1.300397	3.619094
10974	-2370.765	-2440.043	69.27822	1.067399	1.566689	2.569832
10980	-2379.916	-2448.592	68.67556	0.710078	1.254403	3.357764
10986	-2367.501	-2436.003	68.50202	0.6470885	1.511806	3.357764
10992	-2368.926	-2437.255	68.3293	0.786577	1.290273	3.483978
10998	-2365.503	-2435.172	69.66985	0.8012727	1.819154	2.341947
11004	-2360.065	-2430.63	70.56502	0.6873673	1.69533	1.930664
11010	-2365.311	-2436.257	70.94634	0.9123749	1.817617	1.37629
11016	-2367.06	-2438.39	71.33072	0.5788346	1.852657	1.375737
11022	-2365.366	-2436.64	71.27369	0.7701289	1.949934	1.127988
11028	-2379.869	-2451.432	71.56277	0.633057	1.834728	1.132039
11034	-2363.304	-2434.329	71.0248	0.5971853	1.68716	1.705287
11040	-2369.981	-2440.929	70.94732	0.4978005	1.719686	1.844111
11046	-2361.153	-2432.223	71.06942	0.6120368	1.632398	1.697261
11052	-2364.08	-2435.091	71.01122	0.5753645	1.764267	1.683102
11058	-2369.746	-2440.588	70.84279	0.7328229	1.838457	1.595647
11064	-2366.282	-2437.162	70.87994	0.6969265	1.847321	1.595647
11070	-2365.873	-2436.949	71.07547	0.639835	1.723171	1.59962
11076	-2360.737	-2431.462	70.72507	0.736838	1.704777	1.770946
11082	-2363.588	-2434.859	71.27094	0.649571	1.752848	1.421189
11088	-2366.518	-2437.931	71.4122	0.649571	1.748658	1.313099
11094	-2373.055	-2444.128	71.07341	0.650057	1.784288	1.545983
11100	-2378.658	-2448.63	69.97128	0.6558715	1.534561	2.447671
11106	-2365.901	-2436.111	70.2103	0.6451537	1.615285	2.253916
11112	-2376.197	-2447.146	70.94897	0.6451537	1.936069	1.530724
11118	-2367.26	-2437.781	70.52086	0.6155676	1.804958	1.95288
11124	-2368.368	-2439.04	70.67162	0.6155676	1.72314	1.906352
11130	-2368.457	-2437.051	68.59419	0.794296	1.367104	3.278058
11136	-2363.693	-2431.807	68.11344	0.9632333	1.547613	3.34511
11142	-2365.584	-2434.262	68.67813	0.7376903	1.373107	3.265694
11148	-2365.597	-2434.265	68.66732	0.894314	1.201396	3.265694
11154	-2370.395	-2439.907	69.51175	0.5003883	1.481723	2.906151
11160	-2363.413	-2433.656	70.24261	0.5562569	1.634047	2.304007
11166	-2370.846	-2439.532	68.68575	0.5451462	1.426503	3.387514
11172	-2386.185	-2456.093	69.90826	0.6543534	1.535787	2.487716
11178	-2372.855	-2441.619	68.76491	0.6394324	1.488658	3.222655
11184	-2369.71	-2440.341	70.63113	0.4487042	1.567675	2.211158
11190	-2369.605	-2439.953	70.34824	0.8211817	1.794142	1.89873
11196	-2365.627	-2437.108	71.48153	0.5280896	1.890032	1.287633
11202	-2370.489	-2441.062	70.57369	0.670751	1.528092	2.051302
11208	-2365.579	-2436.003	70.42381	0.6460101	1.520073	2.176759
11214	-2378.997	-2449.301	70.30397	0.7183987	1.543899	2.176759
11220	-2366.459	-2436.893	70.43392	0.6492353	1.505527	2.176759
11226	-2369.954	-2440.695	70.74109	0.7420466	1.464556	1.920265
11232	-2372.695	-2443.49	70.79548	0.5481832	1.678924	1.920265
11238	-2377.259	-2448.505	71.24648	0.5223867	1.541096	1.732586
11244	-2366.45	-2437.054	70.6039	0.6440614	1.647546	1.975925
11250	-2373.783	-2445.088	71.30495	0.5676842	1.586529	1.608088
11256	-2375.731	-2446.638	70.90736	0.6986183	1.872961	1.555163
11262	-2366.377	-2436.438	70.06112	0.6986183	1.553831	2.342711
11268	-2376.172	-2445.504	69.33248	0.7240987	1.435176	2.847548
11274	-2366.666	-2434.71	68.04395	0.5949231	1.317794	3.780051
11280	-2370.539	-2439.07	68.53105	0.5949231	1.357441	3.474538
11286	-2370.431	-2439.999	69.56773	0.7183265	1.249802	2.821729
11292	-2366.301	-2435.745	69.44364	0.726371	1.363664	2.821729
11298	-2364.772	-2434.243	69.47054	0.7418144	1.538308	2.686743
11304	-2369.057	-2439.008	69.95092	0.5812076	1.543954	2.521071
11310	-2373.777	-2444.056	70.27973	0.7328805	1.590878	2.150037
11316	-2374.621	-2443.957	69.33631	0.7845108	1.604511	2.696478
11322	-2378.626	-2448.634	70.00762	0.6100976	1.444215	2.521582
11328	-2373.295	-2443.139	69.84399	0.6100976	1.479749	2.601167
11334	-2370.012	-2440.636	70.62483	0.8237405	1.66512	1.79552
11340	-2361.708	-2432.539	70.83085	0.635873	1.720318	1.779353
11346	-2364.656	-2434.834	70.17722	0.507746	1.692176	2.357531
11352	-2365.451	-2435.417	69.9662	0.7050221	1.617102	2.357531
11358	-2361.669	-2431.533	69.86362	0.7050221	1.408436	2.552974
11364	-2362.651	-2432.112	69.46074	0.5631627	1.339756	2.962502
11370	-2357.987	-2427.152	69.16524	0.7799969	1.343028	2.962502
11376	-2362.246	-2431.664	69.41817	0.7799969	1.540893	2.688599
11382	-2377.567	-2447.305	69.73802	0.7745356	1.562439	2.481016
11388	-2376.427	-2446.13	69.70265	0.7704313	1.602781	2.481016
11394	-2374.03	-2444.234	70.20438	0.7648959	1.702707	2.100252
11400	-2371.659	-2439.538	67.87835	0.8345545	1.231131	3.747424
11406	-2368.73	-2439.53	70.80013	0.5900213	1.689508	1.866996
11412	-2369.017	-2439.114	70.09683	0.6542982	1.488305	2.399071
11418	-2365.297	-2434.761	69.4639	1.023614	1.696125	2.399071
11424	-2367.087	-2435.937	68.85048	0.6814921	1.542602	3.105902
11430	-2362.167	-2431.64	69.4732	0.6306658	1.575702	2.752208
11436	-2364.366	-2433.426	69.05992	0.8614596	1.700908	2.752208
11442	-2372.24	-2441.792	69.55174	0.6901286	1.654644	2.605761
11448	-2370.573	-2440.019	69.44634	0.6901286	1.457137	2.791671
11454	-2369.322	-2439.966	70.64383	0.6977729	1.718211	1.852268
11460	-2378.078	-2447.612	69.5344	0.9048696	1.360272	2.640812
11466	-2378.656	-2447.859	69.203	0.9048696	1.456571	2.784933
11472	-2365.089	-2435.705	70.61584	0.660975	1.54254	2.022536
11478	-2371.653	-2441.178	69.52425	0.5557166	1.600643	2.772926
11484	-2361.558	-2430.503	68.94537	0.6176026	1.278943	3.258102
11490	-2368.015	-2436.602	68.58677	0.7323318	1.484058	3.258102
11496	-2376.645	-2445.369	68.72429	0.7828922	1.551479	3.099639
11502	-2373.729	-2444.061	70.33196	0.6645917	1.748591	2.070797
11508	-2364.967	-2434.723	69.75619	0.8208636	1.607595	2.406758
11514	-2367.781	-2438.179	70.3985	0.6395958	1.722797	2.066505
11520	-2367.862	-2438.281	70.41843	0.5993834	1.630675	2.151277
11526	-2366.514	-2437.283	70.7688	0.5238521	1.661596	1.975644
11532	-2369.142	-2439.689	70.54756	0.749945	1.540949	1.992351
11538	-2363.72	-2433.968	70.24818	0.8393592	1.642216	2.053448
11544	-2374.496	-2445.696	71.20072	0.6760918	1.632763	1.537824
11550	-2370.456	-2440.528	70.07143	0.8092889	1.895348	2.025857
11556	-2375.047	-2444.377	69.33032	0.7079038	1.646894	2.732519
11562	-2367.487	-2437.63	70.14353	0.8595218	1.690001	2.075945
11568	-2378.116	-2448.963	70.84629	0.7827129	1.675885	1.666167
11574	-2365.524	-2434.707	69.18291	0.8611753	1.612596	2.731198
11580	-2363.425	-2433.662	70.23713	0.8611753	1.491848	2.143252
11586	-2370.575	-2441.317	70.74155	0.6069855	1.667167	1.905241
11592	-2371.745	-2441.685	69.93944	0.8989282	1.66019	2.200294
11598	-2375.11	-2445.844	70.73403	0.8831989	1.672718	1.666321
11604	-2368.514	-2438.978	70.46444	0.7466042	1.56099	2.03706
11610	-2368.055	-2438.104	70.0494	0.9476933	1.549953	2.166904
11616	-2366.851	-2437.277	70.42565	0.6051046	1.602838	2.159297
11622	-2362.654	-2433.042	70.38799	0.750365	1.619316	2.045975
11628	-2368.695	-2438.612	69.91616	0.762428	1.44205	2.454034
11634	-2379.188	-2450.294	71.10556	0.6342796	1.560769	1.700108
11640	-2378.353	-2448.82	70.46782	0.5591604	1.701412	2.111984
11646	-2369.587	-2438.651	69.06462	0.7840501	1.61204	2.857902
11652	-2362.22	-2433.191	70.97098	0.614099	1.744985	1.685126
11658	-2364.195	-2435.214	71.0185	0.614099	1.706641	1.678593
11664	-2367.405	-2437.157	69.75222	0.6926771	1.783855	2.397614
11670	-2366.613	-2436.749	70.13538	0.7069928	1.680265	2.20712
11676	-2371.03	-2441.715	70.68473	0.84456	1.610348	1.775406
11682	-2365.244	-2435.208	69.96376	0.7177805	1.499989	2.422749
11688	-2361.794	-2431.772	69.97781	0.6662744	1.553529	2.422749
11694	-2365.849	-2436.116	70.26629	0.6929952	1.647289	2.155411
11700	-2391.626	-2461.401	69.77554	0.6090172	1.567833	2.589969
11706	-2382.587	-2453.427	70.84022	0.5187288	1.609169	1.96843
11712	-2383.628	-2453.651	70.02325	0.8678698	1.561744	2.231742
11718	-2387.435	-2457.811	70.3764	0.63283	1.468337	2.252616
11724	-2376.254	-2447.479	71.22418	0.7516645	1.765232	1.344006
11730	-2379.046	-2449.712	70.66556	0.6818203	1.707723	1.858932
11736	-2358.984	-2429.322	70.33831	0.6460778	1.641593	2.153284
11742	-2363.888	-2433.385	69.49665	0.7220646	1.576867	2.662269
11748	-2370.802	-2441.087	70.28477	0.6804996	1.473725	2.266271
11754	-2367.271	-2436.984	69.71304	0.8822653	1.566503	2.416228
11760	-2367.772	-2438.922	71.15013	0.5775283	1.721413	1.611818
11766	-2365.184	-2435.386	70.20192	1.037053	1.661355	1.932826
11772	-2363.97	-2434.798	70.82863	0.8266849	1.733245	1.600309
11778	-2364.494	-2435.193	70.69852	0.8603473	1.913201	1.535666
11784	-2370.402	-2441.286	70.88409	0.7866751	2.080971	1.329482
11790	-2373.155	-2444.494	71.33861	0.6272933	1.671029	1.455776
11796	-2364.68	-2435.29	70.61032	0.5480524	1.576075	2.111944
11802	-2371.352	-2441.832	70.47998	0.8154032	1.455469	2.041895
11808	-2372.95	-2443.729	70.77906	0.5143494	1.640016	1.99344
11814	-2362.589	-2433.621	71.03183	0.5795813	1.748417	1.67523
11820	-2368.071	-2438.377	70.30591	0.591331	1.524481	2.29993
11826	-2363.678	-2434.756	71.07854	0.8571881	1.977356	1.18627
11832	-2369.135	-2439.836	70.70045	0.7427208	1.667031	1.809112
11838	-2367.074	-2437.012	69.93844	0.7427208	1.625099	2.339671
11844	-2360.561	-2429.89	69.32875	0.7538485	1.45423	2.815645
11850	-2361.088	-2430.373	69.28416	0.7289286	1.529918	2.815645
11856	-2367.399	-2436.75	69.35103	0.7340541	1.28533	2.919363
11862	-2361.597	-2431.256	69.65836	0.3996276	1.296511	3.037331
11868	-2360.671	-2430.284	69.61267	0.7111787	1.494428	2.650165
11874	-2361.671	-2430.994	69.32255	0.7248074	1.332104	2.915368
11880	-2362.207	-2432.369	70.16197	0.5328976	1.539519	2.438055
11886	-2359.223	-2429.444	70.2209	0.5488028	1.499169	2.410669
11892	-2363.817	-2434.581	70.76421	0.577572	1.55384	1.995228
11898	-2364.77	-2434.809	70.03989	0.577572	1.417206	2.547977
11904	-2373.349	-2441.189	67.84025	0.9202925	1.225287	3.7182
11910	-2372.127	-2442.007	69.87998	0.4819839	1.3378	2.78879
11916	-2377.712	-2447.614	69.90142	0.6361801	1.3378	2.630596
11922	-2371.363	-2441.468	70.10474	0.6855624	1.401965	2.422051
11928	-2382.253	-2452.563	70.31096	0.5959319	1.320183	2.422051
11934	-2382.95	-2453.358	70.40794	0.562745	1.60395	2.21078
11940	-2372.764	-2443.746	70.98239	0.5237152	1.476883	1.956424
11946	-2364.657	-2435.299	70.64218	0.8259773	1.605275	1.823094
11952	-2373.157	-2444.139	70.98196	0.7165571	1.642378	1.651679
11958	-2375.018	-2446.054	71.03575	0.6531936	1.598548	1.704271
11964	-2370.822	-2441.271	70.44888	0.7619408	1.540787	2.048222
11970	-2368.901	-2438.645	69.74404	0.7495594	1.296865	2.661106
11976	-2367.542	-2436.395	68.85266	0.7960954	1.370242	3.121765
11982	-2368.19	-2437.093	68.90263	0.595036	1.354521	3.257944
11988	-2372.494	-2441.1	68.60582	0.6333966	1.282131	3.442695
11994	-2365.45	-2432.822	67.37117	0.8380054	1.233762	4.034652
12000	-2370.158	-2438.6	68.4422	0.8380054	1.393477	3.322125
12006	-2371.75	-2439.888	68.13794	0.7840278	1.281823	3.602074
12012	-2369.515	-2437.687	68.17201	0.6796256	1.379413	3.602074
12018	-2376.749	-2445.522	68.77367	0.4922599	1.403961	3.399178
12024	-2373.575	-2443.775	70.19958	0.5647012	1.365805	2.492519
12030	-2375.217	-2445.382	70.16472	0.6276478	1.568084	2.328861
12036	-2374.935	-2444.691	69.75691	0.8407419	1.417915	2.511039
12042	-2376.147	-2444.263	68.1165	0.7269354	1.355106	3.612783
12048	-2375.033	-2444.552	69.51892	0.7281448	1.313484	2.805103
12054	-2368.794	-2437.247	68.45318	0.5866037	1.238195	3.596456
12060	-2377.6	-2446.842	69.24201	0.5555579	1.451295	3.0338
12066	-2367.313	-2436.762	69.44906	0.5644892	1.230608	3.0338
12072	-2372.69	-2441.046	68.35538	0.7749401	1.246819	3.502274
12078	-2365.94	-2435.138	69.19761	0.6236209	1.423815	3.0168
12084	-2365.791	-2436.337	70.54636	0.6365179	1.430236	2.164056
12090	-2369.094	-2439.749	70.65583	0.6632998	1.686534	1.896906
12096	-2363.925	-2434.504	70.57848	0.6346374	1.651013	1.999335
12102	-2365.012	-2435.024	70.01205	0.7565334	1.479604	2.37444
12108	-2364.365	-2433.87	69.50531	0.8353399	1.422947	2.667652
12114	-2368.085	-2437.986	69.90079	0.6507089	1.427206	2.563179
12120	-2382.235	-2452.536	70.30085	0.7521803	1.54678	2.149328
12126	-2378.11	-2447.558	69.4477	0.7521803	1.454597	2.744155
12132	-2374.263	-2443.304	69.04099	0.7990838	1.330539	3.030913
12138	-2378.286	-2447.365	69.07952	0.6855955	1.384097	3.060567
12144	-2375.946	-2444.935	68.98861	0.7883143	1.251659	3.116932
12150	-2367.178	-2436.303	69.12469	0.7105882	1.354362	3.031839
12156	-2368.818	-2438.369	69.55063	0.82381	1.356477	2.688802
12162	-2378.408	-2449.374	70.96578	0.690947	1.704082	1.642827
12168	-2367.375	-2438.502	71.12665	0.675506	1.70438	1.540223
12174	-2369.681	-2438.525	68.844	0.7260079	1.38541	3.168928
12180	-2379.179	-2447.767	68.58858	0.9319376	1.599454	3.052073
12186	-2379.275	-2448.037	68.76236	0.9319376	1.366562	3.087379
12192	-2390.556	-2459.138	68.58122	0.8172456	1.460923	3.214353
12198	-2384.974	-2453.238	68.26474	0.9569508	1.680574	3.181082
12204	-2371.977	-2442.139	70.16228	0.9642059	1.673656	1.999991
12210	-2375.193	-2444.664	69.47104	0.5573104	1.483133	2.875171
12216	-2383.642	-2453.513	69.87179	0.5573104	1.697303	2.497248
12222	-2382.851	-2452.833	69.98226	0.6817455	1.535449	2.418301
12228	-2367.305	-2437.166	69.86123	0.7199107	1.60686	2.418301
12234	-2365.32	-2435.111	69.79123	0.6428177	1.60686	2.526329
12240	-2369.984	-2440.068	70.08358	0.6647333	1.669511	2.283265
12246	-2368.878	-2439.099	70.22137	0.7587342	1.771902	2.048439
12252	-2373.081	-2443.815	70.73382	0.5148062	1.738019	1.957623
12258	-2368.371	-2438.622	70.25101	0.7527399	1.414773	2.266435
12264	-2368.83	-2438.635	69.80518	0.8855984	1.454873	2.426209
12270	-2374.245	-2444.928	70.68245	0.6646475	1.677616	1.883633
12276	-2372.021	-2442.817	70.7962	0.8374108	1.597362	1.712069
12282	-2377.63	-2448.445	70.81538	0.6206491	1.732279	1.796656
12288	-2382.798	-2453.778	70.97995	0.9495151	1.79651	1.335346
12294	-2375.157	-2446.288	71.13065	0.7480315	1.855949	1.349824
12300	-2377.628	-2448.106	70.4783	0.9527459	1.813861	1.695093
12306	-2378.852	-2449.03	70.17785	1.026267	1.608441	1.99155
12312	-2375.529	-2445.567	70.03774	0.5748879	1.406506	2.558466
12318	-2379.153	-2445.887	66.73338	0.5991645	1.259225	4.554738
12324	-2368.876	-2436.601	67.72532	0.5991645	1.28415	3.978702
12330	-2374.478	-2445.015	70.53715	0.66466	1.735681	1.942673
12336	-2365.118	-2435.1	69.98213	0.66466	1.488165	2.462501
12342	-2374.517	-2441.597	67.08034	1.005165	1.28072	4.072233
12348	-2368.776	-2437.657	68.88132	0.7710279	1.327667	3.14791
12354	-2376.739	-2446.64	69.90152	0.7722793	1.37943	2.494934
12360	-2378.857	-2448.862	70.00493	0.8790782	1.494442	2.278782
12366	-2369.015	-2437.674	68.65881	0.7445435	1.427482	3.239933
12372	-2367.452	-2437.658	70.20653	0.5814384	1.513913	2.379141
12378	-2367.805	-2437.962	70.15741	0.7985764	1.59201	2.176756
12384	-2378.861	-2450.414	71.55354	0.5265606	1.777957	1.322086
12390	-2367.043	-2438.18	71.13652	0.6513678	1.710346	1.552652
12396	-2363.579	-2434.547	70.96769	0.7137279	1.710346	1.615599
12402	-2367.51	-2438.158	70.64798	0.4634338	1.631376	2.142024
12408	-2370.888	-2441.258	70.36976	0.6040106	1.592334	2.203398
12414	-2368.254	-2438.462	70.2085	0.6034162	1.75445	2.203398
12420	-2372.515	-2442.295	69.77913	0.7699206	1.922254	2.230021
12426	-2374.717	-2445.718	71.00152	0.7346259	1.894379	1.433666
12432	-2368.18	-2439.292	71.1121	0.7052944	1.821195	1.433666
12438	-2364.342	-2435.367	71.02514	0.7052944	1.73829	1.561212
12444	-2363.724	-2433.795	70.07143	0.6929279	1.491846	2.380205
12450	-2364.903	-2433.858	68.95467	0.8588124	1.339983	3.035815
12456	-2367.775	-2437.458	69.68259	0.7762981	1.71729	2.417217
12462	-2362.002	-2431.333	69.33071	0.6896523	1.326617	2.941137
12468	-2366.483	-2435.332	68.84948	0.6896523	1.174729	3.317977
12474	-2367.703	-2436.314	68.61101	0.7691271	1.312767	3.317977
12480	-2364.814	-2433.51	68.69592	0.7788111	1.412314	3.202124
12486	-2363.793	-2433.637	69.84338	0.7788111	1.504059	2.448314
12492	-2360.331	-2430.149	69.81704	0.8373773	1.461769	2.448314
12498	-2362.243	-2432.37	70.12665	0.7708687	1.642261	2.185627
12504	-2357.254	-2427.882	70.62814	0.7765186	1.771291	1.758121
12510	-2366.565	-2437.694	71.12884	0.8971308	1.928896	1.146101
12516	-2361.483	-2431.566	70.0837	0.6803979	1.857787	2.148055
12522	-2366.565	-2437.348	70.78313	0.5406008	1.712392	1.913965
12528	-2370.74	-2441.319	70.57895	1.030971	1.865121	1.527822
12534	-2366.386	-2436.475	70.08895	0.643769	1.47245	2.423167
12540	-2369.591	-2440.014	70.4232	0.8604631	1.737864	1.855531
12546	-2364.792	-2435.561	70.76941	0.6197228	1.862088	1.739117
12552	-2369.399	-2440.111	70.71153	0.8397568	1.640939	1.739117
12558	-2377.052	-2447.763	70.71143	0.5533486	1.729873	1.937219
12564	-2372.68	-2443.636	70.95596	0.5088148	1.871819	1.719747
12570	-2381.593	-2452.765	71.17228	0.7811499	1.97737	1.181489
12576	-2380.178	-2451.07	70.89207	0.9387819	2.109435	1.15655
12582	-2370.41	-2441.481	71.07022	0.5782634	1.838306	1.584109
12588	-2369.259	-2438.69	69.4309	0.8530286	1.571475	2.609551
12594	-2377.042	-2448.249	71.20698	0.6332219	1.737257	1.498914
12600	-2376.163	-2446.752	70.58827	0.8943709	1.781018	1.684326
12606	-2367.727	-2438.88	71.15264	0.7117167	1.914054	1.322456
12612	-2377.781	-2449.06	71.27855	0.7117167	2.015332	1.130403
12618	-2374.846	-2445.576	70.73044	0.6685871	1.88401	1.703539
12624	-2376.334	-2447.401	71.06712	0.7478298	1.783311	1.455835
12630	-2374.677	-2445.274	70.59731	0.6663551	1.902139	1.786248
12636	-2375.252	-2446.467	71.21562	0.6994133	1.862491	1.326069
12642	-2361.035	-2431.413	70.37851	0.7576063	1.776142	1.941678
12648	-2365.762	-2436.386	70.62438	0.7060935	1.595175	1.941678
12654	-2368.609	-2438.275	69.66685	0.6983505	1.552333	2.591174
12660	-2378.669	-2449.414	70.74523	0.7499409	1.696588	1.75119
12666	-2371.296	-2442.72	71.42453	0.5767275	1.935894	1.234715
12672	-2371.476	-2442.788	71.31192	0.6323544	2.212345	1.014176
12678	-2363.209	-2434.009	70.79985	0.7535757	1.818695	1.62238
12684	-2366.754	-2437.607	70.85321	0.8118402	1.661983	1.646477
12690	-2373.537	-2445.169	71.63226	0.5622247	1.71103	1.267216
12696	-2372.587	-2443.754	71.16722	0.5690769	1.788575	1.559558
12702	-2369.223	-2439.17	69.94776	0.8858726	1.543197	2.279397
12708	-2366.897	-2437.132	70.23521	0.7558214	1.406549	2.279397
12714	-2363.295	-2433.407	70.11237	0.5568764	1.265202	2.616707
12720	-2373.193	-2443.186	69.99271	0.7197774	1.700698	2.275231
12726	-2366.721	-2437.557	70.83663	0.8420576	1.680372	1.620098
12732	-2367.978	-2439.168	71.18979	0.5004779	1.711434	1.677411
12738	-2368.641	-2438.317	69.67564	0.7175	1.407639	2.659842
12744	-2366.163	-2435.931	69.76847	0.5917274	1.486903	2.659842
12750	-2371.721	-2441.777	70.05576	0.5917274	1.590326	2.416514
12756	-2373.705	-2443.561	69.85654	0.5973711	1.667383	2.488051
12762	-2361.815	-2431.38	69.56455	0.6341797	1.465097	2.760959
12768	-2370.303	-2440.043	69.73996	0.6627736	1.555598	2.573111
12774	-2373.965	-2443.328	69.36318	0.7568271	1.424445	2.810587
12780	-2374.699	-2443.4	68.70113	0.9211267	1.325773	3.154938
12786	-2365.837	-2434.935	69.09806	0.7287461	1.201193	3.125353
12792	-2372.542	-2443.818	71.27537	0.6562456	1.882866	1.307839
12798	-2367.24	-2437.695	70.45556	0.7256398	1.573218	2.052247
12804	-2366.578	-2437.224	70.64552	0.7875822	1.612532	1.846767
12810	-2369.235	-2440.095	70.86021	0.7033769	1.634144	1.755693
12816	-2375.842	-2446.437	70.59584	0.8883068	1.654315	1.772789
12822	-2367.135	-2436.526	69.39173	0.7465776	1.564939	2.715118
12828	-2363.158	-2432.898	69.74066	0.6376406	1.359106	2.715118
12834	-2366.17	-2435.166	68.9965	0.4970668	1.273126	3.340462
12840	-2370.38	-2441.201	70.82019	0.878374	1.682811	1.600787
12846	-2376.292	-2445.878	69.58564	0.878374	1.687522	2.422946
12852	-2374.431	-2443.617	69.18524	0.6370834	1.571062	2.924353
12858	-2365.713	-2434.808	69.0943	0.7048308	1.571062	2.924353
12864	-2366.831	-2435.939	69.10722	0.5486144	1.532901	3.072004
12870	-2367.345	-2436.057	68.71166	0.7574873	1.220432	3.321455
12876	-2363.462	-2432.456	68.99344	0.5443967	1.232405	3.321455
12882	-2362.443	-2432.583	70.13992	0.6126597	1.477933	2.415177
12888	-2362.978	-2432.908	69.93059	0.7761826	1.399407	2.461258
12894	-2375.502	-2446.46	70.95735	0.8467736	1.612061	1.578076
12900	-2367.793	-2439.153	71.36078	0.802294	1.896099	1.061988
12906	-2372.99	-2444.115	71.12457	0.8550588	2.05489	1.077685
12912	-2377.413	-2448.666	71.2525	0.7320907	2.111009	1.04183
12918	-2379.588	-2450.965	71.3767	0.7463979	2.147122	0.8523698
12924	-2372.838	-2442.539	69.70191	0.6969228	1.726499	2.461899
12930	-2367.143	-2437.514	70.3709	0.7416054	1.657572	2.039161
12936	-2363.491	-2433.165	69.67439	0.617933	1.533862	2.665525
12942	-2361.568	-2432.422	70.8541	0.6050588	1.630011	1.855782
12948	-2360.273	-2430.23	69.95705	0.7410515	1.478027	2.422293
12954	-2372.451	-2441.963	69.51201	0.8865721	1.587861	2.525902
12960	-2365.635	-2435.074	69.43858	0.4347979	1.373035	3.083567
12966	-2364.598	-2433.497	68.89867	0.7547297	1.438272	3.083567
12972	-2376.343	-2447.033	70.69071	0.9119743	1.853682	1.543675
12978	-2372.297	-2443.489	71.19248	0.6703294	1.885945	1.356473
12984	-2378.76	-2448.249	69.48914	0.8033924	1.552921	2.620329
12990	-2383.571	-2452.752	69.18067	0.9846508	1.623036	2.64555
12996	-2368.796	-2438.158	69.3621	0.7665586	1.683185	2.64555
13002	-2368.863	-2439.872	71.00984	0.5239725	1.738712	1.758152
13008	-2365.517	-2436.645	71.12817	0.8099187	1.83878	1.30582
13014	-2369.294	-2440.596	71.30269	0.7124557	1.881349	1.225056
13020	-2375.731	-2447.224	71.49332	0.5594605	1.767886	1.337268
13026	-2367.145	-2436.93	69.78575	0.8641579	1.639588	2.336594
13032	-2376.973	-2448.519	71.54578	0.4936091	1.716243	1.419099
13038	-2372.766	-2442.849	70.08305	0.6711069	1.800409	2.193807
13044	-2372.601	-2442.847	70.24638	0.6711069	1.714488	2.143507
13050	-2377	-2446.981	69.98121	0.687288	1.456631	2.463912
13056	-2376.159	-2445.747	69.58823	0.5523862	1.39094	2.864615
13062	-2371.57	-2441.129	69.55882	0.6618923	1.483248	2.730061
13068	-2375.178	-2446.094	70.91626	0.7434261	1.665818	1.657662
13074	-2383.244	-2453.956	70.71178	0.7434261	1.514946	1.90483
13080	-2374.084	-2443.516	69.43189	0.7377271	1.426699	2.781811
13086	-2369.542	-2440.25	70.70773	0.9508131	1.852567	1.501338
13092	-2365.499	-2436.264	70.76489	0.8751593	1.924309	1.46521
13098	-2369.633	-2439.708	70.07485	0.734576	1.65253	2.241392
13104	-2373.586	-2443.491	69.90532	0.7897591	1.467986	2.423791
13110	-2375.757	-2446.07	70.31311	0.4945328	1.595496	2.346482
13116	-2368.559	-2439.405	70.84602	0.6186684	1.48099	1.949111
13122	-2362.525	-2433.519	70.99438	0.6192913	1.497384	1.836545
13128	-2364.828	-2435.229	70.40166	0.757867	1.680641	1.989979
13134	-2371.177	-2442.348	71.17132	0.5196401	1.554303	1.778982
13140	-2362.265	-2432.165	69.90034	0.8793282	1.428075	2.387408
13146	-2360.005	-2429.492	69.48735	0.7987511	1.515738	2.647758
13152	-2365.404	-2435.655	70.25171	0.7313547	1.769791	2.052281
13158	-2359.475	-2430.22	70.74504	0.6207909	1.631844	1.91343
13164	-2371.791	-2441.514	69.72306	0.6917419	1.439238	2.631694
13170	-2377.708	-2448.131	70.4233	0.7056016	1.624087	2.056905
13176	-2388.441	-2457.935	69.49437	0.7056016	1.497109	2.725602
13182	-2366.296	-2436.009	69.71328	0.8327197	1.586487	2.438486
13188	-2371.05	-2441.842	70.79195	0.7906591	1.659271	1.709831
13194	-2370.244	-2439.401	69.15688	0.7906591	1.434542	2.904694
13200	-2370.766	-2440.434	69.66801	0.5311628	1.341679	2.866225
13206	-2373.452	-2443.176	69.72474	0.638647	1.341679	2.734681
13212	-2366.408	-2436.005	69.59727	0.638647	1.469143	2.734681
13218	-2372.125	-2443.35	71.22477	0.647484	1.627029	1.552947
13224	-2372.589	-2443.367	70.77783	0.5288211	1.537277	2.047085
13230	-2377.129	-2447.831	70.70176	0.6168994	1.51839	2.022209
13236	-2378.187	-2446.941	68.75393	0.7528581	1.345492	3.22607
13242	-2366.714	-2436.52	69.80624	0.6612303	1.621195	2.492253
13248	-2373.977	-2444.52	70.54259	0.8525251	1.65595	1.835939
13254	-2367.241	-2437.902	70.66071	0.6646533	1.65595	1.913091
13260	-2369.678	-2440.873	71.19504	0.6467611	1.883709	1.381467
13266	-2370.894	-2442.148	71.2545	0.6309387	1.71307	1.483775
13272	-2370.818	-2442.18	71.36198	0.7613911	1.852258	1.145873
13278	-2372.966	-2443.812	70.84631	0.5905602	1.653276	1.859652
13284	-2385.57	-2455.677	70.10708	0.6726153	1.410779	2.425871
13290	-2378.323	-2447.988	69.66479	0.8342263	1.414312	2.575238
13296	-2379.236	-2449.665	70.42914	0.8397925	1.596065	1.963371
13302	-2373.999	-2444.449	70.44932	0.8397925	1.522333	1.999186
13308	-2384.714	-2455.196	70.48139	0.5986401	1.497441	2.197606
13314	-2386.089	-2455.757	69.66852	1.030547	1.497441	2.391029
13320	-2387.41	-2457.689	70.27884	0.7834455	1.790493	1.977904
13326	-2383.068	-2452.946	69.8782	0.9200287	1.495239	2.330894
13332	-2370.697	-2438.645	67.94784	0.8708559	1.26485	3.664143
13338	-2366.324	-2434.365	68.04033	0.8688	1.303743	3.589268
13344	-2368.886	-2438.586	69.69988	0.7270504	1.520905	2.567314
13350	-2365.367	-2435.117	69.74968	0.7125061	1.289952	2.690619
13356	-2370.933	-2440.139	69.20583	0.6489112	1.288973	3.071465
13362	-2371.697	-2440.575	68.8777	0.7000146	1.515472	3.091342
13368	-2365.611	-2434.645	69.03359	0.6853255	1.37884	3.091342
13374	-2363.763	-2432.441	68.67774	0.6253979	1.305672	3.393364
13380	-2367.992	-2436.664	68.67206	1.003461	1.336685	3.115313
13386	-2382.703	-2451.126	68.42301	1.039506	1.425963	3.189176
13392	-2374.474	-2444.299	69.82434	1.039506	1.607698	2.215502
13398	-2376.341	-2446.2	69.85826	0.9569623	1.656456	2.215502
13404	-2370.187	-2440.723	70.53652	0.9005573	1.574508	1.859597
13410	-2372.336	-2442.39	70.05372	0.7356802	1.466517	2.37274
13416	-2371.332	-2441.767	70.43503	0.7356802	1.698918	1.973856
13422	-2374.183	-2444.246	70.063	0.7356802	1.669432	2.237246
13428	-2371.166	-2440.357	69.19095	0.7356705	1.569439	2.843094
13434	-2380.233	-2449.348	69.11447	0.989694	1.562849	2.720093
13440	-2376.226	-2445.659	69.43385	0.8266154	1.29123	2.798121
13446	-2369.631	-2438.06	68.42891	0.7227453	1.228185	3.50798
13452	-2364.392	-2434.477	70.08482	0.5691923	1.437938	2.514907
13458	-2376.675	-2446.602	69.9264	0.8060681	1.376199	2.456129
13464	-2374.205	-2444.179	69.97366	0.8060681	1.328941	2.456129
13470	-2376.897	-2447.197	70.29954	0.8060681	1.603129	2.070758
13476	-2377.02	-2447.432	70.41217	0.8018678	1.495438	2.070758
13482	-2368.636	-2438.855	70.21882	0.8018678	1.688791	2.070758
13488	-2369.846	-2439.985	70.13915	0.7615106	1.692602	2.152203
13494	-2376.657	-2447.367	70.71087	0.8303458	1.660353	1.733502
13500	-2369.25	-2440.015	70.76501	0.7681249	1.67973	1.733502
13506	-2368.728	-2438.957	70.22868	0.795729	1.511979	2.184623
13512	-2367.493	-2436.64	69.14722	0.7057165	1.328947	3.037331
13518	-2369.352	-2438.477	69.12529	0.8157901	1.215935	3.037331
13524	-2378.145	-2445.982	67.83745	1.131338	1.333651	3.53663
13530	-2374.783	-2442.46	67.67709	0.9444297	1.387841	3.703851
13536	-2373.48	-2442.739	69.2588	0.7604796	1.343184	2.920319
13542	-2372.963	-2441.701	68.73777	0.7729111	1.397894	3.190088
13548	-2365.842	-2434.785	68.94283	0.7434461	1.229005	3.190088
13554	-2367.193	-2436.618	69.42509	0.5857129	1.394516	2.930631
13560	-2375.529	-2444.825	69.29657	0.7039935	1.514096	2.837098
13566	-2361.281	-2430.584	69.30319	0.6607064	1.344916	2.969955
13572	-2371.866	-2441.232	69.36598	0.6741736	1.373256	2.90411
13578	-2365.534	-2435.052	69.51789	0.6119658	1.2616	2.931769
13584	-2372.233	-2440.815	68.58187	0.571739	1.361855	3.462362
13590	-2363.116	-2432.264	69.14857	0.7395213	1.41001	2.962091
13596	-2367.998	-2437.072	69.07403	0.7013991	1.265882	3.122006
13602	-2368.725	-2439.184	70.45843	0.6083448	1.544432	2.172922
13608	-2364.183	-2434.322	70.13952	0.8243934	1.360008	2.318073
13614	-2365.159	-2435.076	69.91673	0.8744328	1.526282	2.318073
13620	-2367.014	-2435.501	68.4867	0.7801121	1.143682	3.482191
13626	-2369.771	-2438.222	68.45059	0.5608663	1.516167	3.458524
13632	-2370.205	-2440.094	69.88931	0.9891553	1.526902	2.257777
13638	-2371.853	-2442.425	70.57168	0.6682345	1.678904	1.954397
13644	-2364.927	-2435.647	70.71988	0.5930274	1.596722	1.980921
13650	-2382.974	-2452.527	69.55338	0.7171193	1.460928	2.702534
13656	-2371.49	-2440.522	69.03187	1.177713	1.496829	2.702534
13662	-2363.147	-2432.57	69.42302	1.182288	1.714586	2.319682
13668	-2368.58	-2439.212	70.63208	0.7402991	1.615968	1.893006
13674	-2363.708	-2434.089	70.38107	0.7631462	1.682883	1.997908
13680	-2372.665	-2442.791	70.12528	0.6129576	1.518583	2.398494
13686	-2367.422	-2437.809	70.38699	0.726797	1.671506	2.031601
13692	-2368.336	-2438.463	70.12689	0.6616208	1.704888	2.235447
13698	-2368.462	-2438.36	69.8987	0.7379118	1.456285	2.475083
13704	-2368.496	-2438.092	69.59575	0.6731926	1.584899	2.635543
13710	-2368.474	-2439.327	70.85297	0.5332095	1.644514	1.920507
13716	-2371.914	-2442.117	70.20357	0.965873	1.644514	1.990742
13722	-2367.587	-2437.568	69.98097	0.7573672	1.658654	2.279553
13728	-2368.117	-2438.568	70.45178	0.8130793	1.737585	1.873166
13734	-2358.831	-2429.156	70.32508	0.5812098	1.686491	2.193019
13740	-2364.328	-2434.702	70.3734	0.9167118	1.731227	1.852105
13746	-2375.925	-2446.312	70.38767	0.7737987	1.712486	1.965038
13752	-2368.737	-2439.273	70.53598	0.5826442	1.4762	2.191245
13758	-2358.066	-2428.203	70.13717	0.7865109	1.508593	2.252956
13764	-2357.983	-2428.193	70.21055	0.7623366	1.683028	2.111156
13770	-2363.597	-2434.219	70.62234	0.6390062	1.419118	2.119491
13776	-2363.309	-2434.393	71.08332	0.7602734	1.693499	1.49987
13782	-2353.923	-2424.743	70.82002	0.641191	1.693499	1.800345
13788	-2358.231	-2427.895	69.66464	0.6677629	1.431347	2.692142
13794	-2360.044	-2428.867	68.82312	0.6677629	1.431347	3.199183
13800	-2361.334	-2430.236	68.90203	0.6414432	1.276227	3.265525
13806	-2360.856	-2430.308	69.45125	0.5999179	1.451244	2.867967
13812	-2367.377	-2436.849	69.47152	0.6153101	1.408791	2.867967
13818	-2374.109	-2443.677	69.56885	0.548782	1.410357	2.867967
13824	-2387.567	-2456.185	68.61812	0.576639	1.217076	3.521405
13830	-2376.405	-2446.052	69.64695	0.5375938	1.528947	2.758981
13836	-2364.912	-2435.301	70.38894	0.8126373	1.485089	2.084552
13842	-2369.438	-2438.753	69.31458	0.8062725	1.578652	2.709846
13848	-2360.994	-2430.915	69.9203	0.7359783	1.548993	2.404721
13854	-2362.547	-2432.141	69.59426	0.6751861	1.477317	2.701013
13860	-2367.143	-2436.433	69.29022	0.8721612	1.444645	2.760794
13866	-2368.913	-2437.454	68.54094	0.7575829	1.281924	3.38557
13872	-2370.552	-2438.561	68.00894	0.7380485	1.692093	3.47107
13878	-2373.598	-2442.821	69.22228	0.6320949	1.626152	2.872896
13884	-2372.535	-2441.427	68.89109	0.8876599	1.642319	2.872896
13890	-2369.782	-2438.191	68.40933	0.7514871	1.57893	3.292723
13896	-2371.712	-2441.719	70.00686	0.5960872	1.583803	2.447379
13902	-2372.858	-2443.293	70.43555	0.5292594	1.468677	2.313305
13908	-2373.655	-2443.315	69.65998	0.850616	1.499447	2.513665
13914	-2372.76	-2442.503	69.74282	0.7639485	1.43308	2.566703
13920	-2369.464	-2439.21	69.74658	0.6621613	1.560133	2.566703
13926	-2373.036	-2443.112	70.07665	0.7692035	1.448075	2.343631
13932	-2368.693	-2439.196	70.50248	0.7448638	1.519265	2.04093
13938	-2374.27	-2444.464	70.19409	0.8033756	1.583659	2.154662
13944	-2379.616	-2451.007	71.39118	0.5607053	1.81933	1.375912
13950	-2371.364	-2442.801	71.43727	0.4958544	1.691463	1.517342
13956	-2367.053	-2437.801	70.74818	0.7119455	1.643071	1.819586
13962	-2371.39	-2441.531	70.14047	0.9362182	1.557606	2.110304
13968	-2368.775	-2439.727	70.95107	0.7568791	1.81254	1.512876
13974	-2364.065	-2435.116	71.05136	0.7568791	1.815086	1.435049
13980	-2360.512	-2431.11	70.59723	0.6586395	1.757592	1.89274
13986	-2371.887	-2442.632	70.74526	0.6409591	1.494169	1.986833
13992	-2368.691	-2439.058	70.36686	0.5528023	1.702345	2.183535
13998	-2368.557	-2439.454	70.89703	0.7151886	1.542345	1.783402
14004	-2379.954	-2449.801	69.84756	0.8587724	1.577231	2.340768
14010	-2369.232	-2438.488	69.25682	1.135308	1.440194	2.622308
14016	-2368.817	-2439.203	70.38599	0.7101451	1.586708	2.102217
14022	-2370.545	-2441.366	70.82133	0.6432415	1.72893	1.772865
14028	-2376.217	-2446.003	69.78589	0.8020943	1.623419	2.391852
14034	-2375.277	-2445.952	70.67549	0.8545382	1.804959	1.636293
14040	-2373.458	-2443.632	70.17389	0.696293	1.708131	2.173118
14046	-2371.675	-2441.291	69.61568	0.9383344	1.601108	2.417865
14052	-2366.55	-2436.904	70.35348	0.5499162	1.694899	2.199911
14058	-2363.864	-2435.222	71.3577	0.6231472	1.892899	1.269938
14064	-2365.002	-2435.628	70.62602	0.9027013	2.007315	1.484721
14070	-2370.011	-2440.818	70.80709	0.6871569	1.630075	1.810173
14076	-2365.466	-2436.328	70.86219	0.7131278	1.541182	1.810173
14082	-2366.408	-2437.745	71.33673	0.5377197	1.747319	1.50016
14088	-2378.65	-2450.227	71.57673	0.5377197	1.674188	1.372113
14094	-2373.333	-2444.176	70.8429	0.5996823	1.94026	1.651991
14100	-2370.588	-2441.53	70.94201	0.5645715	1.637814	1.831252
14106	-2379.323	-2450.346	71.02335	0.4886167	1.677707	1.831252
14112	-2372.814	-2443.24	70.4258	0.6879507	1.836123	1.929081
14118	-2376.387	-2446.126	69.73903	0.6551925	1.456924	2.641107
14124	-2369.489	-2440.172	70.68246	0.6258101	1.572991	1.990281
14130	-2370.299	-2440.618	70.3187	0.8535915	1.768239	1.911239
14136	-2368.421	-2437.105	68.6839	0.561296	1.428921	3.372584
14142	-2367.64	-2436.825	69.18583	0.9046521	1.413108	2.821972
14148	-2367.188	-2436.356	69.16822	0.686181	1.446049	2.969799
14154	-2374.986	-2445.043	70.05728	0.649398	1.269247	2.565212
14160	-2373.198	-2444.102	70.90438	0.6743506	1.546142	1.812692
14166	-2374.791	-2445.491	70.69955	0.8340902	1.67738	1.726473
14172	-2357.636	-2427.768	70.13118	0.6973344	1.67738	2.2198
14178	-2368.036	-2438.229	70.19286	0.8123325	1.766424	2.028469
14184	-2365.394	-2436.385	70.99195	0.8123325	1.805658	1.436911
14190	-2376.726	-2447.348	70.62162	0.7161917	1.836556	1.769427
14196	-2371.92	-2442.968	71.04882	0.678923	1.851821	1.484823
14202	-2376.499	-2447.162	70.66258	0.7594476	1.842505	1.698398
14208	-2370.577	-2441.676	71.09902	0.734678	1.771394	1.453113
14214	-2363.15	-2434.28	71.12996	0.874039	1.778657	1.293983
14220	-2375.03	-2446.234	71.20302	0.8783862	1.937817	1.089449
14226	-2375.566	-2446.518	70.95155	1.005648	2.153653	0.9956417
14232	-2363.826	-2435.324	71.49748	0.6812123	1.97882	0.9956417
14238	-2367.688	-2438.942	71.25398	0.8937026	1.97882	0.9843761
14244	-2377.705	-2448.679	70.97459	1.036487	2.11141	0.9843761
14250	-2373.794	-2444.94	71.14545	0.9182283	2.059928	0.9854083
14256	-2366.844	-2438.058	71.21337	0.8212185	1.875321	1.193334
14262	-2372.041	-2443.126	71.0855	0.7529979	1.841893	1.391587
14268	-2370.071	-2441.44	71.36893	0.5800074	1.693219	1.467904
14274	-2372.231	-2440.745	68.51465	0.6051853	1.448207	3.422327
14280	-2362.959	-2432.477	69.51814	0.57767	1.535972	2.795806
14286	-2370.364	-2439.569	69.20542	0.6540735	1.403188	2.999104
14292	-2382.258	-2452.745	70.48698	0.6849011	1.614995	2.038703
14298	-2371.823	-2442.437	70.61325	0.6661343	1.524765	2.031423
14304	-2374.641	-2445.754	71.11275	0.7054084	1.75293	1.484986
14310	-2373.865	-2444.724	70.85898	0.9573784	1.75293	1.457216
14316	-2363.549	-2434.365	70.81634	0.9543754	1.826682	1.435813
14322	-2368.614	-2439.566	70.95209	0.8993356	1.872596	1.339334
14328	-2362.301	-2433.564	71.26327	0.6246563	1.917755	1.324802
14334	-2363.975	-2434.14	70.16462	0.5717248	1.640377	2.3347
14340	-2363.91	-2434.11	70.20001	0.7040214	1.47738	2.298443
14346	-2359.182	-2428.54	69.3577	0.7940556	1.476366	2.754878
14352	-2369.572	-2440.058	70.48557	0.5866697	1.551369	2.171314
14358	-2371.008	-2441.495	70.48686	0.8773098	1.829445	1.734967
14364	-2373.52	-2444.746	71.2257	0.7446079	1.873487	1.262027
14370	-2374.346	-2446.091	71.74495	0.5908888	2.055322	0.7648118
14376	-2377.848	-2449.067	71.21881	0.834041	2.024314	1.039952
14382	-2377.797	-2449.38	71.58281	0.6577652	1.879927	1.039952
14388	-2371.132	-2442.422	71.29058	0.8610482	1.782085	1.167936
14394	-2371.491	-2442.798	71.30671	0.4942045	1.898196	1.462079
14400	-2372.314	-2442.924	70.61034	0.7736232	1.817319	1.740809
14406	-2374.604	-2442.885	68.28091	0.8072121	1.463379	3.396726
14412	-2390.288	-2458.723	68.43513	0.9136145	1.388295	3.280142
14418	-2384.257	-2453.909	69.65227	0.9597688	1.488025	2.451973
14424	-2376.125	-2444.333	68.20791	0.8970495	1.385596	3.425736
14430	-2373.561	-2443.845	70.28391	0.8654152	1.593341	2.042734
14436	-2373.283	-2442.851	69.56771	0.9730752	1.74363	2.335231
14442	-2376.717	-2446.154	69.43707	0.9730752	1.573953	2.524322
14448	-2362.242	-2432.45	70.20795	0.7351207	1.650949	2.155827
14454	-2375.056	-2444.54	69.48426	0.767014	1.354884	2.771619
14460	-2369.58	-2439.004	69.42426	0.6893292	1.513159	2.771619
14466	-2366.89	-2436.412	69.52219	0.6660597	1.446228	2.771619
14472	-2376.147	-2445.367	69.22078	0.8618523	1.507818	2.771619
14478	-2376.805	-2446.149	69.34435	0.6949087	1.464419	2.845425
14484	-2369.845	-2440.306	70.46106	0.5254897	1.686934	2.160185
14490	-2366.379	-2435.726	69.34707	0.6692692	1.545936	2.814916
14496	-2366.043	-2434.846	68.80237	0.6249613	1.388115	3.271916
14502	-2367.156	-2435.85	68.69445	0.5945417	1.476829	3.309019
14508	-2362.097	-2430.747	68.65023	0.7025941	1.372274	3.309019
14514	-2359.545	-2430.013	70.46813	0.7085754	1.584956	2.050603
14520	-2367.041	-2436.951	69.91098	0.9184467	1.790724	2.120244
14526	-2369.594	-2439.29	69.69604	0.5798317	1.668109	2.603552
14532	-2370.022	-2439.216	69.1931	0.8616714	1.495764	2.795957
14538	-2375.673	-2444.756	69.08314	0.7331644	1.325911	3.056536
14544	-2381.91	-2450.372	68.46245	0.6872005	1.114585	3.581374
14550	-2381.177	-2449.112	67.93507	0.7999573	1.216946	3.746077
14556	-2378.765	-2446.625	67.85995	0.865497	1.216946	3.746077
14562	-2373.922	-2442.015	68.09331	0.6853759	1.201687	3.746077
14568	-2368.879	-2437.062	68.18315	0.6612748	1.227978	3.697631
14574	-2370.001	-2439.297	69.29639	0.7107412	1.35503	2.92816
14580	-2373.49	-2442.331	68.8412	0.5842664	1.34202	3.310898
14586	-2373.627	-2442.649	69.02157	0.9027645	1.331074	2.972039
14592	-2375.862	-2443.578	67.71518	0.7269599	1.221737	3.921058
14598	-2375.103	-2443.353	68.24937	0.7101635	1.251632	3.608153
14604	-2372.599	-2441.308	68.70924	0.7101635	1.342984	3.285739
14610	-2372.943	-2441.887	68.94375	0.7101635	1.447551	3.08462
14616	-2368.68	-2438.496	69.81616	0.5217277	1.469579	2.707182
14622	-2372.716	-2442.072	69.35608	0.7119563	1.613779	2.733822
14628	-2366.188	-2436.058	69.86951	0.7119563	1.580756	2.435935
14634	-2364.375	-2434.359	69.98367	0.7318694	1.441257	2.435935
14640	-2360.211	-2429.6	69.38876	0.6911041	1.336699	2.898883
14646	-2364.034	-2434.645	70.61133	0.6911041	1.623754	1.944375
14652	-2379.059	-2449.887	70.8278	0.8620194	1.749432	1.559758
14658	-2377.504	-2448.468	70.96409	0.7977514	1.682902	1.562765
14664	-2377.314	-2448.086	70.77229	0.8477215	1.572535	1.738138
14670	-2370.809	-2440.452	69.64339	0.8477215	1.572535	2.480388
14676	-2380.403	-2450.212	69.80874	0.8665622	1.386054	2.480388
14682	-2364.994	-2435.886	70.89209	0.8396998	1.753111	1.528109
14688	-2371.361	-2442.596	71.23551	0.9045914	1.691881	1.251048
14694	-2367.407	-2438.664	71.25662	0.681837	1.64583	1.480543
14700	-2359.881	-2430.762	70.88092	0.7059911	1.724837	1.674677
14706	-2361.044	-2431.838	70.7944	0.6921822	1.829349	1.674677
14712	-2356.19	-2426.566	70.37618	0.7041777	1.577622	2.119645
14718	-2365.282	-2435.826	70.54378	0.8428968	1.633362	1.858079
14724	-2367.542	-2437.689	70.14692	0.6764926	1.442688	2.377294
14730	-2374.564	-2444.265	69.70024	0.6764926	1.455373	2.648262
14736	-2368.332	-2437.829	69.49675	0.6791398	1.651228	2.650795
14742	-2365.263	-2434.541	69.2783	0.7748899	1.615437	2.732426
14748	-2373.052	-2443.731	70.67922	0.8844794	1.532977	1.802047
14754	-2373.415	-2444.367	70.9517	0.55684	1.52038	1.912809
14760	-2371.64	-2442.624	70.98452	0.5948214	1.551686	1.830253
14766	-2371.592	-2442.288	70.69574	0.7255904	1.584291	1.883839
14772	-2364.495	-2435.296	70.80061	0.6355604	1.637231	1.857807
14778	-2367.828	-2438.287	70.45886	0.6355604	1.593245	2.115665
14784	-2373.909	-2444.551	70.64163	0.7763501	1.687288	1.807264
14790	-2368.691	-2439.481	70.78964	0.6731533	1.722107	1.771342
14796	-2372.537	-2442.61	70.07309	0.6513947	1.522023	2.395276
14802	-2373.48	-2443.935	70.45502	0.7087295	1.369706	2.199798
14808	-2365.313	-2435.606	70.29229	0.7522458	1.76443	2.011643
14814	-2360.464	-2431.611	71.14699	0.7168038	1.76443	1.439087
14820	-2359.257	-2430.293	71.03609	0.7818616	1.86684	1.383255
14826	-2365.312	-2436.012	70.69949	0.8643418	1.592462	1.762085
14832	-2373.9	-2444.071	70.17091	1.00655	1.640004	1.988115
14838	-2368.6	-2439.113	70.51267	0.7555742	1.575241	1.988115
14844	-2370.304	-2439.653	69.34876	0.8329118	1.373295	2.795562
14850	-2377.689	-2445.872	68.1834	0.724714	1.084163	3.732515
14856	-2365.803	-2435.463	69.65925	0.819446	1.332852	2.639591
14862	-2371.23	-2439.587	68.35722	0.6917569	1.433054	3.453591
14868	-2370.781	-2439.885	69.10419	0.7100327	1.581576	2.907985
14874	-2369.44	-2438.524	69.08326	0.8837428	1.396404	2.907985
14880	-2370.174	-2439.529	69.35525	0.8201132	1.455046	2.75073
14886	-2367.232	-2438.13	70.89786	0.5703634	1.608177	1.875774
14892	-2365.636	-2436.351	70.71532	0.7133318	1.71909	1.788502
14898	-2370.409	-2441.033	70.62453	0.7929317	1.665414	1.820463
14904	-2374.12	-2444.848	70.72722	0.6452464	1.533066	1.96891
14910	-2377.481	-2447.574	70.09303	0.8941064	1.646699	2.112499
14916	-2371.801	-2442.749	70.94828	0.808503	1.670407	1.574259
14922	-2365.858	-2436.679	70.82123	0.5541509	1.736352	1.857431
14928	-2367.674	-2438.268	70.5945	0.887098	1.491054	1.886952
14934	-2366.425	-2436.196	69.77084	0.7680596	1.347717	2.599152
14940	-2367.471	-2437.456	69.98537	0.7680596	1.499799	2.369616
14946	-2366.926	-2436.041	69.11573	1.008989	1.2321	2.908708
14952	-2371.266	-2439.851	68.58457	0.6000008	1.174781	3.545516
14958	-2371.663	-2441.212	69.54914	0.8284509	1.601159	2.535099
14964	-2376.304	-2446.454	70.15048	0.6492662	1.65724	2.261756
14970	-2362.269	-2432.646	70.3775	0.5918751	1.589424	2.211705
14976	-2363.619	-2433.468	69.84939	0.5760485	1.652922	2.521231
14982	-2362.105	-2432.46	70.35475	0.7794123	1.675888	2.006963
14988	-2365.941	-2436.294	70.35222	0.8339396	1.415968	2.13777
14994	-2360.747	-2430.148	69.40103	0.6476984	1.426181	2.872632
15000	-2372.967	-2443.523	70.55629	0.511871	1.447826	2.267293
15006	-2363.701	-2433.147	69.44639	0.722765	1.507817	2.73495
15012	-2374.891	-2444.711	69.82007	0.7567724	1.532581	2.461876
15018	-2373.142	-2442.205	69.06315	1.066045	1.652936	2.650311
15024	-2374.369	-2443.725	69.35649	1.066045	1.548724	2.533132
15030	-2374.578	-2444.476	69.89817	0.7844947	1.453283	2.441501
15036	-2373.352	-2443.012	69.65938	0.7947599	1.407934	2.611021
15042	-2369.221	-2439.152	69.93065	0.6951708	1.340556	2.561468
15048	-2374.083	-2443.044	68.961	0.7277879	1.384798	3.098344
15054	-2372.259	-2441.926	69.66682	0.6205834	1.501954	2.687485
15060	-2368.256	-2438.921	70.66502	0.5587348	1.583984	2.059947
15066	-2367.177	-2437.268	70.09125	0.6674546	1.440797	2.421305
15072	-2365.42	-2436.657	71.23664	0.7235243	1.899981	1.252949
15078	-2374.646	-2446.017	71.37136	0.6423452	1.872878	1.252949
15084	-2372.541	-2444.012	71.47053	0.7157055	1.838702	1.111933
15090	-2366.973	-2438.373	71.40002	0.7157055	1.78301	1.222387
15096	-2367.379	-2438.905	71.52581	0.7038717	1.852984	1.061622
15102	-2374.243	-2445.469	71.22541	0.758455	1.929435	1.200762
15108	-2383.113	-2454.43	71.31715	0.6888176	2.016534	1.121391
15114	-2375.929	-2447.694	71.76455	0.5433488	1.984109	0.917747
15120	-2373.245	-2444.602	71.35603	0.7432974	1.856585	1.166972
15126	-2367.128	-2438.766	71.6381	0.6318418	1.908503	0.9926342
15132	-2367.946	-2439.491	71.54501	0.5723112	2.069233	1.011326
15138	-2376.093	-2447.112	71.01978	0.6243882	1.798812	1.600841
15144	-2375.203	-2446.303	71.09975	0.6961518	1.82311	1.450755
15150	-2372.203	-2442.884	70.68044	0.7709123	1.853705	1.667784
15156	-2380.059	-2450.448	70.38976	0.8214986	1.480583	2.080201
15162	-2375.223	-2446.419	71.19625	0.6915961	1.815231	1.38693
15168	-2367.512	-2438.79	71.27795	0.6967669	1.629913	1.461564
15174	-2369.883	-2440.902	71.01883	0.9235424	1.773017	1.344833
15180	-2377.287	-2448.539	71.25155	0.74806	1.918678	1.198567
15186	-2378.526	-2449.839	71.3134	0.7298571	1.867898	1.208574
15192	-2374.267	-2445.504	71.23777	0.4947544	1.69379	1.662538
15198	-2370.686	-2441.281	70.59475	0.7331461	1.991514	1.663867
15204	-2369.144	-2439.765	70.62101	0.8068141	1.875366	1.664174
15210	-2371.955	-2442.87	70.91523	0.7565277	1.801279	1.548173
15216	-2369.389	-2440.562	71.17291	0.5454164	1.834587	1.548173
15222	-2366.91	-2438.205	71.29551	0.5514272	1.702671	1.548173
15228	-2366.704	-2436.887	70.18314	0.7364315	1.696749	2.141075
15234	-2368.042	-2437.007	68.96522	0.7173457	1.544636	3.00819
15240	-2388.775	-2459.137	70.36129	0.9846766	1.697173	1.835335
15246	-2387.941	-2458.821	70.88007	0.5879329	1.734789	1.782867
15252	-2381.094	-2451.877	70.78231	0.7158068	1.808184	1.676556
15258	-2369.632	-2440.503	70.87031	0.6076289	1.866981	1.676556
15264	-2370.89	-2440.436	69.54672	0.8099205	1.741483	2.462332
15270	-2364.475	-2434.473	69.99829	0.5911812	1.563848	2.469796
15276	-2364.238	-2434.262	70.02447	0.7096136	1.430683	2.434758
15282	-2369.291	-2438.905	69.61439	0.7119532	1.523754	2.630401
15288	-2371.594	-2441.49	69.89654	1.082183	1.446909	2.246282
15294	-2368.359	-2438.216	69.85627	0.8973322	1.58633	2.302344
15300	-2372.765	-2443.025	70.26055	0.8973322	1.767312	1.918528
15306	-2365.755	-2435.257	69.50237	0.5320586	1.565497	2.830082
15312	-2373.308	-2443.799	70.49064	0.6892733	1.565497	2.065193
15318	-2370.158	-2440.556	70.39774	0.7014922	1.691348	2.032837
15324	-2370.638	-2439.621	68.98318	0.7645244	1.432462	3.029343
15330	-2370.494	-2439.813	69.31951	0.7486345	1.603487	2.734178
15336	-2365.808	-2435.179	69.37113	0.624444	1.507084	2.861382
15342	-2364.086	-2433.281	69.19547	0.6522137	1.644117	2.861382
15348	-2376.225	-2443.612	67.3871	0.6522137	1.341549	4.096231
15354	-2373.28	-2442.2	68.92081	0.8708516	1.653556	2.859299
15360	-2380.516	-2448.999	68.48356	0.7493394	1.472878	3.313036
15366	-2372.663	-2441.439	68.77635	0.7936187	1.434849	3.130479
15372	-2377.366	-2447.016	69.64947	0.8181623	1.481384	2.554598
15378	-2374.167	-2443.567	69.39968	0.7233193	1.468785	2.786869
15384	-2378.187	-2449.016	70.82911	0.7240447	1.823829	1.624226
15390	-2373.419	-2444.451	71.03169	0.8019977	1.737717	1.467656
15396	-2369.239	-2439.977	70.73773	0.6321107	1.618856	1.916362
15402	-2376.413	-2447.067	70.65402	0.7125921	1.69411	1.848661
15408	-2371.249	-2442.396	71.14697	0.4604691	1.576996	1.848661
15414	-2367	-2438.089	71.08882	0.7628642	1.711149	1.48006
15420	-2366.287	-2436.74	70.45308	0.7153637	1.610902	2.037613
15426	-2364.464	-2435.636	71.17191	0.7810505	1.743474	1.374253
15432	-2366.658	-2438.259	71.6012	0.5621031	1.644333	1.346545
15438	-2367.115	-2438.805	71.68994	0.5976491	1.843359	1.053443
15444	-2373.216	-2442.386	69.16997	0.7335574	1.209082	3.074159
15450	-2366.088	-2436.272	70.18434	0.6888538	1.546972	2.276619
15456	-2361.549	-2432.277	70.72729	0.8977886	1.573661	1.730024
15462	-2373.336	-2441.957	68.62116	0.6260804	1.446648	3.343249
15468	-2374.748	-2444.978	70.22986	0.7590328	1.744086	2.060965
15474	-2364.603	-2434.386	69.78352	0.8482572	1.528772	2.419465
15480	-2366.72	-2436.13	69.41037	0.8593104	1.528772	2.644246
15486	-2369.307	-2439.303	69.99564	0.7434016	1.528208	2.364334
15492	-2372.079	-2440.927	68.84879	0.6779256	1.422774	3.180976
15498	-2371.177	-2437.59	66.41291	0.804319	1.251841	4.588569
15504	-2367.132	-2437.311	70.17895	0.9622801	1.656075	2.001923
15510	-2367.29	-2437.487	70.19696	0.9622801	1.63806	2.001923
15516	-2374.779	-2445.572	70.79213	0.7588909	1.760642	1.664946
15522	-2374.364	-2443.29	68.92641	0.9164378	1.288548	3.045807
15528	-2373.218	-2441.936	68.71874	0.7242835	1.32045	3.282781
15534	-2370.569	-2440.158	69.58875	0.6396688	1.350799	2.811203
15540	-2367.067	-2436.231	69.16391	0.6396688	1.319531	3.085866
15546	-2370.195	-2438.978	68.78306	0.9970724	1.281459	3.085866
15552	-2366.009	-2435.235	69.22607	0.6321876	1.195181	3.12914
15558	-2369.86	-2438.874	69.01334	0.6076161	1.442814	3.12914
15564	-2374.861	-2444.067	69.2058	0.9047211	1.339812	2.854287
15570	-2379.308	-2448.536	69.2279	0.8628001	1.363689	2.854287
15576	-2371.435	-2441.074	69.63958	0.8628001	1.370403	2.598061
15582	-2383.453	-2453.121	69.66841	0.7131566	1.570989	2.566751
15588	-2374.165	-2444.012	69.84675	0.7131566	1.506428	2.495856
15594	-2361.856	-2431.724	69.86799	0.7819939	1.474135	2.449252
15600	-2368.767	-2438.598	69.83019	1.041449	1.523802	2.264522
15606	-2368.924	-2438.825	69.90163	0.9953223	1.593926	2.202638
15612	-2371.828	-2442.577	70.74943	0.6081149	1.689379	1.883695
15618	-2368.703	-2439.616	70.91289	0.7559956	1.837772	1.523339
15624	-2371.888	-2443.018	71.13097	0.9052158	1.942129	1.124571
15630	-2374.407	-2445.096	70.68945	0.6942035	1.970149	1.647137
15636	-2373.491	-2444.738	71.24716	0.6027105	2.070236	1.238731
15642	-2381.051	-2451.734	70.68384	0.7121884	2.070236	1.561553
15648	-2372.443	-2442.666	70.22343	0.9500541	1.983263	1.75722
15654	-2375.097	-2445.892	70.79491	1.149748	1.945499	1.205506
15660	-2372.819	-2443.502	70.68329	0.9072662	1.93238	1.494309
15666	-2362.903	-2434.207	71.30401	0.6178832	1.832005	1.368248
15672	-2373.127	-2443.274	70.14773	0.639009	1.501526	2.371834
15678	-2375.789	-2445.752	69.96228	0.7114327	1.495448	2.431663
15684	-2375.644	-2445.249	69.60514	0.730531	1.646429	2.545443
15690	-2371.869	-2443.14	71.27104	0.7851832	1.940429	1.122604
15696	-2367.91	-2439.226	71.31614	0.6938884	1.782299	1.315518
15702	-2373.783	-2444.817	71.03416	0.5280152	1.750373	1.728403
15708	-2370.697	-2442.121	71.4235	0.5055374	1.771215	1.455577
15714	-2366.875	-2437.975	71.10022	0.7723872	1.720456	1.455577
15720	-2372.136	-2442.365	70.22975	0.7617381	1.576603	2.168545
15726	-2373.888	-2444.641	70.7534	0.706702	1.672521	1.800304
15732	-2378.537	-2449.774	71.23686	0.6300033	1.842369	1.399285
15738	-2377.655	-2448.494	70.83854	0.8929749	1.85313	1.448457
15744	-2374.856	-2445.327	70.47088	0.6469497	1.682403	2.038633
15750	-2383.695	-2454.662	70.96706	0.9344803	1.95737	1.226854
15756	-2373.931	-2445.553	71.62235	0.6486363	1.95737	0.9339522
15762	-2374.066	-2445.573	71.50678	0.6486363	2.147473	0.8490049
15768	-2371.957	-2443.64	71.68287	0.5237142	2.147473	0.8598126
15774	-2372.907	-2444.014	71.10687	0.7824705	1.873474	1.321256
15780	-2368.872	-2439.953	71.08051	0.7083155	1.732939	1.521306
15786	-2368.349	-2437.746	69.39672	0.7017603	1.35695	2.873401
15792	-2367.622	-2436.785	69.16371	0.6786247	1.304464	3.063368
15798	-2371.209	-2440.331	69.12215	0.7740483	1.225044	3.063368
15804	-2376.572	-2446.407	69.83514	0.9289787	1.479794	2.362039
15810	-2373.564	-2443.584	70.02045	0.8207201	1.414187	2.362039
15816	-2368.853	-2438.862	70.00989	0.7506633	1.458807	2.393542
15822	-2368.599	-2439.265	70.666	0.7554219	1.601122	1.867237
15828	-2377.344	-2447.841	70.49704	0.7554219	1.568444	2.003201
15834	-2371.867	-2441.956	70.08915	0.6055968	1.502594	2.438017
15840	-2372.804	-2442.404	69.59978	0.5092591	1.464896	2.854253
15846	-2379.405	-2449.227	69.8216	0.8497275	1.389681	2.481874
15852	-2370.284	-2440.674	70.38994	0.6187105	1.5431	2.208547
15858	-2373.208	-2443.788	70.57934	0.8651121	1.762757	1.726337
15864	-2366.257	-2437.024	70.76692	0.805813	1.825496	1.595748
15870	-2361.493	-2432.171	70.67828	0.9138357	1.916465	1.504723
15876	-2364.44	-2434.152	69.7123	0.6274562	1.484077	2.664538
15882	-2361.43	-2430.768	69.33734	0.5942238	1.407079	2.968357
15888	-2370.353	-2440.066	69.71343	0.5067854	1.517916	2.7553
15894	-2367.218	-2436.434	69.21616	0.6870701	1.580167	2.859214
15900	-2365.73	-2435.383	69.6527	0.6870701	1.554155	2.607959
15906	-2381.485	-2450.714	69.22865	0.6407391	1.538654	2.914653
15912	-2376.562	-2445.189	68.62752	0.5925068	1.106371	3.566697
15918	-2376.02	-2444.467	68.44681	0.7266252	1.182232	3.52146
15924	-2368.193	-2437.124	68.93054	0.4498783	1.213075	3.461855
15930	-2369.678	-2438.269	68.59157	0.6014277	1.309155	3.461855
15936	-2366.292	-2436.341	70.04986	0.7090451	1.483646	2.385789
15942	-2370.782	-2439.698	68.91596	0.7090451	1.279616	3.201854
15948	-2374.096	-2442.991	68.89494	0.8573551	1.276586	3.11032
15954	-2364.741	-2434.93	70.18863	0.6150235	1.522003	2.354338
15960	-2373.506	-2443.952	70.44545	0.7167538	1.515433	2.104403
15966	-2376.06	-2446.992	70.93111	0.6628891	1.846054	1.592243
15972	-2374.068	-2444.843	70.77522	0.6266693	1.80452	1.768447
15978	-2372.501	-2442.597	70.09563	0.6266693	1.678669	2.30328
15984	-2375.498	-2445.468	69.97058	0.7889062	1.659159	2.261412
15990	-2375.928	-2446.61	70.68202	0.4978902	1.354221	2.261412
15996	-2368.193	-2438.241	70.04807	0.6495026	1.614868	2.35396
16002	-2376.183	-2446.552	70.36948	0.877406	1.613808	1.963217
16008	-2367.824	-2437.539	69.71555	0.618293	1.487451	2.668443
16014	-2379.859	-2449.892	70.033	0.5765198	1.500376	2.501397
16020	-2369.174	-2438.356	69.18206	0.6175324	1.24607	3.137365
16026	-2369.463	-2437.222	67.75893	0.7535185	1.223696	3.875806
16032	-2367.977	-2435.781	67.80311	0.6387393	1.329671	3.875806
16038	-2369.436	-2438.636	69.19973	0.8071613	1.410257	2.881691
16044	-2367.936	-2437.497	69.56125	0.8071613	1.426321	2.651221
16050	-2367.555	-2437.507	69.95173	0.5874206	1.388275	2.611527
16056	-2369.883	-2439.379	69.49601	0.7243511	1.388275	2.77643
16062	-2370.118	-2438.984	68.86562	0.7008112	1.337928	3.203442
16068	-2370.601	-2439.895	69.29407	0.8102112	1.234145	2.928917
16074	-2374.05	-2443.952	69.90144	0.766072	1.471782	2.441803
16080	-2376.42	-2445.515	69.09432	0.8961331	1.617824	2.758622
16086	-2377.482	-2446.68	69.19774	0.6112189	1.460405	3.005378
16092	-2364.447	-2433.677	69.23016	0.7234682	1.215899	3.041731
16098	-2373.757	-2442.485	68.7281	0.6898886	1.259853	3.339125
16104	-2374.877	-2445.306	70.42962	0.8362535	1.62227	1.948156
16110	-2371.803	-2442.277	70.47398	0.528737	1.548879	2.237821
16116	-2370.848	-2441.51	70.66217	0.549914	1.676364	2.009595
16122	-2364.597	-2436.023	71.42539	0.5872427	1.798796	1.333511
16128	-2366.646	-2438.027	71.38135	0.6998418	1.952993	1.107715
16134	-2361.714	-2433.122	71.40786	0.67545	2.053737	1.017871
16140	-2367.031	-2437.461	70.43027	0.8137774	1.573467	1.997775
16146	-2366.236	-2436.584	70.34784	0.8333371	1.633299	1.997775
16152	-2369.214	-2439.449	70.23548	0.8390832	1.571706	2.108424
16158	-2365.059	-2435.687	70.62808	0.7215235	1.571706	1.94166
16164	-2370.318	-2439.636	69.31829	0.7672021	1.55383	2.751348
16170	-2368.87	-2438.476	69.60644	0.7720784	1.372666	2.682157
16176	-2361.325	-2430.177	68.85168	0.5829364	1.295059	3.333525
16182	-2369.216	-2439.84	70.62422	0.8395475	1.759568	1.71725
16188	-2375.12	-2444.38	69.26003	0.6813702	1.594646	2.82839
16194	-2362.521	-2432.292	69.77047	1.006449	1.415529	2.393385
16200	-2364.212	-2433.874	69.66203	0.7333826	1.370264	2.678825
16206	-2362.401	-2431.477	69.07623	0.7995035	1.446868	2.939582
16212	-2359.015	-2428.514	69.49904	0.8541873	1.279913	2.746114
16218	-2362.382	-2431.661	69.27918	0.7359785	1.468711	2.85044
16224	-2368.198	-2438.119	69.92086	0.6846444	1.56728	2.434505
16230	-2368.123	-2437.802	69.67901	0.8520649	1.605102	2.434505
16236	-2370.197	-2440.598	70.40066	0.8421979	1.609214	1.971816
16242	-2363.149	-2433.489	70.33963	0.8438867	1.668327	1.971816
16248	-2362.851	-2431.682	68.83112	0.8011058	1.481745	3.064576
16254	-2363.301	-2433.917	70.61566	0.5543078	1.470103	2.171283
16260	-2362.351	-2432.671	70.31985	0.5999621	1.697658	2.171283
16266	-2360.261	-2431.468	71.20653	0.7850621	1.833204	1.270374
16272	-2371.394	-2443.037	71.64373	0.5378318	1.823158	1.194898
16278	-2369.524	-2441.12	71.5961	0.5687563	1.823158	1.194898
16284	-2366.589	-2437.708	71.11949	0.7238437	1.69344	1.506859
16290	-2364.227	-2435.948	71.72124	0.5738781	1.914814	0.987141
16296	-2360.262	-2431.199	70.93671	0.6930981	1.854344	1.552566
16302	-2369.782	-2440.826	71.04326	0.8604523	1.841058	1.325852
16308	-2368.84	-2440.19	71.34992	0.7520776	1.95942	1.069603
16314	-2365.061	-2436.511	71.4497	0.6924731	1.964027	1.042498
16320	-2368.746	-2440.234	71.48793	0.6747904	1.949203	1.042498
16326	-2370.725	-2442.286	71.56068	0.6224148	1.948482	1.042498
16332	-2365.8	-2437.063	71.26302	0.7886505	1.865925	1.191626
16338	-2371.24	-2441.816	70.57625	0.9431432	1.681797	1.726256
16344	-2368.789	-2438.161	69.37194	1.094768	1.507714	2.532176
16350	-2373.236	-2443.772	70.53591	0.6586072	1.604701	2.036462
16356	-2363.797	-2434.857	71.06004	0.8420028	1.750598	1.400466
16362	-2378.788	-2449.808	71.01976	0.6649526	1.803103	1.556719
16368	-2372.194	-2443.371	71.17688	0.6694097	1.684476	1.523774
16374	-2367.174	-2438.11	70.93642	0.6555474	1.664771	1.725367
16380	-2369.325	-2439.854	70.52832	0.8584028	1.822651	1.725367
16386	-2370.054	-2440.778	70.72437	0.8114522	1.680301	1.725367
16392	-2368.23	-2439.167	70.93666	0.983039	2.004447	1.169531
16398	-2365.798	-2436.34	70.54172	0.7989861	1.7045	1.845594
16404	-2361.091	-2431.933	70.84186	0.8538555	1.906443	1.438244
16410	-2358.83	-2429.889	71.05953	0.8163263	1.877738	1.323737
16416	-2369.862	-2441.167	71.30482	0.653208	1.837847	1.323737
16422	-2356.082	-2427.485	71.40373	0.6339273	1.854145	1.251343
16428	-2361.195	-2432.63	71.43514	0.6801662	1.759734	1.251343
16434	-2359.805	-2430.896	71.09186	0.4730403	1.672741	1.80568
16440	-2357.742	-2428.855	71.11368	0.7589168	1.818798	1.381921
16446	-2365.005	-2436.386	71.38161	0.6638833	1.968012	1.136942
16452	-2361.935	-2433.049	71.11486	0.996449	1.948313	1.045855
16458	-2362.081	-2433.462	71.38158	0.7423377	1.948313	1.061628
16464	-2375.226	-2443.874	68.64772	0.7000856	1.48865	3.243761
16470	-2376.653	-2447.677	71.02369	0.8653866	1.694463	1.451431
16476	-2375.069	-2445.628	70.55889	0.8491951	1.5706	1.885719
16482	-2367.472	-2437.86	70.38772	0.717071	1.532552	2.130717
16488	-2377.352	-2446.649	69.29679	1.051308	1.638378	2.523266
16494	-2375.541	-2446.528	70.98719	0.8511279	1.702003	1.485501
16500	-2371.367	-2442.263	70.89572	0.6983441	1.88527	1.554929
16506	-2374.213	-2445.077	70.86389	0.8085873	1.953164	1.425332
16512	-2368.378	-2439.011	70.63233	0.6623255	1.619562	1.958875
16518	-2370.144	-2440.208	70.06389	0.7329603	1.568683	2.303467
16524	-2367.546	-2436.13	68.58387	0.8508474	1.316731	3.275278
16530	-2361.178	-2429.991	68.81255	0.8508474	1.500361	3.030241
16536	-2365.569	-2434.571	69.00171	0.7284149	1.442951	3.038817
16542	-2369.443	-2438.353	68.91012	0.7812085	1.369037	3.098826
16548	-2368.831	-2438.613	69.78209	0.692835	1.479863	2.569118
16554	-2378.29	-2448.987	70.69656	0.7425685	1.638378	1.831677
16560	-2375.123	-2445.209	70.08603	0.8132232	1.579629	2.219837
16566	-2371.259	-2441.377	70.11799	0.6673141	1.491692	2.37237
16572	-2365.572	-2434.868	69.29578	0.6895472	1.408638	2.912821
16578	-2363.156	-2433.341	70.18472	0.6895472	1.484742	2.315564
16584	-2371.129	-2441.074	69.94483	0.8817036	1.494103	2.315564
16590	-2368.838	-2439.557	70.71906	0.8703983	1.495144	1.811391
16596	-2370.996	-2441.254	70.25875	0.8540142	1.550817	2.095771
16602	-2368.097	-2437.6	69.5033	0.6169895	1.365731	2.873345
16608	-2370.08	-2439.333	69.25351	0.780261	1.402196	2.873345
16614	-2366.704	-2434.192	67.48796	0.817071	1.324253	3.929915
16620	-2375.941	-2445.938	69.99704	0.7444601	1.526974	2.363396
16626	-2369.563	-2439.591	70.02813	0.7444601	1.38206	2.435289
16632	-2362.241	-2431.886	69.64436	0.8782602	1.5505	2.472231
16638	-2372.034	-2442.509	70.47466	0.894751	1.453584	1.987358
16644	-2368.416	-2438.354	69.93711	0.894751	1.467799	2.328164
16650	-2362.598	-2432.827	70.22889	0.6665173	1.451471	2.328164
16656	-2362.702	-2433.79	71.08805	0.5953829	1.570035	1.745073
16662	-2363.92	-2434.457	70.53682	0.913844	1.725406	1.745073
16668	-2365.477	-2436.104	70.62694	0.612161	1.665626	1.978447
16674	-2366.959	-2437.184	70.22492	0.5859009	1.711379	2.237136
16680	-2363.919	-2434.896	70.97692	0.484175	1.674097	1.870658
16686	-2363.275	-2433.252	69.97713	0.749398	1.491601	2.394511
16692	-2363.905	-2433.897	69.99146	0.7098761	1.527174	2.394511
16698	-2369.645	-2440.224	70.57935	0.5792936	1.626438	2.067981
16704	-2368.522	-2439.574	71.05148	0.5792936	1.655006	1.727758
16710	-2361.004	-2431.194	70.18922	0.760276	1.772145	2.068257
16716	-2363.17	-2433.806	70.63547	0.7145638	1.785971	1.796402
16722	-2369.558	-2440.612	71.05326	0.6763795	1.682799	1.608958
16728	-2372.005	-2443.312	71.30691	0.5575123	1.811324	1.451082
16734	-2384.205	-2455.706	71.50115	0.48183	1.872127	1.347493
16740	-2371.691	-2442.94	71.24886	0.6057364	1.71433	1.513964
16746	-2378.045	-2448.953	70.90833	0.5766992	1.815588	1.718209
16752	-2389.61	-2459.242	69.63248	0.5987483	1.381091	2.801567
16758	-2380.865	-2450.189	69.32401	0.5379376	1.502047	2.970579
16764	-2382.21	-2451.928	69.71786	0.9515011	1.675566	2.29705
16770	-2367.744	-2438.106	70.36188	0.8661394	1.787346	1.859297
16776	-2363.392	-2432.453	69.06169	0.8888538	1.551794	2.823544
16782	-2360.651	-2429.997	69.3453	0.8160829	1.350178	2.823544
16788	-2366.914	-2436.357	69.44322	0.6351503	1.543816	2.786126
16794	-2362.81	-2433.45	70.63999	0.8276181	1.573071	1.845442
16800	-2370.894	-2441.94	71.04605	0.9072582	1.871097	1.257184
16806	-2368.927	-2439.259	70.33216	0.876981	1.656066	1.960223
16812	-2366.339	-2436.88	70.54103	0.7021371	1.656066	1.960223
16818	-2378.004	-2446.878	68.87407	1.124188	1.344903	2.920202
16824	-2374.644	-2445.428	70.78346	0.7467656	1.569386	1.815743
16830	-2367.605	-2437.04	69.43457	0.8585461	1.558692	2.611353
16836	-2366.617	-2436.902	70.28462	0.7639166	1.676087	2.06576
16842	-2366.271	-2436.259	69.98865	0.814018	1.448463	2.365402
16848	-2363.173	-2433.016	69.8422	0.8762308	1.524386	2.365402
16854	-2363.346	-2433.466	70.11981	0.6074203	1.584296	2.365402
16860	-2370.03	-2440.263	70.23359	0.8354121	1.507043	2.154638
16866	-2367.324	-2437.318	69.99377	1.092327	1.654049	2.041548
16872	-2371.087	-2440.626	69.5391	0.8718916	1.654049	2.477708
16878	-2365.079	-2435.326	70.24718	0.8270721	1.649449	2.058634
16884	-2370.948	-2440.528	69.58014	1.155949	1.542652	2.344006
16890	-2367.135	-2436.95	69.81523	0.9175405	1.540244	2.344006
16896	-2374.251	-2444.724	70.4734	1.077319	1.763337	1.646672
16902	-2366.604	-2437.019	70.4153	0.7096558	1.538357	2.115104
16908	-2369.746	-2440.244	70.49715	0.6617194	1.519846	2.115104
16914	-2382.382	-2452.03	69.64801	0.8719373	1.30857	2.624803
16920	-2376.244	-2443.871	67.62701	0.7126699	1.219618	3.98317
16926	-2385.562	-2453.772	68.21004	0.5576985	1.090638	3.847241
16932	-2371.048	-2439.547	68.49918	0.6581678	1.215859	3.523696
16938	-2383.116	-2451.445	68.32816	0.6609858	1.383045	3.523696
16944	-2369.277	-2439.878	70.60069	0.7494242	1.556081	1.947045
16950	-2378.777	-2450.058	71.28113	0.7055303	1.723728	1.377898
16956	-2369.432	-2440.507	71.07475	0.6303928	1.723728	1.609312
16962	-2387.049	-2458.01	70.96129	0.661519	1.79426	1.609312
16968	-2375.394	-2445.903	70.50891	0.661519	1.6784	2.002804
16974	-2374.041	-2444.492	70.45112	0.7836998	1.580618	2.002804
16980	-2365.542	-2436.488	70.94531	0.5685846	1.760233	1.739716
16986	-2370.902	-2442.269	71.36741	0.5685846	1.928595	1.298061
16992	-2370.903	-2440.625	69.72237	0.7487299	1.47447	2.565323
16998	-2372.079	-2442.376	70.29754	0.7473131	1.491072	2.191586
17004	-2375.474	-2446.303	70.82957	1.015057	1.865476	1.347283
17010	-2372.616	-2443.388	70.77258	0.6090093	1.802686	1.789043
17016	-2371.01	-2442.001	70.99039	0.7327435	1.824758	1.496759
17022	-2369.3	-2440.543	71.24336	0.7378003	1.635583	1.443611
17028	-2371.565	-2442.63	71.06443	0.9825351	2.107158	0.9512539
17034	-2372.969	-2444.289	71.3192	0.6058231	2.107158	1.140833
17040	-2373.589	-2443.953	70.36361	0.7929962	1.985831	1.779217
17046	-2368.869	-2439.543	70.67411	0.85759	1.934047	1.540588
17052	-2368.645	-2439.801	71.15678	0.5504718	1.860042	1.535472
17058	-2367.092	-2437.251	70.15822	0.670589	1.58485	2.284632
17064	-2366.878	-2436.678	69.80006	0.652563	1.300308	2.702114
17070	-2371.855	-2440.521	68.66631	0.6502653	1.326698	3.367431
17076	-2364.43	-2433.569	69.13829	0.597745	1.228154	3.190925
17082	-2373.212	-2442.551	69.33866	0.637468	1.414267	2.926067
17088	-2368.142	-2438.246	70.10481	0.7552556	1.483903	2.313749
17094	-2362.945	-2432.866	69.92094	0.8446699	1.562175	2.313749
17100	-2362.507	-2432.89	70.38286	0.6738558	1.493839	2.195804
17106	-2378.304	-2445.149	66.84472	0.7532576	1.265984	4.372181
17112	-2374.128	-2444.449	70.32055	0.7829579	1.731064	1.990139
17118	-2374.214	-2444.965	70.7511	0.7111077	1.846322	1.675915
17124	-2365.275	-2436.054	70.77897	0.896229	1.866106	1.481144
17130	-2363.695	-2434.752	71.05727	0.7180835	1.850402	1.440708
17136	-2362.308	-2433.636	71.32843	0.4706176	1.850604	1.511692
17142	-2369.284	-2440.078	70.79411	0.8239866	1.891146	1.511692
17148	-2373.208	-2444.179	70.97126	0.6838487	1.869311	1.524916
17154	-2367.413	-2438.435	71.02126	0.6838487	1.808779	1.532738
17160	-2377.438	-2447.421	69.98242	0.9403238	1.612551	2.174746
17166	-2375.266	-2444.166	68.89996	0.8568835	1.429379	3.016336
17172	-2380.712	-2451.815	71.10273	0.8985696	1.986598	1.116396
17178	-2370.328	-2441.422	71.09465	0.7204827	1.797476	1.450251
17184	-2362.679	-2433.513	70.83386	0.5822934	1.774238	1.793355
17190	-2367.25	-2437.993	70.74263	0.8044255	1.7423	1.674344
17196	-2372.319	-2442.852	70.53375	0.8651871	1.740351	1.773871
17202	-2368.869	-2439.722	70.85288	0.6368153	1.704852	1.773871
17208	-2372.165	-2441.982	69.81705	0.8113315	1.794161	2.256315
17214	-2379.121	-2449.263	70.14172	0.8126727	1.694381	2.109432
17220	-2375.877	-2445.542	69.66416	0.7932538	1.478691	2.565315
17226	-2376.87	-2446.504	69.63422	0.7085735	1.613395	2.565315
17232	-2370.288	-2441.224	70.93566	0.8839138	1.694447	1.502507
17238	-2369.436	-2440.407	70.97149	0.7253436	1.845349	1.502507
17244	-2371.301	-2442.835	71.53475	0.54456	1.826991	1.274427
17250	-2365.701	-2437.158	71.45749	0.54456	1.7678	1.383832
17256	-2371.898	-2442.589	70.69035	0.54456	1.508589	2.107279
17262	-2373.132	-2443.52	70.38834	0.7065825	1.608815	2.08917
17268	-2371.016	-2441.391	70.37532	0.7065825	1.621834	2.08917
17274	-2366.805	-2436.947	70.14222	0.5590628	1.707143	2.318676
17280	-2361.89	-2431.833	69.94322	0.834953	1.543231	2.318676
17286	-2371.06	-2441.064	70.00362	0.4801263	1.517981	2.604222
17292	-2371.923	-2442.389	70.46586	0.7673254	1.780178	1.871689
17298	-2371.083	-2442.028	70.9452	0.6165356	1.481656	1.883615
17304	-2365.51	-2436.502	70.99206	0.5100233	1.531343	1.928137
17310	-2362.157	-2433.175	71.01849	0.5751345	1.501782	1.861164
17316	-2365.89	-2436.77	70.87986	0.6993444	1.729783	1.678055
17322	-2378.322	-2449.774	71.45176	0.6107846	1.606267	1.43673
17328	-2368.285	-2439.278	70.99252	0.7320939	1.689583	1.595699
17334	-2367.556	-2438.176	70.61921	0.5675627	1.658363	2.03216
17340	-2371.526	-2441.285	69.75848	0.6041253	1.673211	2.539497
17346	-2374.893	-2444.685	69.79223	0.6901274	1.520923	2.539497
17352	-2373.916	-2444.004	70.08847	0.8303814	1.876104	2.011067
17358	-2383.007	-2454.034	71.02768	0.653592	1.70784	1.631597
17364	-2366.075	-2436.778	70.70272	0.7489816	1.908739	1.631597
17370	-2368.035	-2438.994	70.95842	0.7661096	1.817684	1.495056
17376	-2359.324	-2429.782	70.45753	0.7362052	1.736561	1.932998
17382	-2364.291	-2434.572	70.28105	0.7516307	1.839347	1.969629
17388	-2375.332	-2445.812	70.48027	0.8015749	2.155634	1.567599
17394	-2358.908	-2428.896	69.98771	0.7922236	1.670568	2.240529
17400	-2354.734	-2425.292	70.55779	0.7094575	1.758421	1.87324
17406	-2362.795	-2433.382	70.58781	0.5598926	1.543295	2.136183
17412	-2362.854	-2432.819	69.96467	0.6773278	1.636272	2.369411
17418	-2368.776	-2439.059	70.28342	0.6314978	1.590957	2.234747
17424	-2375.261	-2445.354	70.09294	0.8042845	1.459463	2.299278
17430	-2367.685	-2437.631	69.94585	0.7923742	1.620631	2.299278
17436	-2363.552	-2434.031	70.47899	0.6446135	1.411221	2.212761
17442	-2362.731	-2432.53	69.79902	0.8472727	1.611005	2.358366
17448	-2367.293	-2436.545	69.25282	0.7351056	1.553019	2.815924
17454	-2369.945	-2439.843	69.89832	0.6963702	1.633979	2.396949
17460	-2368.999	-2439.219	70.22035	0.8263368	1.639436	2.083476
17466	-2364.746	-2434.11	69.36329	0.7743837	1.646971	2.661279
17472	-2359.107	-2428.549	69.44279	0.8346838	1.49657	2.661279
17478	-2366.561	-2436.029	69.4674	0.7152323	1.456912	2.759099
17484	-2375.015	-2444.633	69.61741	0.5968575	1.53509	2.718414
17490	-2372.436	-2442.931	70.49502	0.5497722	1.672081	2.122829
17496	-2370.723	-2441.25	70.52683	0.8862975	1.724784	1.7733
17502	-2368.326	-2438.917	70.59085	0.8862975	1.668615	1.767834
17508	-2368.017	-2438.193	70.17546	0.6899469	1.600281	2.247171
17514	-2379.267	-2449.63	70.36301	0.8806091	1.626188	1.956884
17520	-2371.279	-2441.032	69.75324	0.7121686	1.612234	2.488961
17526	-2370.679	-2439.945	69.26599	0.8588258	1.593005	2.693887
17532	-2373.688	-2443.091	69.40295	0.8531353	1.462437	2.693887
17538	-2370.306	-2439.378	69.072	0.777931	1.462437	2.94825
17544	-2375.795	-2443.003	67.20818	0.857643	1.241035	4.11075
17550	-2378.294	-2446.948	68.65411	0.6971377	1.426902	3.278717
17556	-2381.423	-2451.213	69.78996	0.7474976	1.366333	2.591422
17562	-2375.518	-2445.001	69.48235	0.6764606	1.589363	2.699885
17568	-2378.753	-2448.482	69.72884	0.811883	1.455987	2.52555
17574	-2361.505	-2428.995	67.49024	0.637543	1.353946	4.041914
17580	-2363.369	-2432.322	68.9526	0.880099	1.457611	2.952268
17586	-2365.036	-2434.012	68.97567	0.7384506	1.419512	3.060861
17592	-2374.089	-2443.701	69.61266	0.656606	1.553883	2.658043
17598	-2372.79	-2442.68	69.88998	0.8183486	1.553883	2.357928
17604	-2371.473	-2441.929	70.45583	0.7811102	1.728351	1.902424
17610	-2364.565	-2436.163	71.5982	0.6449771	1.979736	0.9412587
17616	-2360.233	-2431.677	71.44424	0.7431623	1.984602	0.9627684
17622	-2368.995	-2440.154	71.15897	0.7512699	1.826385	1.347623
17628	-2359.868	-2430.95	71.08206	0.7470127	1.908567	1.347623
17634	-2361.541	-2432.969	71.42762	0.7366231	2.140734	0.8118519
17640	-2359.45	-2430.939	71.48953	0.726913	2.091056	0.8118519
17646	-2369.443	-2441.027	71.58417	0.6660196	2.115586	0.7572003
17652	-2377.132	-2448.297	71.16529	0.7806659	2.219465	0.9608944
17658	-2376.046	-2447.253	71.20749	0.8011976	2.055576	1.057349
17664	-2369.975	-2441.223	71.24774	0.7284635	1.900491	1.238028
17670	-2364.164	-2435.051	70.8868	0.6182472	1.596615	1.843297
17676	-2368.753	-2440.065	71.31239	0.6182472	1.74135	1.431836
17682	-2366.937	-2437.381	70.44379	0.6726194	1.667216	2.043547
17688	-2376.276	-2446.804	70.52766	0.5590711	1.745639	2.043547
17694	-2373.941	-2444.277	70.33557	0.7928238	1.623933	2.043547
17700	-2376.734	-2447.526	70.7918	0.836986	1.610149	1.706482
17706	-2365.708	-2436.322	70.61417	0.7559629	1.88377	1.706482
17712	-2367.604	-2437.334	69.72976	0.7253869	1.784957	2.384458
17718	-2372.838	-2443.207	70.36877	0.7519192	1.642143	2.042316
17724	-2376.447	-2445.428	68.98102	0.7519192	1.555769	2.965929
17730	-2371.203	-2439.25	68.0465	0.6966841	1.240378	3.74219
17736	-2367.957	-2436.631	68.6743	0.8402184	1.436621	3.15789
17742	-2373.949	-2442.116	68.16695	0.8500004	1.44582	3.444919
17748	-2371.718	-2442.09	70.37185	0.8113135	1.688846	1.961599
17754	-2365.831	-2436.152	70.32093	0.8918988	1.660592	1.953746
17760	-2367.449	-2437.976	70.52744	0.5428412	1.49762	2.222081
17766	-2371.328	-2440.694	69.36624	0.6645204	1.452836	2.863668
17772	-2366.301	-2436.474	70.17324	0.6790368	1.529388	2.303274
17778	-2366.128	-2436.408	70.28038	0.5677333	1.56865	2.310479
17784	-2368.941	-2439.363	70.42179	0.7295096	1.444725	2.155469
17790	-2373.153	-2443.116	69.96301	0.7498455	1.506098	2.393925
17796	-2356.685	-2426.536	69.85091	0.6197352	1.614745	2.504359
17802	-2368.129	-2437.41	69.2815	1.022562	1.578346	2.58748
17808	-2361.331	-2429.858	68.52661	0.6510747	1.489028	3.353484
17814	-2362.073	-2431.205	69.13188	0.8364016	1.419417	2.896713
17820	-2365.204	-2434.653	69.4491	0.6049371	1.398595	2.896713
17826	-2368.838	-2438.032	69.19391	0.6501848	1.39408	3.014664
17832	-2368.986	-2437.533	68.54684	0.7609154	1.549762	3.221879
17838	-2366.823	-2435.543	68.7205	0.7641677	1.387369	3.212856
17844	-2371.636	-2440.951	69.31504	0.9118283	1.437881	2.723333
17850	-2372.752	-2442.333	69.58089	0.7371174	1.517365	2.635309
17856	-2362.672	-2431.733	69.06115	0.542237	1.369675	3.202395
17862	-2370.888	-2439.844	68.95533	0.7010474	1.369932	3.130996
17868	-2366.129	-2436.717	70.58828	0.5827576	1.448994	2.174861
17874	-2373.212	-2443.42	70.20827	0.5835657	1.557692	2.348272
17880	-2370.717	-2441.463	70.74553	0.4963044	1.737876	1.970226
17886	-2372.113	-2443.479	71.36642	0.4581086	1.735572	1.584677
17892	-2374.408	-2445.853	71.44532	0.702941	1.929764	1.066261
17898	-2371.884	-2442.635	70.75089	0.8507609	1.782634	1.60097
17904	-2372.92	-2443.425	70.50457	1.119554	1.954712	1.453242
17910	-2371.064	-2442.151	71.08715	0.9201054	2.017629	1.081005
17916	-2368.259	-2439.753	71.49399	0.6825284	1.966234	1.009936
17922	-2375.193	-2446.583	71.39058	0.594299	2.04887	1.144092
17928	-2377.652	-2448.835	71.18275	0.8064482	1.878286	1.231521
17934	-2367.59	-2437.811	70.22051	0.5356823	1.608843	2.354486
17940	-2362.522	-2432.712	70.19007	0.6568778	1.46195	2.354486
17946	-2369.778	-2439.972	70.19393	0.8539925	1.557741	2.133697
17952	-2370.474	-2440.313	69.83936	0.7498985	1.480311	2.487852
17958	-2366.862	-2436.974	70.11179	0.7498985	1.69166	2.179893
17964	-2369.503	-2439.848	70.34474	0.7073038	1.654733	2.087038
17970	-2371.434	-2442.276	70.84257	0.7323745	1.63438	1.741941
17976	-2380.225	-2450.582	70.35764	0.6010447	1.703857	2.141627
17982	-2386.137	-2456.928	70.79111	0.5786802	1.935432	1.714273
17988	-2365.542	-2436.196	70.65422	0.6567469	1.635137	1.938774
17994	-2364.999	-2435.752	70.75308	0.6367319	1.563859	1.938774
18000	-2363.751	-2433.563	69.81167	0.5506941	1.515812	2.653486
18006	-2551.368	-2621.392	70.02357	1.855256	1.511391	1.725702
18012	-2364.401	-2434.649	70.24786	0.5843243	1.55549	2.323773
18018	-2365.699	-2436.204	70.5052	0.5843243	1.615814	2.118764
18024	-2367.528	-2438.124	70.59561	0.6479188	1.509891	2.06933
18030	-2361.764	-2432.455	70.69192	0.5882155	1.640121	1.975324
18036	-2364.968	-2434.671	69.70337	0.7230708	1.530171	2.562528
18042	-2367.544	-2438.331	70.78675	0.5451103	1.487715	2.057016
18048	-2370.961	-2441.983	71.02172	0.6402396	1.784305	1.593838
18054	-2380.017	-2450.52	70.50281	0.7213631	1.682629	1.951455
18060	-2383.276	-2453.603	70.32749	0.7408753	1.51847	2.159558
18066	-2375.652	-2445.172	69.51968	0.7408753	1.378368	2.755333
18072	-2373.694	-2441.853	68.15904	0.7156784	1.460355	3.535205
18078	-2370.658	-2439.009	68.35096	0.7481002	1.171967	3.567568
18084	-2364.419	-2433	68.5803	0.6483266	1.27199	3.45144
18090	-2368.789	-2438.881	70.09205	0.680108	1.619972	2.296365
18096	-2366.26	-2435.841	69.5807	0.680108	1.392476	2.757236
